{
  "read_keys": [
    [
      "HKEY_CURRENT_USER\\Software\\Microsoft\\Windows\\CurrentVersion\\Explorer\\Advanced\\ShowTypeOverlay",
      4
    ],
    [
      "HKEY_LOCAL_MACHINE\\SOFTWARE\\Microsoft\\Windows NT\\CurrentVersion\\LanguagePack\\SurrogateFallback\\Plane16",
      4
    ],
    [
      "HKEY_LOCAL_MACHINE\\SOFTWARE\\Classes\\CLSID\\{20D04FE0-3AEA-1069-A2D8-08002B30309D}\\System.HideOnDesktop",
      4
    ],
    [
      "HKEY_LOCAL_MACHINE\\SOFTWARE\\Microsoft\\Windows NT\\CurrentVersion\\LanguagePack\\SurrogateFallback\\Plane13",
      4
    ],
    [
      "HKEY_CURRENT_USER\\Software\\Microsoft\\Windows\\CurrentVersion\\Explorer\\MountPoints2\\CPC\\Volume\\{5f0c3476-f160-11ea-9f0e-806e6f6e6963}\\Generation",
      4
    ],
    [
      "HKEY_LOCAL_MACHINE\\SOFTWARE\\Wow6432Node\\Microsoft\\Command Processor\\DelayedExpansion",
      3
    ],
    [
      "HKEY_CURRENT_USER\\Software\\Microsoft\\Windows\\CurrentVersion\\Action Center\\Checks\\{852FB1F8-5CC6-4567-9C0E-7C330F8807C2}.check.100\\CheckSetting",
      3
    ],
    [
      "DisableUserModeCallbackFilter",
      3
    ],
    [
      "HKEY_LOCAL_MACHINE\\SOFTWARE\\Classes\\Wow6432Node\\CLSID\\{20D04FE0-3AEA-1069-A2D8-08002B30309D}\\ShellFolder\\HasNavigationEnum",
      3
    ],
    [
      "HKEY_CURRENT_USER\\Software\\Classes\\Local Settings\\MuiCache\\5\\52C64B7E\\@C:\\Windows\\system32\\netshell.dll,-1200",
      3
    ]
  ],
  "resolved_apis": [
    [
      "kernel32.dll.InitializeCriticalSectionAndSpinCount",
      3
    ],
    [
      "winspool.drv.DeletePrinterDriverExW",
      2
    ],
    [
      "winspool.drv.SpoolerPrinterEvent",
      2
    ],
    [
      "sxs.dll.SxsOleAut32MapConfiguredClsidToReferenceClsid",
      2
    ],
    [
      "advapi32.dll.LookupAccountSidW",
      2
    ],
    [
      "kernel32.dll.IsDebuggerPresent",
      2
    ],
    [
      "kernel32.dll.FlsSetValue",
      2
    ],
    [
      "kernel32.dll.IsProcessorFeaturePresent",
      2
    ],
    [
      "dui70.dll.?Create@DUIXmlParser@DirectUI@@SAJPEAPEAV12@P6APEAVValue@2@PEBGPEAX@Z2P6AX11H2@Z2@Z",
      2
    ],
    [
      "advapi32.dll.CryptAcquireContextA",
      2
    ]
  ],
  "delete_files": [
    [
      "C:\\Windows\\sysnative\\spool\\drivers\\x64\\3\\mxdwdui.BUD",
      2
    ],
    [
      "C:\\Users\\comp\\AppData\\Local\\Temp\\JNEwqQ.exe",
      2
    ],
    [
      "C:\\Users\\comp\\AppData\\Local\\Temp\\ef41c26328181e0f1723.exe",
      2
    ],
    [
      "C:\\Users\\comp\\AppData\\Roaming\\BF783B\\BCDB0B.lck",
      2
    ],
    [
      "C:\\Users\\comp\\AppData\\Local\\Chrome\\StikyNot.exe",
      2
    ],
    [
      "C:\\Users\\comp\\AppData\\Roaming\\60B249AD-226D-4B72-91E9-758951B2FB48\\DSL Service\\dslsvc.exe",
      2
    ],
    [
      "C:\\Users\\comp\\AppData\\Local\\Chrome\\SyncHost.exe",
      2
    ],
    [
      "C:\\Users\\comp\\AppData\\Roaming\\images.exe:Zone.Identifier",
      2
    ],
    [
      "C:\\Users\\comp\\AppData\\Local\\irclass\\d3d10_1core.exe:Zone.Identifier",
      2
    ],
    [
      "C:\\Documents and Settings\\Mini\\LOCALS~1\\Temp\\Temporary Directory 1 for 2013111512381802850.zip\\2013111812398784524.exe",
      2
    ]
  ],
  "executed_commands": [
    [
      "\"C:\\Windows\\system32\\schtasks.exe\" /create /tn {9E554C6E-7D11-4FC0-AFA1-FF49DBC84412} /tr \"\\\"C:\\Users\\comp\\AppData\\Roaming\\Microsoft\\Tiafuzdii\\ikkzowxr.exe\\\"\" /sc HOURLY /mo 5 /F",
      6
    ],
    [
      "\"C:\\\\\\\\Windows\\\\\\\\Microsoft.NET\\\\\\\\Framework\\\\\\\\v2.0.50727\\\\\\\\MSBuild.exe\"",
      4
    ],
    [
      "\"C:\\Windows\\System32\\wusa.exe\"",
      3
    ],
    [
      "\"C:\\Users\\comp\\AppData\\Roaming\\Microsoft\\Tiafuzdii\\ikkzowxr.exe\" /W",
      3
    ],
    [
      "\"C:\\Windows\\SysWOW64\\diskperf.exe\"",
      3
    ],
    [
      "c:\\windows\\system\\explorer.exe",
      3
    ],
    [
      "C:\\Users\\comp\\AppData\\Roaming\\Microsoft\\Tiafuzdii\\ikkzowxr.exe",
      3
    ],
    [
      "C:\\Users\\comp\\AppData\\Roaming\\Microsoft\\Tiafuzdii\\ikkzowxr.exe /C",
      3
    ],
    [
      "\"C:\\Windows\\system32\\notepad.exe\"",
      3
    ],
    [
      "\"C:\\Users\\comp\\AppData\\Local\\lpk\\SearchFilterHost.exe\"",
      2
    ]
  ],
  "read_files": [
    [
      "C:\\Windows\\SysWOW64\\en-US\\PING.EXE.mui",
      3
    ],
    [
      "C:\\Windows\\Microsoft.NET\\Framework\\v2.0.50727\\mscorrc.dll",
      3
    ],
    [
      "\\Device\\KsecDD",
      3
    ],
    [
      "C:\\Windows\\Microsoft.NET\\Framework\\v2.0.50727\\mscorwks.dll",
      3
    ],
    [
      "C:\\Windows\\Microsoft.NET\\Framework\\v2.0.50727\\CONFIG\\enterprisesec.config",
      3
    ],
    [
      "C:\\Windows\\Fonts\\staticcache.dat",
      3
    ],
    [
      "C:\\Users\\comp\\AppData\\Roaming\\Microsoft\\Network\\Connections\\Pbk\\_hiddenPbk\\rasphone.pbk",
      3
    ],
    [
      "C:\\Windows\\assembly\\NativeImages_v2.0.50727_32\\System.Configuration\\612d5cf16a6bb439a07aebb38a1a5311\\System.Configuration.ni.dll",
      2
    ],
    [
      "\\DEVICE\\NETBT_TCPIP_{3DF8548A-CA81-417C-AD72-445187C06A79}",
      2
    ],
    [
      "\\DEVICE\\NETBT_TCPIP_{846EE342-7039-11DE-9D20-806E6F6E6963}",
      2
    ]
  ],
  "mutexes": [
    [
      "IESQMMUTEX_0_208",
      6
    ],
    [
      "Global\\.net clr networking",
      5
    ],
    [
      "Global\\{E6C47FBA-9E19-4A7E-8C8C-D0F29534EA2B}",
      4
    ],
    [
      "Global\\{E5356632-2BBA-4C08-9A7F-B995913B15BB}",
      4
    ],
    [
      "Global\\CLR_CASOFF_MUTEX",
      4
    ],
    [
      "StikyNot_yakuza",
      3
    ],
    [
      "Global\\{A42BA924-B417-4B83-AD34-6F16594B05DA}",
      3
    ],
    [
      "CicLoadWinStaWinSta0",
      3
    ],
    [
      "qazwsxedc",
      2
    ],
    [
      "btirweunhdtr-comp",
      2
    ]
  ],
  "write_files": [
    [
      "\\Device\\LanmanDatagramReceiver",
      4
    ],
    [
      "C:\\Users\\comp\\AppData\\Roaming\\Microsoft\\Windows\\Start Menu\\Programs\\Startup\\x.vbs",
      3
    ],
    [
      "\\Device\\KsecDD",
      3
    ],
    [
      "C:\\Users\\comp\\AppData\\Roaming\\60B249AD-226D-4B72-91E9-758951B2FB48\\run.dat",
      3
    ],
    [
      "C:\\Users\\comp\\AppData\\Roaming\\BF783B\\BCDB0B.lck",
      3
    ],
    [
      "C:\\Users\\comp\\AppData\\Local\\Chrome\\StikyNot.exe",
      3
    ],
    [
      "C:\\Users\\comp\\AppData\\Roaming\\60B249AD-226D-4B72-91E9-758951B2FB48\\DSL Service\\dslsvc.exe",
      3
    ],
    [
      "C:\\Users\\comp\\AppData\\Local\\Chrome\\C:\\Users\\comp\\AppData\\Local\\Chrome\\StikyNot.exe",
      3
    ],
    [
      "C:\\Users\\comp\\AppData\\Local\\p2pnetsh\\XpsFilt.exe",
      3
    ],
    [
      "\\Device\\Http\\Communication",
      3
    ]
  ],
  "write_keys": [
    [
      "HKEY_CURRENT_USER\\Software\\Microsoft\\Windows\\CurrentVersion\\Action Center\\Checks\\{C8E6F269-B90A-4053-A3BE-499AFCEC98C4}.check.0\\CheckSetting",
      3
    ],
    [
      "HKEY_CURRENT_USER\\Software\\Microsoft\\Windows\\CurrentVersion\\Action Center\\Checks\\{852FB1F8-5CC6-4567-9C0E-7C330F8807C2}.check.100\\CheckSetting",
      3
    ],
    [
      "HKEY_CURRENT_USER\\Software\\Microsoft\\Windows\\CurrentVersion\\Explorer\\SessionInfo\\1\\WHCIconStartup",
      3
    ],
    [
      "HKEY_CURRENT_USER\\Software\\Microsoft\\Windows\\CurrentVersion\\Internet Settings\\Wpad\\WpadLastNetwork",
      2
    ],
    [
      "HKEY_CURRENT_USER\\Software\\Microsoft\\Windows\\CurrentVersion\\Internet Settings\\Connections\\DefaultConnectionSettings",
      2
    ],
    [
      "HKEY_CURRENT_USER\\Software\\Microsoft\\Windows\\CurrentVersion\\Internet Settings\\Wpad\\{1BD56EEB-5FA0-48A2-B28D-F06E6A8E236B}\\WpadDecisionReason",
      2
    ],
    [
      "HKEY_CURRENT_USER\\Software\\Microsoft\\Windows\\CurrentVersion\\Action Center\\Checks\\{E8433B72-5842-4d43-8645-BC2C35960837}.check.103\\CheckSetting",
      2
    ],
    [
      "HKEY_CURRENT_USER\\Software\\Microsoft\\Windows\\CurrentVersion\\Run\\Microsoft OneDrive",
      2
    ],
    [
      "HKEY_CURRENT_USER\\Software\\Microsoft\\Windows\\CurrentVersion\\Action Center\\Checks\\{E8433B72-5842-4d43-8645-BC2C35960837}.check.102\\CheckSetting",
      2
    ],
    [
      "HKEY_CURRENT_USER\\Software\\Microsoft\\Windows\\CurrentVersion\\Internet Settings\\Wpad\\{1BD56EEB-5FA0-48A2-B28D-F06E6A8E236B}\\WpadDecision",
      2
    ]
  ],
  "keys": [
    [
      "HKEY_CURRENT_USER\\Software\\Microsoft\\Windows\\CurrentVersion\\Action Center\\Checks\\{852FB1F8-5CC6-4567-9C0E-7C330F8807C2}.check.100\\CheckSetting",
      3
    ],
    [
      "HKEY_CURRENT_USER\\Software\\Microsoft\\Windows\\CurrentVersion\\Action Center\\Providers\\EventLog\\{A5268B8E-7DB5-465b-BAB7-BDCDA39A394A}",
      3
    ],
    [
      "HKEY_LOCAL_MACHINE\\SOFTWARE\\Microsoft\\Windows NT\\CurrentVersion\\LanguagePack\\SurrogateFallback\\Plane9",
      2
    ],
    [
      "HKEY_CURRENT_USER\\Software\\Microsoft\\Windows\\Shell\\Associations\\UrlAssociations\\Directory",
      2
    ],
    [
      "HKEY_LOCAL_MACHINE\\System\\CurrentControlSet\\Control\\Nls\\Language Groups",
      2
    ],
    [
      "HKEY_LOCAL_MACHINE\\SOFTWARE\\Classes\\Folder\\DocObject",
      2
    ],
    [
      "DisableUserModeCallbackFilter",
      2
    ],
    [
      "HKEY_LOCAL_MACHINE\\SOFTWARE\\Microsoft\\Windows NT\\CurrentVersion\\LanguagePack\\DataStore_V1.0",
      2
    ],
    [
      "HKEY_LOCAL_MACHINE\\SOFTWARE\\Policies\\Microsoft\\Windows\\Windows Error Reporting\\Disabled",
      2
    ],
    [
      "HKEY_LOCAL_MACHINE\\SOFTWARE\\Microsoft\\Windows NT\\CurrentVersion\\Image File Execution Options\\DllNXOptions\\UseFilter",
      2
    ]
  ],
  "files": [
    [
      "C:\\Users\\comp\\AppData\\Local\\Microsoft\\Windows\\Caches\\{AFBF9F1A-8EE8-4C77-AF34-C647E37CA0D9}.1.ver0x0000000000000003.db",
      3
    ],
    [
      "C:\\Windows\\assembly\\GAC_MSIL\\System.Configuration\\2.0.0.0__b03f5f7f11d50a3a\\System.Configuration.INI",
      2
    ],
    [
      "C:\\Users",
      2
    ],
    [
      "C:\\Windows\\assembly\\NativeImages_v2.0.50727_32\\System.Configuration\\612d5cf16a6bb439a07aebb38a1a5311\\System.Configuration.ni.dll",
      2
    ],
    [
      "C:\\Windows\\assembly\\GAC_32\\mscorlib\\2.0.0.0__b77a5c561934e089\\mscorlib.INI",
      2
    ],
    [
      "C:\\Windows\\System32\\UxTheme.dll.Config",
      2
    ],
    [
      "C:\\Windows\\assembly\\NativeImages_v2.0.50727_32\\System.Drawing\\f85964cc53acab6fa148b7c9b05e07f7\\System.Drawing.ni.dll",
      2
    ],
    [
      "C:\\Users\\comp\\AppData\\Roaming\\60B249AD-226D-4B72-91E9-758951B2FB48\\catalog.dat",
      2
    ],
    [
      "C:\\Windows\\Microsoft.NET\\Framework\\v2.0.50727\\en-US\\mscorrc.dll",
      2
    ],
    [
      "C:\\Users\\comp\\AppData\\Roaming\\Microsoft\\CLR Security Config\\v2.0.50727.312\\security.config.cch",
      2
    ]
  ],
  "started_services": [
    [
      "EFS",
      3
    ],
    [
      "VaultSvc",
      2
    ]
  ],
  "delete_keys": [
    [
      "HKEY_CURRENT_USER\\Software\\Microsoft\\Windows\\CurrentVersion\\Internet Settings\\ZoneMap\\ProxyBypass",
      1
    ],
    [
      "HKEY_CURRENT_USER\\Software\\Microsoft\\DeviceControl\\DevData1",
      1
    ]
  ]
}