{
  "executed_commands": [
    [
      "C:\\Users\\comp\\AppData\\Roaming\\Microsoft\\Tiafuzdii\\ikkzowxr.exe",
      6
    ],
    [
      "\"C:\\Windows\\system32\\schtasks.exe\" /create /tn {9E554C6E-7D11-4FC0-AFA1-FF49DBC84412} /tr \"\\\"C:\\Users\\comp\\AppData\\Roaming\\Microsoft\\Tiafuzdii\\ikkzowxr.exe\\\"\" /sc HOURLY /mo 5 /F",
      5
    ],
    [
      "C:\\Users\\comp\\AppData\\Roaming\\Microsoft\\Tiafuzdii\\ikkzowxr.exe /C",
      4
    ],
    [
      "C:\\Users\\comp\\AppData\\Local\\Chrome\\StikyNot.exe",
      3
    ],
    [
      "\"C:\\Windows\\SysWOW64\\diskperf.exe\"",
      2
    ],
    [
      "\"C:\\Windows\\System32\\schtasks.exe\" /Create /TN \"Updates\\AvqOUjZwpiXQ\" /XML \"C:\\Users\\comp\\AppData\\Local\\Temp\\tmp8EA3.tmp\"",
      1
    ],
    [
      "\"C:\\Windows\\System32\\schtasks.exe\" /Create /TN \"Updates\\rHwNrIfXERo\" /XML \"C:\\Users\\comp\\AppData\\Local\\Temp\\tmp95B8.tmp\"",
      1
    ],
    [
      "\"C:\\Windows\\System32\\schtasks.exe\" /Create /TN \"Updates\\InNHNJvJUCH\" /XML \"C:\\Users\\comp\\AppData\\Local\\Temp\\tmp8378.tmp\"",
      1
    ],
    [
      "c:\\windows\\system\\explorer.exe",
      1
    ],
    [
      "\"C:\\Windows\\System32\\schtasks.exe\" /Create /TN \"Updates\\oSyQOVtiqYEgy\" /XML \"C:\\Users\\comp\\AppData\\Local\\Temp\\tmpB575.tmp\"",
      1
    ],
    [
      "\"C:\\Users\\comp\\AppData\\Local\\KBDLT1\\api-ms-win-core-interlocked-l1-1-0.exe\"",
      1
    ],
    [
      "\"C:\\\\\\\\Windows\\\\\\\\Microsoft.NET\\\\\\\\Framework\\\\\\\\v2.0.50727\\\\\\\\MSBuild.exe\"",
      1
    ],
    [
      "\"C:\\Users\\comp\\AppData\\Local\\api-ms-win-core-synch-l1-2-0\\usbperf.exe\"",
      1
    ],
    [
      "\"C:\\Users\\comp\\AppData\\Local\\wmdrmsdk\\ndishc.exe\"",
      1
    ],
    [
      "\"C:\\Users\\comp\\AppData\\Local\\InfDefaultInstall\\C_G18030.exe\"",
      1
    ],
    [
      "\"C:\\Windows\\System32\\schtasks.exe\" /Create /TN \"Updates\\DhDuakEVJzP\" /XML \"C:\\Users\\comp\\AppData\\Local\\Temp\\tmpD7A3.tmp\"",
      1
    ],
    [
      "\"C:\\Users\\comp\\AppData\\Local\\dhcpcmonitor\\kbdgeoer.exe\"",
      1
    ],
    [
      "C:\\Users\\comp\\AppData\\Local\\Temp\\246cba4ad53ebe38d23e.exe /C",
      1
    ],
    [
      "\"C:\\Windows\\System32\\schtasks.exe\" /Create /TN \"Updates\\OSosKfLALDaxiH\" /XML \"C:\\Users\\comp\\AppData\\Local\\Temp\\tmp6D50.tmp\"",
      1
    ],
    [
      "\"C:\\Users\\comp\\AppData\\Local\\ntvdm64\\gcdef.exe\"",
      1
    ],
    [
      "\"C:\\Windows\\System32\\schtasks.exe\" /Create /TN \"Updates\\DCTsvlaPRRQ\" /XML \"C:\\Users\\comp\\AppData\\Local\\Temp\\tmpA604.tmp\"",
      1
    ],
    [
      "\"C:\\Users\\comp\\AppData\\Local\\KBDFC\\regsvr32.exe\"",
      1
    ],
    [
      "C:\\Windows\\system32\\schtasks.exe SCHTASKS  /Create /SC HOURLY /MO 1 /TN a174c1ef10e2077451f5b6dda83242a1 /TR c:\\programdata\\1321ba6d1f\\bdif.exe",
      1
    ],
    [
      "\"C:\\Windows\\System32\\cmd.exe\" /C timeout /t 60 && SCHTASKS /Create /SC MINUTE /MO 1 /TN \"Service for windows Network Helper updates\" /TR C:\\ProgramData\\NetHelper\\Cache\\jnXchllfqrujonBblnub\\nethelper.exe /F",
      1
    ],
    [
      "\"C:\\Users\\comp\\AppData\\Local\\winsta\\SystemPropertiesRemote.exe\"",
      1
    ],
    [
      "schtasks.exe /Create /TN \"Updates\\JOmRZHpjh\" /XML \"C:\\Users\\comp\\AppData\\Local\\Temp\\tmpC1C9.tmp\"",
      1
    ],
    [
      "msiexec.exe",
      1
    ],
    [
      "\"C:\\Users\\comp\\AppData\\Local\\neth\\sti.exe\"",
      1
    ],
    [
      "\"C:\\Users\\comp\\AppData\\Local\\fltLib\\FirewallAPI.exe\"",
      1
    ],
    [
      "\"C:\\Windows\\System32\\schtasks.exe\" /Create /TN \"Updates\\TCATfFx\" /XML \"C:\\Users\\comp\\AppData\\Local\\Temp\\tmp948F.tmp\"",
      1
    ],
    [
      "C:\\Users\\comp\\AppData\\Roaming\\remcos\\remcos.exe",
      1
    ],
    [
      "\"C:\\Users\\comp\\AppData\\Local\\loghours\\sdohlp.exe\"",
      1
    ],
    [
      "\"C:\\Windows\\System32\\schtasks.exe\" /Create /TN \"Updates\\QphdVKOLwmtW\" /XML \"C:\\Users\\comp\\AppData\\Local\\Temp\\tmpB527.tmp\"",
      1
    ],
    [
      "C:\\Users\\comp\\AppData\\Roaming\\Client.exe ",
      1
    ],
    [
      "\"C:\\Users\\comp\\AppData\\Local\\comcat\\ntoskrnl.exe\"",
      1
    ],
    [
      "netsh firewall add allowedprogram \"C:\\Users\\comp\\AppData\\Local\\Temp\\google Chrome.exe\" \"google Chrome.exe\" ENABLE",
      1
    ],
    [
      "\"C:\\Users\\comp\\AppData\\Local\\efscore\\pnpsetup.exe\"",
      1
    ],
    [
      "\"C:\\Users\\comp\\AppData\\Local\\Temp\\ed0854c940f926f1e0ff.exe\"",
      1
    ],
    [
      "\"C:\\Users\\comp\\AppData\\Local\\DisplaySwitch\\dxdiagn.exe\"",
      1
    ],
    [
      "\"C:\\Windows\\System32\\schtasks.exe\" /Create /TN \"Updates\\sFYajHxfXj\" /XML \"C:\\Users\\comp\\AppData\\Local\\Temp\\tmpB555.tmp\"",
      1
    ]
  ],
  "files": [
    [
      "C:\\Windows\\SysWOW64\\WerFault.exe",
      1
    ]
  ],
  "started_services": [
    [
      "EFS",
      1
    ]
  ],
  "read_files": [
    [
      "C:\\Windows\\SysWOW64\\WerFault.exe",
      13
    ],
    [
      "C:\\Users\\comp\\AppData\\Local\\Microsoft\\Windows\\Caches\\{AFBF9F1A-8EE8-4C77-AF34-C647E37CA0D9}.1.ver0x0000000000000003.db",
      5
    ],
    [
      "C:\\Users\\comp\\AppData\\Local\\Microsoft\\Windows\\Caches\\{AFBF9F1A-8EE8-4C77-AF34-C647E37CA0D9}.1.ver0x0000000000000005.db",
      3
    ],
    [
      "C:\\Windows\\System32\\netutils.dll",
      1
    ],
    [
      "C:\\Windows\\SysWOW64\\en-US\\PING.EXE.mui",
      1
    ],
    [
      "C:\\Windows\\system\\explorer.exe",
      1
    ]
  ],
  "write_keys": [
    [
      "HKEY_CURRENT_USER\\Software\\Microsoft\\Windows\\CurrentVersion\\Run\\Microsoft OneDrive",
      6
    ],
    [
      "HKEY_CURRENT_USER\\Software\\Microsoft\\Windows\\CurrentVersion\\Action Center\\Checks\\{E8433B72-5842-4d43-8645-BC2C35960837}.check.103\\CheckSetting",
      2
    ],
    [
      "HKEY_CURRENT_USER\\Software\\Microsoft\\Windows\\CurrentVersion\\Action Center\\Checks\\{852FB1F8-5CC6-4567-9C0E-7C330F8807C2}.check.100\\CheckSetting",
      2
    ],
    [
      "HKEY_LOCAL_MACHINE\\SOFTWARE\\Wow6432Node\\Microsoft\\Windows\\CurrentVersion\\Run\\6daadb18",
      1
    ],
    [
      "HKEY_CURRENT_USER\\Software\\Microsoft\\Windows\\CurrentVersion\\Run\\eystc",
      1
    ],
    [
      "HKEY_CURRENT_USER\\http://skullisland.tk/Pablo/fre.php",
      1
    ],
    [
      "HKEY_CURRENT_USER\\Software\\Microsoft\\Windows\\CurrentVersion\\Internet Settings\\MaxConnectionsPer1_0Server",
      1
    ],
    [
      "HKEY_CURRENT_USER\\https://storeafh.com/css/cc/Panel/fre.php\\BF783B",
      1
    ],
    [
      "HKEY_CURRENT_USER\\Software\\Microsoft\\Windows\\CurrentVersion\\Run\\Images",
      1
    ],
    [
      "HKEY_CURRENT_USER\\Software\\Microsoft\\Windows\\CurrentVersion\\Run\\DSL Service",
      1
    ],
    [
      "HKEY_CURRENT_USER\\Software\\Microsoft\\Windows\\CurrentVersion\\Run\\dhvev",
      1
    ],
    [
      "HKEY_CURRENT_USER\\Software\\4e949fee5aa2228d2cb60b9ace125c0d\\[kl]",
      1
    ]
  ],
  "write_files": [
    [
      "C:\\Users\\comp\\AppData\\Roaming\\Microsoft\\Tiafuzdii\\ikkzowxr.exe",
      13
    ],
    [
      "C:\\Users\\comp\\AppData\\Local\\Chrome\\C:\\Users\\comp\\AppData\\Local\\Chrome\\SyncHost.exe",
      6
    ],
    [
      "C:\\Users\\comp\\AppData\\Roaming\\Microsoft\\Tiafuzdii\\ikkzowxr.dat",
      5
    ],
    [
      "C:\\Users\\comp\\AppData\\Roaming\\Microsoft\\Windows\\Start Menu\\Programs\\Startup\\x.vbs",
      4
    ],
    [
      "C:\\Users\\comp\\AppData\\Roaming\\BF783B\\BCDB0B.exe",
      4
    ],
    [
      "C:\\Users\\comp\\AppData\\Local\\Chrome\\StikyNot.exe",
      3
    ],
    [
      "C:\\Users\\comp\\AppData\\Local\\Chrome\\C:\\Users\\comp\\AppData\\Local\\Chrome\\StikyNot.exe",
      3
    ],
    [
      "C:\\Users\\comp\\AppData\\Roaming\\ProPlayer\\Player.exe.exe",
      2
    ],
    [
      "C:\\Users\\comp\\AppData\\Roaming\\images.exe",
      2
    ],
    [
      "C:\\Users\\comp\\AppData\\Roaming\\Microsoft\\Windows\\Start Menu\\Programs\\Startup\\9fd0225185a115a1d61e.exe",
      1
    ],
    [
      "C:\\Users\\comp\\AppData\\Roaming\\AvqOUjZwpiXQ.exe",
      1
    ],
    [
      "C:\\Users\\comp\\AppData\\Roaming\\rHwNrIfXERo.exe",
      1
    ],
    [
      "C:\\Users\\comp\\AppData\\Roaming\\InNHNJvJUCH.exe",
      1
    ],
    [
      "C:\\Users\\comp\\AppData\\Roaming\\oSyQOVtiqYEgy.exe",
      1
    ],
    [
      "R:\\StikyNot.exe",
      1
    ],
    [
      "N:\\StikyNot.exe",
      1
    ],
    [
      "C:\\Users\\comp\\AppData\\Local\\NETSTAT\\poqexec.exe",
      1
    ],
    [
      "C:\\Users\\comp\\AppData\\Local\\Temp\\4d6dd8b52a16cdc3a6af.exe",
      1
    ],
    [
      "C:\\Users\\comp\\AppData\\Local\\inseng\\xmlprovi.exe",
      1
    ],
    [
      "C:\\Users\\comp\\AppData\\Roaming\\Microsoft\\Windows\\Start Menu\\Programs\\Startup\\bidispl.url",
      1
    ],
    [
      "C:\\Users\\comp\\AppData\\Local\\KBDFR\\rekeywiz.exe",
      1
    ],
    [
      "C:\\Users\\comp\\AppData\\Roaming\\intelx.exe",
      1
    ],
    [
      "C:\\Users\\comp\\AppData\\Local\\KBDSMSFI\\runonce.exe",
      1
    ],
    [
      "C:\\Users\\comp\\AppData\\Local\\regsvr32\\RstrtMgr.exe",
      1
    ],
    [
      "C:\\Users\\comp\\AppData\\Local\\wmdrmsdk\\ndishc.exe",
      1
    ],
    [
      "C:\\Users\\comp\\AppData\\Local\\SecEdit\\iscsicpl.exe",
      1
    ],
    [
      "C:\\Users\\comp\\AppData\\Roaming\\DhDuakEVJzP.exe",
      1
    ],
    [
      "C:\\Users\\comp\\AppData\\Local\\dhcpcmonitor\\kbdgeoer.exe",
      1
    ],
    [
      "C:\\Users\\comp\\AppData\\Roaming\\YYtJku\\YYtJku.exe",
      1
    ],
    [
      "C:\\ProgramData\\\\x41e\\x43f\\x440\\x430\\x44f\\x446\\x446.exe",
      1
    ],
    [
      "C:\\Users\\comp\\AppData\\Roaming\\Microsoft\\Windows\\Start Menu\\Programs\\Startup\\aca4614fc1fd7c56db4b8af87ee97981.exe",
      1
    ],
    [
      "C:\\Users\\comp\\AppData\\Roaming\\OSosKfLALDaxiH.exe",
      1
    ],
    [
      "C:\\Users\\comp\\AppData\\Local\\KBDMAC\\NlsLexicons0007.exe",
      1
    ],
    [
      "C:\\Users\\comp\\AppData\\Local\\KBDINORI\\NlsData0414.exe",
      1
    ],
    [
      "C:\\Users\\comp\\AppData\\Roaming\\DCTsvlaPRRQ.exe",
      1
    ],
    [
      "C:\\Users\\comp\\AppData\\Local\\KBDFC\\regsvr32.exe",
      1
    ],
    [
      "C:\\programdata\\1321ba6d1f\\bdif.exe:Zone.Identifier",
      1
    ],
    [
      "C:\\Users\\comp\\AppData\\Local\\pnpsetup\\rdpencom.exe",
      1
    ],
    [
      "C:\\ProgramData\\NetHelper\\Cache\\jnXchllfqrujonBblnub\\nethelper.exe",
      1
    ],
    [
      "C:\\Users\\comp\\AppData\\Local\\tcpmonui\\dwmapi.exe",
      1
    ],
    [
      "C:\\Users\\comp\\AppData\\Roaming\\JOmRZHpjh.exe",
      1
    ],
    [
      "C:\\Users\\comp\\AppData\\Roaming\\Boeli\\zyqek.dll",
      1
    ],
    [
      "C:\\Users\\comp\\AppData\\Local\\neth\\sti.exe",
      1
    ],
    [
      "C:\\Users\\comp\\AppData\\Local\\ktmutil\\scrptadm.exe",
      1
    ],
    [
      "C:\\Users\\comp\\AppData\\Roaming\\TCATfFx.exe",
      1
    ],
    [
      "C:\\Users\\comp\\AppData\\Local\\NlsLexicons0011\\SystemPropertiesRemote.exe",
      1
    ],
    [
      "C:\\Users\\comp\\AppData\\Roaming\\CapabilityAccessHandlers\\sfc.exe",
      1
    ],
    [
      "C:\\Users\\comp\\AppData\\Local\\Temp\\e53a46c787b12faee954.exe",
      1
    ],
    [
      "C:\\Users\\comp\\AppData\\Local\\loghours\\sdohlp.exe",
      1
    ],
    [
      "C:\\Users\\comp\\AppData\\Roaming\\QphdVKOLwmtW.exe",
      1
    ],
    [
      "C:\\Users\\comp\\AppData\\Roaming\\b565c8e1e81796db1340.exe",
      1
    ],
    [
      "C:\\Users\\comp\\AppData\\Local\\70e9afab-f443-4156-bc81-783fa962ad4b\\5fba5879d38cea0fd0f9.exe",
      1
    ],
    [
      "C:\\Users\\comp\\AppData\\Roaming\\60B249AD-226D-4B72-91E9-758951B2FB48\\DSL Service\\dslsvc.exe",
      1
    ],
    [
      "C:\\Users\\comp\\AppData\\Roaming\\Client.exe",
      1
    ],
    [
      "C:\\Users\\comp\\AppData\\Local\\tzres\\KBDINBE1.exe",
      1
    ],
    [
      "C:\\Users\\comp\\AppData\\Local\\mmcndmgr\\sethc.exe",
      1
    ],
    [
      "C:\\Users\\comp\\AppData\\Roaming\\Begeo\\ifoxhyk.dll",
      1
    ],
    [
      "C:\\Users\\comp\\AppData\\Roaming\\Microsoft\\Windows\\Start Menu\\Programs\\Startup\\57c574cac01912135fb3df2e2ce85188.exe",
      1
    ],
    [
      "C:\\Users\\comp\\AppData\\Local\\efscore\\pnpsetup.exe",
      1
    ],
    [
      "C:\\Users\\comp\\AppData\\Roaming\\Microsoft\\Windows\\Start Menu\\Programs\\Startup\\4e949fee5aa2228d2cb60b9ace125c0d.exe",
      1
    ],
    [
      "C:\\Users\\comp\\AppData\\Roaming\\Microsoft\\Windows\\Start Menu\\Programs\\Startup\\CastSrv.url",
      1
    ],
    [
      "C:\\Program Files\\VideoLAN\\VLC\\plugins\\services_discovery\\libupnp_plugin.dll",
      1
    ],
    [
      "C:\\Users\\comp\\AppData\\Roaming\\Microsoft\\Windows\\Start Menu\\Programs\\Startup\\programs.bat:start",
      1
    ],
    [
      "C:\\Users\\comp\\AppData\\Local\\fltLib\\mycomput.exe",
      1
    ],
    [
      "C:\\Users\\comp\\AppData\\Local\\p2pnetsh\\XpsFilt.exe",
      1
    ],
    [
      "C:\\Users\\comp\\AppData\\Roaming\\BF783B\\BCDB0B.lck",
      1
    ],
    [
      "C:\\Users\\comp\\AppData\\Local\\DisplaySwitch\\dxdiagn.exe",
      1
    ],
    [
      "C:\\Users\\comp\\AppData\\Roaming\\sFYajHxfXj.exe",
      1
    ],
    [
      "C:\\Users\\comp\\AppData\\Local\\ocsetup\\crypt32.exe",
      1
    ],
    [
      "W:\\42e612b7a1aa5f89a704.exe",
      1
    ],
    [
      "C:\\Users\\comp\\AppData\\Local\\timeout\\winver.exe",
      1
    ],
    [
      "C:\\Users\\comp\\AppData\\Local\\netplwiz\\clb.exe",
      1
    ]
  ],
  "mutexes": [
    [
      "StikyNot_yakuza",
      12
    ],
    [
      "IESQMMUTEX_0_208",
      9
    ],
    [
      "14E11E0BF783BCDB0BD10C30",
      5
    ],
    [
      "Global\\{A42BA924-B417-4B83-AD34-6F16594B05DA}",
      1
    ],
    [
      "Global\\{E5356632-2BBA-4C08-9A7F-B995913B15BB}",
      1
    ],
    [
      "Global\\syncronize_1BT1SRA",
      1
    ],
    [
      "{BBE5476A-7D35-7263-87F1-120E195938AC}",
      1
    ],
    [
      "Global\\{E6C47FBA-9E19-4A7E-8C8C-D0F29534EA2B}",
      1
    ]
  ],
  "delete_files": [
    [
      "C:\\Users\\comp\\AppData\\Local\\Chrome\\StikyNot.exe",
      7
    ],
    [
      "C:\\Users\\comp\\AppData\\Roaming\\BF783B\\BCDB0B.lck",
      4
    ],
    [
      "C:\\Users\\comp\\AppData\\Roaming\\images.exe:Zone.Identifier",
      3
    ],
    [
      "C:\\Users\\comp\\AppData\\Local\\KBDLT1\\api-ms-win-core-interlocked-l1-1-0.exe",
      1
    ],
    [
      "C:\\Users\\comp\\AppData\\Local\\inseng\\xmlprovi.exe:Zone.Identifier",
      1
    ],
    [
      "C:\\Users\\comp\\AppData\\Roaming\\intelx.exe:Zone.Identifier",
      1
    ],
    [
      "C:\\Users\\comp\\AppData\\Local\\KBDSMSFI\\runonce.exe:Zone.Identifier",
      1
    ],
    [
      "C:\\Users\\comp\\AppData\\Local\\msjter40\\SmartcardCredentialProvider.exe",
      1
    ],
    [
      "C:\\Users\\comp\\AppData\\Local\\dhcpcmonitor\\kbdgeoer.exe:Zone.Identifier",
      1
    ],
    [
      "C:\\Users\\comp\\AppData\\Roaming\\YYtJku\\YYtJku.exe:Zone.Identifier",
      1
    ],
    [
      "C:\\Users\\comp\\AppData\\Local\\provsvc\\icmui.exe",
      1
    ],
    [
      "C:\\Users\\comp\\AppData\\Local\\KBDFC\\regsvr32.exe:Zone.Identifier",
      1
    ],
    [
      "C:\\Users\\comp\\AppData\\Local\\Chrome\\SyncHost.exe",
      1
    ],
    [
      "C:\\Users\\comp\\AppData\\Local\\winsta\\SystemPropertiesRemote.exe:Zone.Identifier",
      1
    ],
    [
      "C:\\Users\\comp\\AppData\\Local\\NlsLexicons004e\\KBDSYR2.exe:Zone.Identifier",
      1
    ],
    [
      "C:\\Users\\comp\\AppData\\Local\\ktmutil\\scrptadm.exe:Zone.Identifier",
      1
    ],
    [
      "C:\\Users\\comp\\AppData\\Local\\api-ms-win-core-memory-l1-1-0\\adtschema.exe:Zone.Identifier",
      1
    ],
    [
      "C:\\Users\\comp\\AppData\\Local\\loghours\\sdohlp.exe:Zone.Identifier",
      1
    ],
    [
      "C:\\Users\\comp\\AppData\\Roaming\\60B249AD-226D-4B72-91E9-758951B2FB48\\DSL Service\\dslsvc.exe",
      1
    ],
    [
      "C:\\Users\\comp\\AppData\\Local\\tzres\\KBDINBE1.exe:Zone.Identifier",
      1
    ],
    [
      "C:\\Users\\comp\\AppData\\Local\\comcat\\ntoskrnl.exe:Zone.Identifier",
      1
    ],
    [
      "C:\\Users\\comp\\AppData\\Local\\efscore\\pnpsetup.exe:Zone.Identifier",
      1
    ],
    [
      "C:\\Users\\comp\\AppData\\Local\\acledit\\accessibilitycpl.exe:Zone.Identifier",
      1
    ],
    [
      "C:\\Users\\comp\\AppData\\Local\\p2pnetsh\\XpsFilt.exe:Zone.Identifier",
      1
    ],
    [
      "C:\\Users\\comp\\AppData\\Local\\DisplaySwitch\\dxdiagn.exe:Zone.Identifier",
      1
    ],
    [
      "C:\\Users\\comp\\AppData\\Local\\ocsetup\\crypt32.exe:Zone.Identifier",
      1
    ],
    [
      "C:\\Users\\comp\\AppData\\Local\\timeout\\winver.exe:Zone.Identifier",
      1
    ]
  ]
}