{
  "executed_commands": [
    [
      "C:\\Users\\comp\\AppData\\Roaming\\Microsoft\\Tiafuzdii\\ikkzowxr.exe",
      10
    ],
    [
      "\"C:\\Users\\comp\\AppData\\Roaming\\Microsoft\\Tiafuzdii\\ikkzowxr.exe\" /W",
      5
    ],
    [
      "C:\\Users\\comp\\AppData\\Local\\Temp\\JNEwqQ.exe",
      4
    ],
    [
      "C:\\Users\\comp\\AppData\\Local\\Chrome\\StikyNot.exe",
      3
    ],
    [
      "\"C:\\Users\\comp\\AppData\\Local\\shfolder\\appidapi.exe\"",
      1
    ],
    [
      "\"C:\\Users\\comp\\AppData\\Local\\Temp\\server.exe\"",
      1
    ],
    [
      "\"C:\\Users\\comp\\AppData\\Local\\prevhost\\icardie.exe\"",
      1
    ],
    [
      "\"C:\\Users\\comp\\AppData\\Roaming\\Windows Objects\\wmihostwin.exe\" unk2",
      1
    ],
    [
      "\"C:\\Users\\comp\\AppData\\Local\\WSHTCPIP\\raschap.exe\"",
      1
    ],
    [
      "C:\\Users\\comp\\AppData\\Local\\Temp\\System32-64.exe ",
      1
    ],
    [
      "C:\\ProgramData\\systemd.exe ",
      1
    ],
    [
      "C:\\Users\\comp\\AppData\\Local\\Temp\\0d5cff13fe3a2ea1b98c.exe",
      1
    ],
    [
      "\"C:\\Users\\comp\\AppData\\Local\\kbdgeoqw\\upnphost.exe\"",
      1
    ],
    [
      "\"C:\\Users\\comp\\AppData\\Local\\shgina\\kbd101b.exe\"",
      1
    ],
    [
      "\"C:\\Users\\comp\\AppData\\Local\\NlsData0009\\sxstrace.exe\"",
      1
    ],
    [
      "\"C:\\Users\\comp\\AppData\\Local\\xwtpdui\\loadperf.exe\"",
      1
    ],
    [
      "C:\\Users\\comp\\AppData\\Roaming\\Install\\Host.exe ",
      1
    ],
    [
      "C:\\Users\\comp\\AppData\\Local\\Temp\\313234f7.bat ",
      1
    ],
    [
      "C:\\Users\\comp\\AppData\\Roaming\\Microsoft\\Tiafuzdii\\ikkzowxr.exe /C",
      1
    ],
    [
      "\"C:\\Users\\comp\\AppData\\Local\\AuditPolicyGPInterop\\dhcpsapi.exe\"",
      1
    ],
    [
      "C:\\Users\\comp\\AppData\\Local\\Temp\\budha.exe ",
      1
    ],
    [
      "\"C:\\Users\\comp\\AppData\\Local\\irclass\\d3d10_1core.exe\"",
      1
    ],
    [
      "\"C:\\Users\\comp\\AppData\\Local\\mmcndmgr\\KBDAZEL.exe\"",
      1
    ],
    [
      "\"C:\\Users\\comp\\AppData\\Local\\appmgmts\\mfmjpegdec.exe\"",
      1
    ],
    [
      "C:\\Users\\comp\\AppData\\Local\\Temp\\vnc.exe ",
      1
    ],
    [
      "\"C:\\Users\\comp\\AppData\\Local\\Temp\\loli.exe\"",
      1
    ],
    [
      "C:\\Users\\comp\\AppData\\Local\\Temp\\037e2179.bat ",
      1
    ],
    [
      "C:\\Users\\comp\\AppData\\Local\\Temp\\Trojan.exe ",
      1
    ],
    [
      "C:\\Users\\comp\\AppData\\Roaming\\Ssvchost.exe ",
      1
    ],
    [
      "\"C:\\Users\\comp\\AppData\\Local\\wavemsp\\StorageContextHandler.exe\"",
      1
    ],
    [
      "C:\\84555685\\oxkfvtmp.pif hlggsq.xwk",
      1
    ],
    [
      "\"C:\\Users\\comp\\AppData\\Local\\NlsLexicons003e\\ComputerDefaults.exe\"",
      1
    ],
    [
      "\"C:\\Users\\comp\\AppData\\Local\\api-ms-win-core-timezone-l1-1-0\\usbui.exe\"",
      1
    ],
    [
      "\"C:\\Users\\comp\\AppData\\Local\\iertutil\\cryptxml.exe\"",
      1
    ],
    [
      "C:\\Users\\comp\\leiojug.exe ",
      1
    ],
    [
      "\"C:\\Users\\comp\\AppData\\Local\\cryptext\\KBDAZEL.exe\"",
      1
    ],
    [
      "\"C:\\Users\\comp\\AppData\\Local\\NlsData0046\\MuiUnattend.exe\"",
      1
    ],
    [
      "\"C:\\Users\\comp\\AppData\\Local\\WcnEapPeerProxy\\f3ahvoas.exe\"",
      1
    ],
    [
      "\"C:\\Users\\comp\\AppData\\Local\\provthrd\\adsldpc.exe\"",
      1
    ],
    [
      "\"C:\\Users\\comp\\AppData\\Local\\dpapiprovider\\KBDINDEV.exe\"",
      1
    ],
    [
      "\"C:\\Users\\comp\\AppData\\Local\\winrscmd\\NapiNSP.exe\"",
      1
    ],
    [
      "\"C:\\Users\\comp\\AppData\\Roaming\\Ruvou\\uraxu.exe\"",
      1
    ],
    [
      "\"C:\\Users\\comp\\AppData\\Local\\wmpsrcwp\\qedit.exe\"",
      1
    ],
    [
      "\"C:\\Users\\comp\\AppData\\Local\\QCLIPROV\\mciseq.exe\"",
      1
    ],
    [
      "C:\\Users\\comp\\AppData\\Local\\Temp\\FPSboost.exe ",
      1
    ],
    [
      "\"C:\\Users\\comp\\Svchost.exe\"",
      1
    ],
    [
      "\"C:\\Users\\comp\\AppData\\Local\\KBDA2\\ACCTRES.exe\"",
      1
    ],
    [
      "C:\\Users\\comp\\AppData\\Local\\Temp\\b322ad765e2d30ad82b1.exe /C",
      1
    ],
    [
      "\"C:\\Users\\comp\\AppData\\Local\\oledlg\\WWanAPI.exe\"",
      1
    ],
    [
      "C:\\Users\\comp\\43183237\\smevvevxd.pif htaxb.are",
      1
    ]
  ],
  "started_services": [
    [
      "EFS",
      1
    ]
  ],
  "keys": [
    [
      "HKEY_LOCAL_MACHINE\\SOFTWARE\\Wow6432Node\\Microsoft\\Command Processor\\CompletionChar",
      1
    ]
  ],
  "resolved_apis": [
    [
      "advapi32.dll.SetSecurityDescriptorDacl",
      2
    ],
    [
      "advapi32.dll.RegSetValueExW",
      1
    ],
    [
      "comctl32.dll.#338",
      1
    ],
    [
      "comctl32.dll.#321",
      1
    ],
    [
      "comctl32.dll.#385",
      1
    ]
  ],
  "read_files": [
    [
      "C:\\Windows\\SysWOW64\\WerFault.exe",
      10
    ],
    [
      "C:\\tmp_2qrlboi\\bin\\oldloader_x64.exe",
      1
    ],
    [
      "C:\\Program Files\\Mozilla Firefox\\minidump-analyzer.exe",
      1
    ]
  ],
  "write_keys": [
    [
      "HKEY_CURRENT_USER\\Software\\Microsoft\\Windows\\CurrentVersion\\Run\\Microsoft OneDrive",
      3
    ],
    [
      "HKEY_CURRENT_USER\\Software\\Microsoft\\Windows\\CurrentVersion\\Internet Settings\\Connections\\DefaultConnectionSettings",
      2
    ],
    [
      "HKEY_CURRENT_USER\\Software\\Microsoft\\Windows\\CurrentVersion\\Explorer\\SessionInfo\\1\\WHCIconStartup",
      2
    ],
    [
      "HKEY_CURRENT_USER\\Software\\Microsoft\\Windows\\CurrentVersion\\Internet Settings\\Wpad\\WpadLastNetwork",
      1
    ],
    [
      "HKEY_CURRENT_USER\\Software\\Microsoft\\Windows\\CurrentVersion\\Run\\e82659d4d80247971005752945638b8c",
      1
    ],
    [
      "HKEY_CURRENT_USER\\Software\\Microsoft\\Windows\\CurrentVersion\\Internet Settings\\Wpad\\{ADBB83E0-BA05-4247-B12D-9D6DC0F8831F}\\WpadNetworkName",
      1
    ],
    [
      "HKEY_CURRENT_USER\\Software\\Microsoft\\Windows\\CurrentVersion\\Action Center\\Checks\\{E8433B72-5842-4d43-8645-BC2C35960837}.check.102\\CheckSetting",
      1
    ],
    [
      "HKEY_CURRENT_USER\\Software\\Microsoft\\Windows\\CurrentVersion\\Action Center\\Checks\\{852FB1F8-5CC6-4567-9C0E-7C330F8807C2}.check.101\\CheckSetting",
      1
    ],
    [
      "HKEY_CURRENT_USER\\Software\\Microsoft\\Windows\\CurrentVersion\\Internet Settings\\Wpad\\{7A88E0A6-3E28-4435-B7F6-CF6C06D28E17}\\WpadDecisionTime",
      1
    ],
    [
      "HKEY_CURRENT_USER\\Software\\Microsoft\\Windows\\CurrentVersion\\Internet Settings\\Wpad\\{5BE5D642-96BC-4358-B880-1B42B62B3C07}\\WpadNetworkName",
      1
    ],
    [
      "HKEY_CURRENT_USER\\Software\\NetWire\\HostId",
      1
    ],
    [
      "HKEY_CURRENT_USER\\Software\\Microsoft\\Windows\\CurrentVersion\\Run\\ofvtrn",
      1
    ],
    [
      "HKEY_CURRENT_USER\\Software\\Microsoft\\Windows\\CurrentVersion\\Internet Settings\\Wpad\\{90CB5B4D-F590-47BD-9408-C427E2AC863F}\\WpadNetworkName",
      1
    ],
    [
      "HKEY_CURRENT_USER\\Environment\\SEE_MASK_NOZONECHECKS",
      1
    ],
    [
      "HKEY_CURRENT_USER\\Software\\Microsoft\\Windows\\CurrentVersion\\Run\\Windows",
      1
    ],
    [
      "HKEY_CURRENT_USER\\Software\\Microsoft\\Windows\\CurrentVersion\\Run\\icatcc",
      1
    ],
    [
      "HKEY_CURRENT_USER\\Software\\Microsoft\\Windows\\CurrentVersion\\Internet Settings\\Wpad\\{6A0A1C62-ED12-4D8F-A743-28920CC79237}\\WpadDecisionTime",
      1
    ],
    [
      "HKEY_CURRENT_USER\\Software\\Microsoft\\Windows\\CurrentVersion\\Explorer\\Advanced\\ShowSuperHidden",
      1
    ],
    [
      "HKEY_CURRENT_USER\\Software\\Microsoft\\Windows\\CurrentVersion\\Action Center\\Checks\\{852FB1F8-5CC6-4567-9C0E-7C330F8807C2}.check.100\\CheckSetting",
      1
    ],
    [
      "HKEY_CURRENT_USER\\Software\\Microsoft\\Windows\\CurrentVersion\\Internet Settings\\Wpad\\{1BD56EEB-5FA0-48A2-B28D-F06E6A8E236B}\\WpadDecision",
      1
    ],
    [
      "HKEY_CURRENT_USER\\Software\\Microsoft\\Windows\\CurrentVersion\\Run\\izrlh",
      1
    ]
  ],
  "read_keys": [
    [
      "HKEY_CURRENT_USER\\Software\\Microsoft\\Windows\\CurrentVersion\\Explorer\\MountPoints2\\CPC\\Volume\\{5f0c3475-f160-11ea-9f0e-806e6f6e6963}\\Generation",
      8
    ],
    [
      "HKEY_CURRENT_USER\\Software\\Microsoft\\Windows\\CurrentVersion\\Explorer\\MountPoints2\\CPC\\Volume\\{5f0c3476-f160-11ea-9f0e-806e6f6e6963}\\Generation",
      6
    ],
    [
      "HKEY_CURRENT_USER\\Software\\Microsoft\\Windows\\CurrentVersion\\Explorer\\MountPoints2\\CPC\\Volume\\{5f0c3475-f160-11ea-9f0e-806e6f6e6963}\\Data",
      3
    ],
    [
      "HKEY_LOCAL_MACHINE\\SYSTEM\\ControlSet001\\services\\Tcpip\\Parameters\\Interfaces\\{3DF8548A-CA81-417C-AD72-445187C06A79}\\MaxNumberOfAddressesToRegister",
      1
    ],
    [
      "HKEY_LOCAL_MACHINE\\SOFTWARE\\Microsoft\\Windows\\CurrentVersion\\Internet Settings\\Zones\\4\\1004",
      1
    ],
    [
      "HKEY_CURRENT_USER\\Software\\Microsoft\\Windows\\CurrentVersion\\Explorer\\MountPoints2\\CPC\\Volume\\{5f0c3479-f160-11ea-9f0e-806e6f6e6963}\\Data",
      1
    ],
    [
      "HKEY_LOCAL_MACHINE\\SOFTWARE\\MICROSOFT\\Fusion\\NativeImagesIndex\\v2.0.50727_32\\IL\\7950e2c5\\69be3dec\\a1\\SIG",
      1
    ],
    [
      "HKEY_LOCAL_MACHINE\\SOFTWARE\\Microsoft\\Windows\\CurrentVersion\\Policies\\Explorer\\NoSimpleStartMenu",
      1
    ],
    [
      "HKEY_CURRENT_USER\\Software\\Microsoft\\Windows\\CurrentVersion\\Explorer\\MountPoints2\\CPC\\Volume\\{5f0c3476-f160-11ea-9f0e-806e6f6e6963}\\Data",
      1
    ],
    [
      "HKEY_LOCAL_MACHINE\\SOFTWARE\\Microsoft\\Windows\\CurrentVersion\\Policies\\Explorer\\NoPropertiesMyComputer",
      1
    ],
    [
      "HKEY_CURRENT_USER\\Software\\Microsoft\\Windows\\CurrentVersion\\Explorer\\MountPoints2\\CPC\\Volume\\{5f0c3479-f160-11ea-9f0e-806e6f6e6963}\\Generation",
      1
    ],
    [
      "HKEY_LOCAL_MACHINE\\SOFTWARE\\Wow6432Node\\Microsoft\\Windows NT\\CurrentVersion\\DRIVERS32\\midi3",
      1
    ],
    [
      "HKEY_CURRENT_USER\\Software\\Microsoft\\Windows\\CurrentVersion\\Explorer\\Advanced\\ShowTypeOverlay",
      1
    ],
    [
      "HKEY_LOCAL_MACHINE\\SOFTWARE\\Wow6432Node\\Microsoft\\Command Processor\\DelayedExpansion",
      1
    ],
    [
      "HKEY_LOCAL_MACHINE\\SYSTEM\\ControlSet001\\services\\napagent\\LocalConfig\\Tracing Level",
      1
    ],
    [
      "HKEY_LOCAL_MACHINE\\SYSTEM\\ControlSet001\\services\\napagent\\Qecs\\79623\\Enabled",
      1
    ],
    [
      "HKEY_CURRENT_USER\\Software\\Microsoft\\Windows\\CurrentVersion\\Action Center\\Checks\\{E8433B72-5842-4d43-8645-BC2C35960837}.check.106\\CheckSetting",
      1
    ],
    [
      "HKEY_LOCAL_MACHINE\\SYSTEM\\ControlSet001\\services\\crypt32\\DebugHeapFlags",
      1
    ],
    [
      "HKEY_LOCAL_MACHINE\\SOFTWARE\\Microsoft\\Windows\\CurrentVersion\\Internet Settings\\Zones\\1\\1000",
      1
    ],
    [
      "HKEY_CURRENT_USER\\Software\\Microsoft\\Windows\\CurrentVersion\\Explorer\\Advanced\\ShowInfoTip",
      1
    ],
    [
      "HKEY_LOCAL_MACHINE\\SOFTWARE\\MICROSOFT\\Windows\\CurrentVersion\\Explorer\\MyComputer\\NameSpace\\DelegateFolders\\{35786D3C-B075-49b9-88DD-029876E11C01}\\SuppressionPolicy",
      1
    ],
    [
      "HKEY_CURRENT_USER\\Software\\Microsoft\\Windows\\CurrentVersion\\Action Center\\Checks\\{E8433B72-5842-4d43-8645-BC2C35960837}.check.104\\CheckSetting",
      1
    ],
    [
      "HKEY_LOCAL_MACHINE\\SOFTWARE\\Microsoft\\Windows\\CurrentVersion\\SideBySide\\PreferExternalManifest",
      1
    ],
    [
      "HKEY_LOCAL_MACHINE\\SOFTWARE\\Microsoft\\Windows\\CurrentVersion\\Policies\\Explorer\\NoNetCrawling",
      1
    ]
  ],
  "write_files": [
    [
      "C:\\Users\\comp\\AppData\\Roaming\\Microsoft\\Tiafuzdii\\ikkzowxr.exe",
      11
    ],
    [
      "\\??\\PIPE\\efsrpc",
      11
    ],
    [
      "C:\\Users\\comp\\AppData\\Roaming\\Microsoft\\Tiafuzdii\\ikkzowxr.dat",
      3
    ],
    [
      "C:\\Users\\comp\\AppData\\Local\\Temp\\JNEwqQ.exe",
      3
    ],
    [
      "C:\\Users\\comp\\AppData\\Local\\Chrome\\C:\\Users\\comp\\AppData\\Local\\Chrome\\StikyNot.exe",
      2
    ],
    [
      "C:\\Users\\comp\\AppData\\Local\\Temp\\~ikkzowxr.tmp",
      2
    ],
    [
      "C:\\Users\\comp\\AppData\\Local\\Temp\\RegSvcs.exe",
      2
    ],
    [
      "C:\\Users\\comp\\AppData\\Local\\KBDIC\\user.exe",
      1
    ],
    [
      "C:\\Users\\comp\\AppData\\Local\\Temp\\server.exe",
      1
    ],
    [
      "C:\\Users\\comp\\AppData\\Local\\msvfw32\\KBDINDEV.exe",
      1
    ],
    [
      "C:\\Users\\comp\\AppData\\Roaming\\Windows Objects\\wmisecure64.exe",
      1
    ],
    [
      "C:\\Users\\comp\\AppData\\Local\\WSHTCPIP\\raschap.exe",
      1
    ],
    [
      "C:\\Users\\comp\\AppData\\Local\\Temp\\0e0b1caf.exe",
      1
    ],
    [
      "C:\\Users\\comp\\AppData\\Local\\Temp\\System32-64.exe",
      1
    ],
    [
      "C:\\Users\\comp\\AppData\\Local\\api-ms-win-core-profile-l1-1-0\\mciseq.exe",
      1
    ],
    [
      "C:\\ProgramData\\systemd.exe",
      1
    ],
    [
      "C:\\Users\\comp\\AppData\\Local\\Chrome\\C:\\Users\\comp\\AppData\\Local\\Chrome\\SyncHost.exe",
      1
    ],
    [
      "C:\\Users\\comp\\AppData\\Local\\WMADMOE\\puiapi.exe",
      1
    ],
    [
      "C:\\Users\\comp\\AppData\\Local\\cmifw\\apircl.exe",
      1
    ],
    [
      "C:\\Users\\comp\\AppData\\Local\\cmpbk32\\ntdsapi.exe",
      1
    ],
    [
      "C:\\Users\\comp\\AppData\\Local\\Chrome\\StikyNot.exe",
      1
    ],
    [
      "C:\\Users\\comp\\AppData\\Local\\xwtpdui\\loadperf.exe",
      1
    ],
    [
      "C:\\Users\\comp\\AppData\\Roaming\\Install\\Host.exe",
      1
    ],
    [
      "C:\\Users\\comp\\AppData\\Local\\msdart\\msident.exe",
      1
    ],
    [
      "C:\\Program Files (x86)\\Google\\Update\\Download\\{8A69D345-D564-463C-AFF1-A69D9E530F96}\\85.0.4183.83\\85.0.4183.83_chrome_installer.exe",
      1
    ],
    [
      "C:\\Users\\comp\\Desktop\\28137-18601-10869.exe",
      1
    ],
    [
      "C:\\Users\\comp\\AppData\\Local\\Temp\\budha.exe",
      1
    ],
    [
      "C:\\Users\\comp\\AppData\\Local\\irclass\\d3d10_1core.exe",
      1
    ],
    [
      "C:\\Program Files (x86)\\Google\\Update\\1.3.36.32\\GoogleUpdateOnDemand.exe",
      1
    ],
    [
      "C:\\tmp_2qrlboi\\bin\\loader_x64.exe",
      1
    ],
    [
      "C:\\Users\\comp\\Desktop\\2861-21315-30288.exe",
      1
    ],
    [
      "C:\\Users\\comp\\AppData\\Local\\mmcndmgr\\KBDAZEL.exe",
      1
    ],
    [
      "C:\\Users\\comp\\AppData\\Local\\appmgmts\\mfmjpegdec.exe",
      1
    ],
    [
      "Y:\\StikyNot.exe",
      1
    ],
    [
      "C:\\Users\\comp\\AppData\\Local\\Temp\\vnc.exe",
      1
    ],
    [
      "C:\\Users\\comp\\AppData\\Local\\Temp\\JPEG.exe",
      1
    ],
    [
      "C:\\Users\\comp\\AppData\\Local\\Temp\\Trojan.exe",
      1
    ],
    [
      "C:\\Users\\comp\\AppData\\Local\\Temp\\1f5c36da5a61ae77cd1a.exe",
      1
    ],
    [
      "C:\\Users\\comp\\AppData\\Roaming\\Ssvchost.exe",
      1
    ],
    [
      "C:\\Users\\comp\\AppData\\Local\\diantz\\winsta.exe",
      1
    ],
    [
      "C:\\Users\\comp\\AppData\\Local\\Temp\\90c4e2761c05d7960a9b.exe",
      1
    ],
    [
      "C:\\Users\\comp\\AppData\\Local\\Temp\\e28fd94d327ccd4e1107.exe",
      1
    ],
    [
      "C:\\Users\\comp\\AppData\\Local\\whoami\\SyncHostps.exe",
      1
    ],
    [
      "C:\\Users\\comp\\AppData\\Local\\api-ms-win-core-timezone-l1-1-0\\usbui.exe",
      1
    ],
    [
      "C:\\Users\\comp\\AppData\\Local\\iertutil\\cryptxml.exe",
      1
    ],
    [
      "C:\\Users\\comp\\leiojug.exe",
      1
    ],
    [
      "C:\\Users\\comp\\AppData\\Local\\cryptext\\KBDAZEL.exe",
      1
    ],
    [
      "C:\\Users\\comp\\AppData\\Local\\NlsData0046\\MuiUnattend.exe",
      1
    ],
    [
      "C:\\Users\\comp\\AppData\\Local\\WcnEapPeerProxy\\f3ahvoas.exe",
      1
    ],
    [
      "C:\\Users\\comp\\AppData\\Local\\msyuv\\wlgpclnt.exe",
      1
    ],
    [
      "C:\\Users\\comp\\AppData\\Local\\rundll32\\NlsLexicons002a.exe",
      1
    ],
    [
      "C:\\Users\\comp\\AppData\\Local\\winrscmd\\NapiNSP.exe",
      1
    ],
    [
      "C:\\Users\\comp\\AppData\\Roaming\\Ruvou\\uraxu.exe",
      1
    ],
    [
      "C:\\Users\\comp\\AppData\\Local\\wmpsrcwp\\qedit.exe",
      1
    ],
    [
      "C:\\Users\\comp\\AppData\\Local\\QCLIPROV\\mciseq.exe",
      1
    ],
    [
      "C:\\Users\\comp\\AppData\\Local\\Temp\\FPSboost.exe",
      1
    ],
    [
      "C:\\Users\\comp\\Svchost.exe",
      1
    ],
    [
      "C:\\Users\\comp\\AppData\\Local\\bitsperf\\IPBusEnumProxy.exe",
      1
    ],
    [
      "C:\\Users\\comp\\AppData\\Local\\oledlg\\WWanAPI.exe",
      1
    ]
  ],
  "delete_keys": [
    [
      "HKEY_CURRENT_USER\\Software\\Microsoft\\Windows\\CurrentVersion\\Internet Settings\\ZoneMap\\ProxyBypass",
      1
    ]
  ],
  "mutexes": [
    [
      "IESQMMUTEX_0_208",
      28
    ],
    [
      "Global\\{E5356632-2BBA-4C08-9A7F-B995913B15BB}",
      4
    ],
    [
      "Global\\{A42BA924-B417-4B83-AD34-6F16594B05DA}",
      3
    ],
    [
      "Global\\{E6C47FBA-9E19-4A7E-8C8C-D0F29534EA2B}",
      2
    ],
    [
      "StikyNot_yakuza",
      2
    ],
    [
      "Local\\WinSpl64To32Mutex_ecc9_0_2000",
      1
    ],
    [
      "e460dc8d9634539854ab71cd72901ab4",
      1
    ],
    [
      "5cd8f17f4086744065eb0992a09e05a2",
      1
    ],
    [
      "DefaultTabtip-MainUI",
      1
    ],
    [
      "c",
      1
    ],
    [
      "Global\\.net clr networking",
      1
    ],
    [
      "37d6ea9276d24b2d0fa12451b8b22b86",
      1
    ]
  ],
  "delete_files": [
    [
      "C:\\Users\\comp\\AppData\\Roaming\\Microsoft\\CLR Security Config\\v2.0.50727.312\\security.config.cch.2656.30025312",
      1
    ],
    [
      "C:\\Users\\comp\\AppData\\Roaming\\Microsoft\\CLR Security Config\\v2.0.50727.312\\security.config.cch.2056.33670312",
      1
    ],
    [
      "C:\\Users\\comp\\AppData\\Roaming\\Microsoft\\CLR Security Config\\v2.0.50727.312\\security.config.cch.2900.24026109",
      1
    ],
    [
      "C:\\Users\\comp\\AppData\\Local\\sxstrace\\msihnd.exe:Zone.Identifier",
      1
    ],
    [
      "C:\\Users\\comp\\AppData\\Roaming\\Microsoft\\CLR Security Config\\v2.0.50727.312\\security.config.cch.2816.12021343",
      1
    ],
    [
      "C:\\Users\\comp\\AppData\\Local\\msdart\\msident.exe:Zone.Identifier",
      1
    ],
    [
      "C:\\Documents and Settings\\Mini\\LOCALS~1\\Temp\\Temporary Directory 1 for 2013111512381802850.zip\\2013111812398784524.exe",
      1
    ],
    [
      "C:\\Users\\comp\\AppData\\Local\\irclass\\d3d10_1core.exe:Zone.Identifier",
      1
    ],
    [
      "C:\\Users\\comp\\AppData\\Local\\mmcndmgr\\KBDAZEL.exe:Zone.Identifier",
      1
    ],
    [
      "C:\\Users\\comp\\AppData\\Roaming\\Microsoft\\CLR Security Config\\v2.0.50727.312\\security.config.cch.2868.32424703",
      1
    ],
    [
      "C:\\84555685\\__tmp_rar_sfx_access_check_4820531",
      1
    ],
    [
      "C:\\Users\\comp\\AppData\\Local\\whoami\\SyncHostps.exe:Zone.Identifier",
      1
    ],
    [
      "C:\\Users\\comp\\AppData\\Local\\AuditPolicyGPInterop\\rtffilt.exe:Zone.Identifier",
      1
    ],
    [
      "C:\\Users\\comp\\AppData\\Local\\Temp\\32d2f9e22defb2067e09.exe",
      1
    ],
    [
      "C:\\Users\\comp\\AppData\\Local\\WcnEapPeerProxy\\f3ahvoas.exe",
      1
    ],
    [
      "C:\\Users\\comp\\AppData\\Local\\dpapiprovider\\KBDINDEV.exe:Zone.Identifier",
      1
    ],
    [
      "C:\\Users\\comp\\AppData\\Local\\winrscmd\\NapiNSP.exe:Zone.Identifier",
      1
    ],
    [
      "C:\\Users\\comp\\AppData\\Local\\wmpsrcwp\\qedit.exe:Zone.Identifier",
      1
    ],
    [
      "C:\\Users\\comp\\AppData\\Local\\Temp\\__tmp_rar_sfx_access_check_26428546",
      1
    ],
    [
      "C:\\Users\\comp\\AppData\\Roaming\\Microsoft\\CLR Security Config\\v2.0.50727.312\\security.config.cch.2980.3626203",
      1
    ],
    [
      "C:\\Users\\comp\\AppData\\Local\\KBDA2\\ACCTRES.exe:Zone.Identifier",
      1
    ],
    [
      "C:\\Users\\comp\\43183237\\__tmp_rar_sfx_access_check_14427593",
      1
    ]
  ]
}