{
  "resolved_apis": [
    [
      "advapi32.dll.ConvertStringSecurityDescriptorToSecurityDescriptorW",
      5
    ],
    [
      "wscapi.dll.WscGetSecurityProviderHealth",
      2
    ],
    [
      "kernel32.dll.WriteFile",
      2
    ],
    [
      "ws2_32.dll.#116",
      2
    ],
    [
      "dui70.dll.?Create@DUIXmlParser@DirectUI@@SAJPEAPEAV12@P6APEAVValue@2@PEBGPEAX@Z2P6AX11H2@Z2@Z",
      1
    ],
    [
      "vaultcli.dll.VaultEnumerateVaults",
      1
    ],
    [
      "advapi32.dll.LookupAccountSidW",
      1
    ],
    [
      "advapi32.dll.CreateProcessAsUserW",
      1
    ],
    [
      "ntlanman.dll.NPGetReconnectFlags",
      1
    ],
    [
      "wminet_utils.dll.ConnectServerWmi",
      1
    ]
  ],
  "keys": [
    [
      "HKEY_LOCAL_MACHINE\\SOFTWARE\\Classes\\CLSID\\{A4A1A128-768F-41E0-BF75-E4FDDD701CBA}\\InProcServer32\\InprocServer32",
      8
    ],
    [
      "HKEY_LOCAL_MACHINE\\SOFTWARE\\Classes\\Wow6432Node\\CLSID\\{D68AF00A-29CB-43FA-8504-CE99A996D9EA}\\InprocServer32\\InprocServer32",
      7
    ],
    [
      "HKEY_LOCAL_MACHINE\\SOFTWARE\\Classes\\CLSID\\{A4A1A128-768F-41E0-BF75-E4FDDD701CBA}\\InProcServer32\\ThreadingModel",
      5
    ],
    [
      "HKEY_LOCAL_MACHINE\\SOFTWARE\\Classes\\Wow6432Node\\CLSID\\{B196B286-BAB4-101A-B69C-00AA00341D07}\\InprocServer32\\InprocServer32",
      3
    ],
    [
      "HKEY_LOCAL_MACHINE\\SOFTWARE\\Classes\\CLSID\\{A4A1A128-768F-41E0-BF75-E4FDDD701CBA}\\InprocServer32",
      3
    ],
    [
      "HKEY_LOCAL_MACHINE\\SOFTWARE\\Classes\\Wow6432Node\\Interface\\{00000134-0000-0000-C000-000000000046}\\ProxyStubClsid32\\(Default)",
      2
    ],
    [
      "HKEY_LOCAL_MACHINE\\SOFTWARE\\Classes\\Wow6432Node\\CLSID\\{D68AF00A-29CB-43FA-8504-CE99A996D9EA}\\InprocServer32",
      2
    ],
    [
      "HKEY_LOCAL_MACHINE\\SOFTWARE\\Classes\\CLSID\\{A4A1A128-768F-41E0-BF75-E4FDDD701CBA}\\InprocHandler",
      2
    ],
    [
      "HKEY_LOCAL_MACHINE\\SOFTWARE\\Classes\\Wow6432Node\\Interface\\{027947E1-D731-11CE-A357-000000000001}\\ProxyStubClsid32\\(Default)",
      2
    ],
    [
      "HKEY_CURRENT_USER\\Software\\Classes\\Wow6432Node\\CLSID\\{A4A1A128-768F-41E0-BF75-E4FDDD701CBA}\\Progid",
      2
    ]
  ],
  "started_services": [
    [
      "VaultSvc",
      1
    ]
  ],
  "write_keys": [
    [
      "HKEY_CURRENT_USER\\Software\\Microsoft\\Windows\\CurrentVersion\\Action Center\\Checks\\{C8E6F269-B90A-4053-A3BE-499AFCEC98C4}.check.0\\CheckSetting",
      63
    ],
    [
      "HKEY_CURRENT_USER\\Software\\Microsoft\\Windows\\CurrentVersion\\Internet Settings\\Wpad\\{1BD56EEB-5FA0-48A2-B28D-F06E6A8E236B}\\WpadDecisionReason",
      2
    ],
    [
      "HKEY_CURRENT_USER\\Software\\Microsoft\\Windows\\CurrentVersion\\Internet Settings\\Connections\\DefaultConnectionSettings",
      2
    ],
    [
      "HKEY_CURRENT_USER\\Software\\Microsoft\\Windows\\CurrentVersion\\Run\\Officex",
      1
    ],
    [
      "HKEY_CURRENT_USER\\software\\61abf19c1649b8d03f8e95e3c303c693",
      1
    ],
    [
      "HKEY_CURRENT_USER\\Software\\Classes\\Local Settings\\MuiCache\\5\\52C64B7E\\@%SystemRoot%\\system32\\tsgqec.dll,-101",
      1
    ],
    [
      "HKEY_CURRENT_USER\\Software\\Microsoft\\Windows\\CurrentVersion\\Internet Settings\\Wpad\\{82157FAB-8460-4E39-94C9-F70D5F2DAD14}\\WpadDecision",
      1
    ],
    [
      "HKEY_CURRENT_USER\\Software\\Microsoft\\Windows\\CurrentVersion\\Run\\f8782a013a20610e09216f21b705d856",
      1
    ],
    [
      "HKEY_CURRENT_USER\\Software\\Microsoft\\Windows\\CurrentVersion\\Internet Settings\\Wpad\\WpadLastNetwork",
      1
    ],
    [
      "HKEY_CURRENT_USER\\Software\\Microsoft\\Windows\\CurrentVersion\\Run\\ybenj",
      1
    ]
  ],
  "executed_commands": [
    [
      "\"C:\\Windows\\system32\\schtasks.exe\" /create /tn {9E554C6E-7D11-4FC0-AFA1-FF49DBC84412} /tr \"\\\"C:\\Users\\comp\\AppData\\Roaming\\Microsoft\\Tiafuzdii\\ikkzowxr.exe\\\"\" /sc HOURLY /mo 5 /F",
      8
    ],
    [
      "nslookup -querytype=ALL -timeout=10 _ldap._tcp.dc._msdcs.WORKGROUP",
      8
    ],
    [
      "\"netsh\" wlan show profile",
      3
    ],
    [
      "\"C:\\Users\\comp\\AppData\\Local\\KBDVNTC\\ir41_qc.exe\"",
      1
    ],
    [
      "\"C:\\Users\\comp\\AppData\\Local\\KBDMAORI\\dhcpcore.exe\"",
      1
    ],
    [
      "netsh firewall add allowedprogram \"C:\\Users\\comp\\AppData\\Roaming\\crossfire.exe\" \"crossfire.exe\" ENABLE",
      1
    ],
    [
      "netsh firewall add allowedprogram \"C:\\Users\\comp\\AppData\\Local\\Temp\\server.exe\" \"server.exe\" ENABLE",
      1
    ],
    [
      "\"C:\\Users\\comp\\AppData\\Local\\api-ms-win-core-handle-l1-1-0\\regsvr32.exe\"",
      1
    ],
    [
      "\"C:\\Windows\\System32\\schtasks.exe\" /Create /TN \"Updates\\yGVkFdWpFbW\" /XML \"C:\\Users\\comp\\AppData\\Local\\Temp\\tmp9162.tmp\"",
      1
    ],
    [
      "C:\\Windows\\splwow64.exe 8192",
      1
    ]
  ],
  "read_files": [
    [
      "C:\\Windows\\assembly\\NativeImages_v2.0.50727_32\\System.Configuration\\612d5cf16a6bb439a07aebb38a1a5311\\System.Configuration.ni.dll",
      4
    ],
    [
      "C:\\Windows\\assembly\\NativeImages_v2.0.50727_32\\System.Xml\\d510b629bb87e2c16897b365f2b726bc\\System.Xml.ni.dll",
      3
    ],
    [
      "C:\\Users\\comp\\AppData\\Roaming\\Microsoft\\Tiafuzdii\\ikkzowxr.exe",
      2
    ],
    [
      "C:\\Users\\comp\\AppData\\Local\\Google\\Chrome\\User Data\\Default\\Login Data",
      2
    ],
    [
      "C:\\Windows\\assembly\\NativeImages_v2.0.50727_32\\System.Security\\3e6ee87e1c438531b00a001343a76362\\System.Security.ni.dll",
      2
    ],
    [
      "C:\\Windows\\Microsoft.NET\\Framework\\v2.0.50727\\mscorwks.dll",
      1
    ],
    [
      "C:\\Users\\comp\\AppData\\Local\\perfhost",
      1
    ],
    [
      "C:\\Users\\comp\\AppData\\Roaming\\Microsoft\\Tiafuzdii\\zwnwiarjs.yju",
      1
    ],
    [
      "C:\\Users\\comp\\AppData\\Local",
      1
    ],
    [
      "C:\\Windows\\System32\\oleacc.dll",
      1
    ]
  ],
  "delete_files": [
    [
      "C:\\Users\\comp\\AppData\\Local\\Temp\\18bdd68703502522d10d.exe:Zone.Identifier",
      1
    ],
    [
      "C:\\Users\\comp\\AppData\\Roaming\\BF783B\\BCDB0B.lck",
      1
    ],
    [
      "C:\\Windows\\sysnative\\spool\\drivers\\x64\\3\\mxdwdui.BUD",
      1
    ]
  ],
  "mutexes": [
    [
      "Global\\.net clr networking",
      3
    ],
    [
      "Local\\16764F0F-7493-0575-0C5E-F1B007496C14",
      3
    ],
    [
      "Local\\MSCTF.CtfMonitorInstMutexDefault1",
      2
    ],
    [
      "61abf19c1649b8d03f8e95e3c303c693c2t5",
      1
    ],
    [
      "third ",
      1
    ],
    [
      "Global\\3pc6RWOgectGTFqCowxjeGy3XIGPtLwNrsr2zDctYD4hAU5pj4GW7rm8gHrHyTB6",
      1
    ],
    [
      "Global\\CLR_CASOFF_MUTEX",
      1
    ],
    [
      "Local\\WinSpl64To32Mutex_ea35_0_2000",
      1
    ]
  ],
  "files": [
    [
      "\\DEVICE\\NETBT_TCPIP_{3DF8548A-CA81-417C-AD72-445187C06A79}",
      1
    ],
    [
      "C:\\Users\\comp\\AppData\\Roaming\\Microsoft\\Network\\Connections\\Pbk\\rasphone.pbk",
      1
    ],
    [
      "C:\\Windows\\assembly\\NativeImages_v2.0.50727_32\\System.Configuration\\612d5cf16a6bb439a07aebb38a1a5311\\System.Configuration.ni.dll",
      1
    ]
  ],
  "read_keys": [
    [
      "HKEY_LOCAL_MACHINE\\SOFTWARE\\Classes\\Wow6432Node\\CLSID\\{D68AF00A-29CB-43FA-8504-CE99A996D9EA}\\InprocServer32\\ThreadingModel",
      3
    ],
    [
      "HKEY_LOCAL_MACHINE\\SOFTWARE\\Classes\\Wow6432Node\\CLSID\\{D68AF00A-29CB-43FA-8504-CE99A996D9EA}\\InprocServer32\\InprocServer32",
      2
    ],
    [
      "HKEY_LOCAL_MACHINE\\SYSTEM\\ControlSet001\\services\\LanmanWorkstation\\Parameters\\RpcCacheTimeout",
      2
    ],
    [
      "HKEY_LOCAL_MACHINE\\SYSTEM\\ControlSet001\\Control\\Nls\\Sorting\\Versions\\00060101.00060101",
      2
    ],
    [
      "HKEY_LOCAL_MACHINE\\SOFTWARE\\Classes\\Wow6432Node\\Interface\\{027947E1-D731-11CE-A357-000000000001}\\ProxyStubClsid32\\(Default)",
      2
    ],
    [
      "HKEY_LOCAL_MACHINE\\SYSTEM\\ControlSet001\\services\\NetBT\\Parameters\\ScopeId",
      2
    ],
    [
      "HKEY_LOCAL_MACHINE\\SOFTWARE\\Microsoft\\Windows\\CurrentVersion\\Policies\\Explorer\\NoCommonGroups",
      1
    ],
    [
      "HKEY_LOCAL_MACHINE\\SYSTEM\\ControlSet001\\services\\.NET CLR Networking\\Performance\\IsMultiInstance",
      1
    ],
    [
      "HKEY_LOCAL_MACHINE\\SOFTWARE\\Classes\\CLSID\\{20D04FE0-3AEA-1069-A2D8-08002B30309D}\\System.HideOnDesktop",
      1
    ],
    [
      "HKEY_LOCAL_MACHINE\\SOFTWARE\\Classes\\Wow6432Node\\CLSID\\{20D04FE0-3AEA-1069-A2D8-08002B30309D}\\ShellFolder\\NoFileFolderJunction",
      1
    ]
  ],
  "write_files": [
    [
      "\\Device\\LanmanDatagramReceiver",
      3
    ],
    [
      "\\??\\PIPE\\wkssvc",
      2
    ],
    [
      "C:\\Users\\comp\\AppData\\Roaming\\60B249AD-226D-4B72-91E9-758951B2FB48\\run.dat",
      2
    ],
    [
      "C:\\Users\\comp\\AppData\\Roaming\\BF783B\\BCDB0B.lck",
      2
    ],
    [
      "C:\\Users\\comp\\AppData\\Roaming\\5hapqdvk.kkn\\Chrome\\Default\\Cookies",
      1
    ],
    [
      "C:\\Program Files\\Windows Sidebar\\Shared Gadgets\\WinRAR.v.3.2.and.key.ShareReactor.com",
      1
    ],
    [
      "C:\\Users\\comp\\AppData\\Local\\Temp\\430B.bin",
      1
    ]
  ]
}