{
  "resolved_apis": [
    [
      "kernel32.dll.IsProcessorFeaturePresent",
      153
    ],
    [
      "kernel32.dll.SetConsoleInputExeNameW",
      17
    ],
    [
      "winspool.drv.GetPrinterDriverPackagePathW",
      16
    ],
    [
      "sechost.dll.LookupAccountNameLocalW",
      16
    ],
    [
      "kernel32.dll.IsDebuggerPresent",
      9
    ],
    [
      "winspool.drv.DeletePrinterDriverPackageW",
      5
    ],
    [
      "sechost.dll.LookupAccountSidLocalW",
      5
    ],
    [
      "kernel32.dll.WaitForThreadpoolTimerCallbacks",
      4
    ],
    [
      "winspool.drv.GetCorePrinterDriversW",
      4
    ],
    [
      "winspool.drv.DeletePortW",
      3
    ]
  ],
  "keys": [
    [
      "DisableUserModeCallbackFilter",
      4
    ],
    [
      "HKEY_CURRENT_USER\\Software\\Microsoft\\Windows\\CurrentVersion\\Explorer\\MountPoints2\\CPC\\Volume\\{5f0c3475-f160-11ea-9f0e-806e6f6e6963}\\Data",
      4
    ],
    [
      "HKEY_LOCAL_MACHINE\\SOFTWARE\\Classes\\Directory\\BrowseInPlace",
      2
    ],
    [
      "HKEY_LOCAL_MACHINE\\SOFTWARE\\Microsoft\\Rpc\\Extensions\\RemoteRpcDll",
      2
    ],
    [
      "HKEY_LOCAL_MACHINE\\SOFTWARE\\Microsoft\\Windows NT\\CurrentVersion\\LanguagePack\\DataStore_V1.0",
      1
    ],
    [
      "HKEY_LOCAL_MACHINE\\SOFTWARE\\Microsoft\\Fusion\\NativeImagesIndex\\v2.0.50727_32\\NI\\181938c6\\7950e2c5\\1b\\NIDependencies",
      1
    ],
    [
      "HKEY_LOCAL_MACHINE\\SOFTWARE\\Microsoft\\Fusion\\NativeImagesIndex\\v2.0.50727_32\\IL\\2dd6ac50\\163e1f5e\\a0\\Status",
      1
    ],
    [
      "HKEY_LOCAL_MACHINE\\SOFTWARE\\Wow6432Node\\Microsoft\\Windows\\CurrentVersion\\explorer\\FolderDescriptions\\{69D2CF90-FC33-4FB7-9A0C-EBB0F0FCB43C}\\InitFolderHandler",
      1
    ],
    [
      "HKEY_LOCAL_MACHINE\\SOFTWARE\\Microsoft\\Windows\\CurrentVersion\\Internet Settings\\Zones\\4\\1405",
      1
    ],
    [
      "HKEY_LOCAL_MACHINE\\System\\CurrentControlSet\\Control\\Nls\\Locale",
      1
    ]
  ],
  "executed_commands": [
    [
      "\"C:\\Windows\\system32\\schtasks.exe\" /create /tn {9E554C6E-7D11-4FC0-AFA1-FF49DBC84412} /tr \"\\\"C:\\Users\\comp\\AppData\\Roaming\\Microsoft\\Tiafuzdii\\ikkzowxr.exe\\\"\" /sc HOURLY /mo 5 /F",
      7
    ],
    [
      "\"C:\\\\\\\\Windows\\\\\\\\Microsoft.NET\\\\\\\\Framework\\\\\\\\v4.0.30319\\\\\\\\MSBuild.exe\"",
      3
    ],
    [
      "\"C:\\Windows\\System32\\eventvwr.exe\"",
      2
    ],
    [
      "C:\\Windows\\system32\\PING.EXE ping.exe  -n 6 127.0.0.1",
      2
    ],
    [
      "\"C:\\\\\\\\Windows\\\\\\\\Microsoft.NET\\\\\\\\Framework\\\\\\\\v2.0.50727\\\\\\\\MSBuild.exe\"",
      2
    ],
    [
      "C:\\Users\\comp\\AppData\\Local\\Temp\\079734cd.bat ",
      1
    ],
    [
      "\"C:\\\\\\\\Windows\\\\\\\\Microsoft.NET\\\\\\\\Framework\\\\\\\\v2.0.50727\\\\\\\\RegAsm.exe\"",
      1
    ],
    [
      "C:\\Windows\\system32\\cmd.exe /c echo on error resume next:CreateObject(\"WScript.Shell\").Run \"C:\\Users\\comp\\AppData\\Local\\Temp\\d8e810952cfcb4523e07.exe\",1: >\"C:\\Users\\comp\\AppData\\Roaming\\Microsoft\\Windows\\Start Menu\\Programs\\Startup\\x.vbs\"",
      1
    ],
    [
      "C:\\Users\\comp\\AppData\\Local\\Temp\\Purchase-order_62297.exe \"{path}\"",
      1
    ],
    [
      "\"C:\\Windows\\System32\\schtasks.exe\" /Create /TN \"Updates\\czANYWBxpgCY\" /XML \"C:\\Users\\comp\\AppData\\Local\\Temp\\tmp67A3.tmp\"",
      1
    ]
  ],
  "write_keys": [
    [
      "HKEY_CURRENT_USER\\Control Panel\\Buses\\Config0",
      1
    ]
  ],
  "read_files": [
    [
      "C:\\Windows\\SysWOW64\\en-US\\cmd.exe.mui",
      9
    ],
    [
      "C:\\Windows\\assembly\\NativeImages_v2.0.50727_32\\mscorlib\\9f895c66454577eff9c77442d0c84f71\\mscorlib.ni.dll",
      8
    ],
    [
      "C:\\Users\\comp\\AppData\\Roaming\\Microsoft\\CLR Security Config\\v2.0.50727.312\\security.config",
      8
    ],
    [
      "C:\\Windows\\assembly\\NativeImages_v2.0.50727_32\\System.Windows.Forms\\22aeb10b1d8cdd66bdccfa0958340c6f\\System.Windows.Forms.ni.dll",
      7
    ],
    [
      "C:\\Users\\comp\\AppData\\Roaming\\Microsoft\\CLR Security Config\\v2.0.50727.312\\security.config.cch",
      7
    ],
    [
      "C:\\Windows\\assembly\\NativeImages_v2.0.50727_32\\System.Configuration\\612d5cf16a6bb439a07aebb38a1a5311\\System.Configuration.ni.dll",
      7
    ],
    [
      "C:\\Windows\\assembly\\NativeImages_v2.0.50727_32\\Microsoft.VisualBas#\\616da2b61467febe7ba589dbad1f0839\\Microsoft.VisualBasic.ni.dll",
      5
    ],
    [
      "C:\\Windows\\winsxs\\FileMaps\\$$_system32_21f9a9c4a2f8b514.cdf-ms",
      5
    ],
    [
      "\\Device\\KsecDD",
      4
    ],
    [
      "C:\\Windows\\assembly\\NativeImages_v2.0.50727_32\\System.Drawing\\f85964cc53acab6fa148b7c9b05e07f7\\System.Drawing.ni.dll",
      3
    ]
  ],
  "delete_files": [
    [
      "C:\\Windows\\sysnative\\spool\\drivers\\x64\\3\\mxdwdui.BUD",
      9
    ],
    [
      "C:\\Users\\comp\\AppData\\Local\\Temp\\JNEwqQ.exe",
      4
    ],
    [
      "C:\\Users\\comp\\AppData\\Local\\Temp\\7e90794f.exe",
      1
    ],
    [
      "C:\\Windows\\Microsoft.NET\\Framework\\v2.0.50727\\CONFIG\\enterprisesec.config.cch.2876.24025453",
      1
    ],
    [
      "C:\\Users\\comp\\AppData\\Roaming\\Microsoft\\CLR Security Config\\v2.0.50727.312\\security.config.cch.2876.24025718",
      1
    ],
    [
      "C:\\Users\\comp\\AppData\\Local\\Temp\\0b926fffec167ec152f2.exe",
      1
    ],
    [
      "C:\\Users\\comp\\AppData\\Local\\jsproxy\\linkinfo.exe",
      1
    ],
    [
      "C:\\Windows\\Microsoft.NET\\Framework\\v2.0.50727\\MSBuild.exe",
      1
    ],
    [
      "C:\\Users\\comp\\AppData\\Local\\Temp\\48b89c60002dab9e048b.exe",
      1
    ],
    [
      "C:\\Windows\\Microsoft.NET\\Framework\\v2.0.50727\\CONFIG\\enterprisesec.config.cch.2776.30026546",
      1
    ]
  ],
  "mutexes": [
    [
      "IESQMMUTEX_0_208",
      9
    ],
    [
      "Global\\{E6C47FBA-9E19-4A7E-8C8C-D0F29534EA2B}",
      7
    ],
    [
      "Global\\CLR_CASOFF_MUTEX",
      4
    ],
    [
      "btirweunhdtr-comp",
      2
    ],
    [
      "Global\\{E5356632-2BBA-4C08-9A7F-B995913B15BB}",
      2
    ],
    [
      "60b249ad-226d-4b72-91e9-758951b2fb48{846ee340-7039-11de-9d20-806e6f6e6963}",
      2
    ],
    [
      "Local\\WinSpl64To32Mutex_ea79_0_2000",
      1
    ],
    [
      "qazwsxedc",
      1
    ],
    [
      "Global\\acdcae37-3517-11eb-81db-4e7c77f3845b",
      1
    ],
    [
      "dfthorbnjcomp",
      1
    ]
  ],
  "files": [
    [
      "C:\\Windows\\winsxs\\x86_microsoft.vc90.crt_1fc8b3b9a1e18e3b_9.0.30729.4940_none_50916076bcb9a742\\msvcr90.dll",
      6
    ],
    [
      "C:\\Windows\\assembly\\NativeImages_v2.0.50727_32\\System.Drawing\\f85964cc53acab6fa148b7c9b05e07f7\\System.Drawing.ni.dll",
      4
    ],
    [
      "C:\\Windows\\System32\\UxTheme.dll.Config",
      4
    ],
    [
      "C:\\Program Files\\PuTTY\\msvcr100.dll",
      3
    ],
    [
      "C:\\Windows\\assembly\\NativeImages_v2.0.50727_32\\mscorlib\\9f895c66454577eff9c77442d0c84f71\\mscorlib.ni.dll",
      3
    ],
    [
      "C:\\Windows\\System32\\wbem\\msvcr100.dll",
      3
    ],
    [
      "C:\\Windows\\assembly\\NativeImages_v2.0.50727_32\\Microsoft.VisualBas#\\616da2b61467febe7ba589dbad1f0839\\Microsoft.VisualBasic.ni.dll",
      3
    ],
    [
      "C:\\Windows\\assembly\\NativeImages_v2.0.50727_32\\System.Configuration\\612d5cf16a6bb439a07aebb38a1a5311\\System.Configuration.ni.dll",
      3
    ],
    [
      "C:\\Windows\\System32\\msvcr100.dll",
      2
    ],
    [
      "C:\\Windows\\assembly\\GAC_MSIL\\Microsoft.VisualBasic\\8.0.0.0__b03f5f7f11d50a3a\\Microsoft.VisualBasic.INI",
      2
    ]
  ],
  "read_keys": [
    [
      "DisableUserModeCallbackFilter",
      34
    ],
    [
      "HKEY_CURRENT_USER\\Software\\Microsoft\\Command Processor\\DelayedExpansion",
      12
    ],
    [
      "HKEY_CURRENT_USER\\Software\\Microsoft\\Command Processor\\PathCompletionChar",
      11
    ],
    [
      "HKEY_CURRENT_USER\\Control Panel\\Mouse\\SwapMouseButtons",
      8
    ],
    [
      "HKEY_CURRENT_USER\\Software\\Microsoft\\Command Processor\\CompletionChar",
      8
    ],
    [
      "HKEY_LOCAL_MACHINE\\HARDWARE\\DESCRIPTION\\System\\CentralProcessor\\0\\ProcessorNameString",
      6
    ],
    [
      "HKEY_LOCAL_MACHINE\\SOFTWARE\\Wow6432Node\\Microsoft\\Command Processor\\DelayedExpansion",
      5
    ],
    [
      "HKEY_CURRENT_USER\\Software\\Microsoft\\Command Processor\\AutoRun",
      5
    ],
    [
      "HKEY_CURRENT_USER\\Software\\Microsoft\\Command Processor\\EnableExtensions",
      4
    ],
    [
      "HKEY_LOCAL_MACHINE\\SOFTWARE\\Microsoft\\SQMClient\\Windows\\DisabledSessions\\GlobalSession",
      4
    ]
  ],
  "write_files": [
    [
      "\\Device\\LanmanDatagramReceiver",
      1
    ],
    [
      "\\Device\\KsecDD",
      1
    ],
    [
      "G:\\4251b66d1f657c488f01.exe",
      1
    ],
    [
      "C:\\Users\\comp\\AppData\\Roaming\\Microsoft\\Windows\\Start Menu\\Programs\\Startup\\x.vbs",
      1
    ]
  ]
}