{
  "executed_commands": [
    [
      "C:\\Users\\comp\\AppData\\Roaming\\Microsoft\\Tiafuzdii\\ikkzowxr.exe",
      6
    ],
    [
      "\"C:\\Windows\\system32\\schtasks.exe\" /create /tn {9E554C6E-7D11-4FC0-AFA1-FF49DBC84412} /tr \"\\\"C:\\Users\\comp\\AppData\\Roaming\\Microsoft\\Tiafuzdii\\ikkzowxr.exe\\\"\" /sc HOURLY /mo 5 /F",
      5
    ],
    [
      "C:\\Users\\comp\\AppData\\Roaming\\Microsoft\\Tiafuzdii\\ikkzowxr.exe /C",
      4
    ],
    [
      "C:\\Users\\comp\\AppData\\Local\\Chrome\\StikyNot.exe",
      3
    ],
    [
      "\"C:\\Windows\\SysWOW64\\diskperf.exe\"",
      2
    ],
    [
      "\"C:\\Windows\\System32\\schtasks.exe\" /Create /TN \"Updates\\AvqOUjZwpiXQ\" /XML \"C:\\Users\\comp\\AppData\\Local\\Temp\\tmp8EA3.tmp\"",
      1
    ],
    [
      "\"C:\\Windows\\System32\\schtasks.exe\" /Create /TN \"Updates\\rHwNrIfXERo\" /XML \"C:\\Users\\comp\\AppData\\Local\\Temp\\tmp95B8.tmp\"",
      1
    ],
    [
      "\"C:\\Windows\\System32\\schtasks.exe\" /Create /TN \"Updates\\InNHNJvJUCH\" /XML \"C:\\Users\\comp\\AppData\\Local\\Temp\\tmp8378.tmp\"",
      1
    ],
    [
      "c:\\windows\\system\\explorer.exe",
      1
    ],
    [
      "\"C:\\Windows\\System32\\schtasks.exe\" /Create /TN \"Updates\\oSyQOVtiqYEgy\" /XML \"C:\\Users\\comp\\AppData\\Local\\Temp\\tmpB575.tmp\"",
      1
    ]
  ],
  "write_keys": [
    [
      "HKEY_CURRENT_USER\\Software\\Microsoft\\Windows\\CurrentVersion\\Run\\Microsoft OneDrive",
      6
    ],
    [
      "HKEY_CURRENT_USER\\Software\\Microsoft\\Windows\\CurrentVersion\\Action Center\\Checks\\{E8433B72-5842-4d43-8645-BC2C35960837}.check.103\\CheckSetting",
      2
    ],
    [
      "HKEY_CURRENT_USER\\Software\\Microsoft\\Windows\\CurrentVersion\\Action Center\\Checks\\{852FB1F8-5CC6-4567-9C0E-7C330F8807C2}.check.100\\CheckSetting",
      2
    ],
    [
      "HKEY_LOCAL_MACHINE\\SOFTWARE\\Wow6432Node\\Microsoft\\Windows\\CurrentVersion\\Run\\6daadb18",
      1
    ],
    [
      "HKEY_CURRENT_USER\\Software\\Microsoft\\Windows\\CurrentVersion\\Run\\eystc",
      1
    ],
    [
      "HKEY_CURRENT_USER\\http://skullisland.tk/Pablo/fre.php",
      1
    ],
    [
      "HKEY_CURRENT_USER\\Software\\Microsoft\\Windows\\CurrentVersion\\Internet Settings\\MaxConnectionsPer1_0Server",
      1
    ],
    [
      "HKEY_CURRENT_USER\\https://storeafh.com/css/cc/Panel/fre.php\\BF783B",
      1
    ],
    [
      "HKEY_CURRENT_USER\\Software\\Microsoft\\Windows\\CurrentVersion\\Run\\Images",
      1
    ],
    [
      "HKEY_CURRENT_USER\\Software\\Microsoft\\Windows\\CurrentVersion\\Run\\DSL Service",
      1
    ]
  ],
  "started_services": [
    [
      "EFS",
      1
    ]
  ],
  "read_files": [
    [
      "C:\\Windows\\SysWOW64\\WerFault.exe",
      13
    ],
    [
      "C:\\Users\\comp\\AppData\\Local\\Microsoft\\Windows\\Caches\\{AFBF9F1A-8EE8-4C77-AF34-C647E37CA0D9}.1.ver0x0000000000000003.db",
      5
    ],
    [
      "C:\\Users\\comp\\AppData\\Local\\Microsoft\\Windows\\Caches\\{AFBF9F1A-8EE8-4C77-AF34-C647E37CA0D9}.1.ver0x0000000000000005.db",
      3
    ],
    [
      "C:\\Windows\\System32\\netutils.dll",
      1
    ],
    [
      "C:\\Windows\\SysWOW64\\en-US\\PING.EXE.mui",
      1
    ],
    [
      "C:\\Windows\\system\\explorer.exe",
      1
    ]
  ],
  "delete_files": [
    [
      "C:\\Users\\comp\\AppData\\Local\\Chrome\\StikyNot.exe",
      7
    ],
    [
      "C:\\Users\\comp\\AppData\\Roaming\\BF783B\\BCDB0B.lck",
      4
    ],
    [
      "C:\\Users\\comp\\AppData\\Roaming\\images.exe:Zone.Identifier",
      3
    ],
    [
      "C:\\Users\\comp\\AppData\\Local\\KBDLT1\\api-ms-win-core-interlocked-l1-1-0.exe",
      1
    ],
    [
      "C:\\Users\\comp\\AppData\\Local\\inseng\\xmlprovi.exe:Zone.Identifier",
      1
    ],
    [
      "C:\\Users\\comp\\AppData\\Roaming\\intelx.exe:Zone.Identifier",
      1
    ],
    [
      "C:\\Users\\comp\\AppData\\Local\\KBDSMSFI\\runonce.exe:Zone.Identifier",
      1
    ],
    [
      "C:\\Users\\comp\\AppData\\Local\\msjter40\\SmartcardCredentialProvider.exe",
      1
    ],
    [
      "C:\\Users\\comp\\AppData\\Local\\dhcpcmonitor\\kbdgeoer.exe:Zone.Identifier",
      1
    ],
    [
      "C:\\Users\\comp\\AppData\\Roaming\\YYtJku\\YYtJku.exe:Zone.Identifier",
      1
    ]
  ],
  "mutexes": [
    [
      "StikyNot_yakuza",
      12
    ],
    [
      "IESQMMUTEX_0_208",
      9
    ],
    [
      "14E11E0BF783BCDB0BD10C30",
      5
    ],
    [
      "Global\\{A42BA924-B417-4B83-AD34-6F16594B05DA}",
      1
    ],
    [
      "Global\\{E5356632-2BBA-4C08-9A7F-B995913B15BB}",
      1
    ],
    [
      "Global\\syncronize_1BT1SRA",
      1
    ],
    [
      "{BBE5476A-7D35-7263-87F1-120E195938AC}",
      1
    ],
    [
      "Global\\{E6C47FBA-9E19-4A7E-8C8C-D0F29534EA2B}",
      1
    ]
  ],
  "files": [
    [
      "C:\\Windows\\SysWOW64\\WerFault.exe",
      1
    ]
  ],
  "write_files": [
    [
      "C:\\Users\\comp\\AppData\\Roaming\\Microsoft\\Tiafuzdii\\ikkzowxr.exe",
      13
    ],
    [
      "C:\\Users\\comp\\AppData\\Local\\Chrome\\C:\\Users\\comp\\AppData\\Local\\Chrome\\SyncHost.exe",
      6
    ],
    [
      "C:\\Users\\comp\\AppData\\Roaming\\Microsoft\\Tiafuzdii\\ikkzowxr.dat",
      5
    ],
    [
      "C:\\Users\\comp\\AppData\\Roaming\\Microsoft\\Windows\\Start Menu\\Programs\\Startup\\x.vbs",
      4
    ],
    [
      "C:\\Users\\comp\\AppData\\Roaming\\BF783B\\BCDB0B.exe",
      4
    ],
    [
      "C:\\Users\\comp\\AppData\\Local\\Chrome\\StikyNot.exe",
      3
    ],
    [
      "C:\\Users\\comp\\AppData\\Local\\Chrome\\C:\\Users\\comp\\AppData\\Local\\Chrome\\StikyNot.exe",
      3
    ],
    [
      "C:\\Users\\comp\\AppData\\Roaming\\ProPlayer\\Player.exe.exe",
      2
    ],
    [
      "C:\\Users\\comp\\AppData\\Roaming\\images.exe",
      2
    ],
    [
      "C:\\Users\\comp\\AppData\\Roaming\\Microsoft\\Windows\\Start Menu\\Programs\\Startup\\9fd0225185a115a1d61e.exe",
      1
    ]
  ]
}