{
  "resolved_apis": [
    [
      "dui70.dll.?SetXMLFromResource@DUIXmlParser@DirectUI@@QEAAJIPEAUHINSTANCE__@@0@Z",
      1
    ],
    [
      "oleaut32.dll.LPSAFEARRAY_UserUnmarshal64",
      1
    ]
  ],
  "keys": [
    [
      "HKEY_LOCAL_MACHINE\\SOFTWARE\\Classes\\Wow6432Node\\CLSID\\{66742402-F9B9-11D1-A202-0000F81FEDEE}\\UseInProcHandlerCache",
      2
    ],
    [
      "HKEY_CURRENT_USER\\Software\\Microsoft\\Windows\\CurrentVersion\\Action Center\\Providers\\EventLog\\{A5268B8E-7DB5-465b-BAB7-BDCDA39A394A}",
      2
    ],
    [
      "HKEY_LOCAL_MACHINE\\SOFTWARE\\Classes\\Wow6432Node\\CLSID\\{66742402-F9B9-11D1-A202-0000F81FEDEE}\\NoOplock",
      2
    ],
    [
      "HKEY_CURRENT_USER\\Software\\Microsoft\\Windows\\CurrentVersion\\Action Center\\Providers\\EventLog\\{11CD958A-C507-4EF3-B3F2-5FD9DFBD2C78}",
      2
    ],
    [
      "HKEY_LOCAL_MACHINE\\SOFTWARE\\Classes\\CLSID\\{9C73F5E5-7AE7-4E32-A8E8-8D23B85255BF}\\ShellFolder\\WantsUniversalDelegate",
      1
    ],
    [
      "HKEY_LOCAL_MACHINE\\SOFTWARE\\Classes\\Wow6432Node\\CLSID\\{20D04FE0-3AEA-1069-A2D8-08002B30309D}\\ShellFolder\\HideInWebView",
      1
    ],
    [
      "HKEY_CURRENT_USER\\Software\\Microsoft\\Windows\\CurrentVersion\\Action Center\\Checks\\{DAB69A6A-4D2A-4D44-94BF-E0091898C881}.check.100\\CheckSetting",
      1
    ],
    [
      "HKEY_CURRENT_USER\\Software\\Classes\\CLSID\\{A4A1A128-768F-41E0-BF75-E4FDDD701CBA}\\Progid",
      1
    ],
    [
      "HKEY_LOCAL_MACHINE\\SOFTWARE\\Classes\\CLSID\\{20D04FE0-3AEA-1069-A2D8-08002B30309D}\\{28636AA6-953D-11D2-B5D6-00C04FD918D0} 34",
      1
    ],
    [
      "HKEY_CURRENT_USER\\Software\\Microsoft\\Windows\\CurrentVersion\\Action Center\\Checks\\{01979c6a-42fa-414c-b8aa-eee2c8202018}.check.101\\CheckSetting",
      1
    ]
  ],
  "executed_commands": [
    [
      "\"C:\\Users\\comp\\AppData\\Local\\msdtcuiu\\msieftp.exe\"",
      1
    ],
    [
      "\"C:\\Users\\comp\\AppData\\Local\\dmrc\\btpanui.exe\"",
      1
    ],
    [
      "\"C:\\Users\\comp\\AppData\\Local\\mpr\\KBDBGPH1.exe\"",
      1
    ],
    [
      "\"C:\\Users\\comp\\AppData\\Local\\slwga\\asycfilt.exe\"",
      1
    ],
    [
      "\"C:\\Users\\comp\\AppData\\Local\\sbe\\NlsLexicons0045.exe\"",
      1
    ],
    [
      "\"C:\\Users\\comp\\AppData\\Local\\mssrch\\spp.exe\"",
      1
    ],
    [
      "\"C:\\Users\\comp\\AppData\\Local\\taskcomp\\msmpeg2adec.exe\"",
      1
    ],
    [
      "\"C:\\Users\\comp\\AppData\\Local\\ipsmsnap\\XpsRasterService.exe\"",
      1
    ],
    [
      "\"C:\\Windows\\System32\\cmd.exe\" /c timeout /t 5 && del \"C:\\Users\\comp\\AppData\\Local\\Temp\\cdf3c63a92c375d97abe.exe\" && del \"C:\\Users\\comp\\AppData\\Local\\Temp\\cdf3c63a92c375d97abe.exe.config\"",
      1
    ],
    [
      "\"C:\\Users\\comp\\AppData\\Local\\shdocvw\\ntkrnlpa.exe\"",
      1
    ]
  ],
  "delete_files": [
    [
      "C:\\Users\\comp\\AppData\\Local\\Temp\\a930ccba2c5b6e146036.exe",
      1
    ],
    [
      "C:\\Users\\comp\\AppData\\Local\\mtxlegih\\KBDINPUN.exe",
      1
    ],
    [
      "C:\\Users\\comp\\AppData\\Local\\Temp\\618e0e8da4700e6ed2f8.exe",
      1
    ],
    [
      "C:\\Users\\comp\\AppData\\Local\\drmmgrtn\\EhStorShell.exe",
      1
    ],
    [
      "C:\\Users\\comp\\AppData\\Local\\forfiles\\fltLib.exe",
      1
    ],
    [
      "C:\\Users\\comp\\AppData\\Local\\Temp\\ef41c26328181e0f1723.exe",
      1
    ],
    [
      "C:\\Users\\comp\\AppData\\Local\\Temp\\2eafd204076978f8a4a3.exe",
      1
    ],
    [
      "C:\\Users\\comp\\AppData\\Local\\Temp\\426168bd7d482f0ffa8f.exe",
      1
    ],
    [
      "C:\\Users\\comp\\AppData\\Local\\Temp\\a48465f198c2d256c186.exe",
      1
    ],
    [
      "C:\\Users\\comp\\AppData\\Local\\Temp\\f3e898e8fa4fa582743d.exe",
      1
    ]
  ],
  "files": [
    [
      "C:\\Windows\\sysnative\\en-US\\netshell.dll.mui",
      1
    ],
    [
      "C:\\Users\\comp\\AppData\\Local\\FirewallAPI\\KBDPO.exe",
      1
    ]
  ],
  "read_keys": [
    [
      "HKEY_LOCAL_MACHINE\\SOFTWARE\\Classes\\CLSID\\{7007ACC7-3202-11D1-AAD2-00805FC1270E}\\ShellFolder\\QueryForOverlay",
      3
    ],
    [
      "HKEY_CURRENT_USER\\Software\\Microsoft\\Windows\\CurrentVersion\\Explorer\\Advanced\\DontPrettyPath",
      2
    ],
    [
      "HKEY_CURRENT_USER\\Software\\Classes\\Local Settings\\MuiCache\\5\\52C64B7E\\@C:\\Windows\\system32\\netshell.dll,-1200",
      1
    ],
    [
      "HKEY_LOCAL_MACHINE\\SOFTWARE\\Classes\\CLSID\\{A4A1A128-768F-41E0-BF75-E4FDDD701CBA}\\InProcServer32\\InprocServer32",
      1
    ],
    [
      "HKEY_CURRENT_USER\\Software\\Microsoft\\Windows\\CurrentVersion\\Internet Settings\\Zones\\4\\1201",
      1
    ],
    [
      "HKEY_LOCAL_MACHINE\\SOFTWARE\\Classes\\CLSID\\{7007ACC7-3202-11D1-AAD2-00805FC1270E}\\ShellFolder\\HasNavigationEnum",
      1
    ],
    [
      "HKEY_LOCAL_MACHINE\\SOFTWARE\\Classes\\SystemFileAssociations\\.exe\\NeverShowExt",
      1
    ],
    [
      "HKEY_LOCAL_MACHINE\\SOFTWARE\\Microsoft\\Windows\\CurrentVersion\\Policies\\NonEnum\\{7007ACC7-3202-11D1-AAD2-00805FC1270E}",
      1
    ],
    [
      "HKEY_LOCAL_MACHINE\\SOFTWARE\\Classes\\CLSID\\{7007ACC7-3202-11D1-AAD2-00805FC1270E}\\ShellFolder\\WantsAliasedNotifications",
      1
    ],
    [
      "HKEY_LOCAL_MACHINE\\SOFTWARE\\Microsoft\\Internet Explorer\\Security\\DisableSecuritySettingsCheck",
      1
    ]
  ],
  "write_files": [
    [
      "C:\\Users\\comp\\AppData\\Local\\PortableDeviceApi\\dataclen.exe",
      2
    ],
    [
      "C:\\Users\\comp\\AppData\\Local\\cscript\\dpnsvr.exe",
      1
    ],
    [
      "C:\\Users\\comp\\AppData\\Local\\RstrtMgr\\api-ms-win-core-util-l1-1-0.exe",
      1
    ],
    [
      "C:\\Users\\comp\\AppData\\Local\\usbceip\\EhStorPwdMgr.exe",
      1
    ],
    [
      "C:\\Users\\comp\\AppData\\Roaming\\juftdri",
      1
    ],
    [
      "C:\\Users\\comp\\AppData\\Local\\connect\\WfHC.exe",
      1
    ],
    [
      "C:\\Users\\comp\\AppData\\Local\\api-ms-win-core-string-l1-1-0\\NlsData003e.exe",
      1
    ],
    [
      "C:\\Users\\comp\\AppData\\Local\\NlsData0011\\powercfg.exe",
      1
    ],
    [
      "C:\\Users\\comp\\AppData\\Local\\fdProxy\\SyncInfrastructure.exe",
      1
    ],
    [
      "C:\\Users\\comp\\AppData\\Local\\wdi\\cliconfg.exe",
      1
    ]
  ]
}