{
  "resolved_apis": [
    [
      "comctl32.dll.FlatSB_GetScrollPos",
      2
    ],
    [
      "comctl32.dll.UninitializeFlatSB",
      1
    ],
    [
      "oleaut32.dll.VarSub",
      1
    ],
    [
      "oleaut32.dll.VarOr",
      1
    ],
    [
      "kernel32.dll.LocalAlloc",
      1
    ],
    [
      "oleaut32.dll.VarCmp",
      1
    ],
    [
      "oleaut32.dll.VarCyFromStr",
      1
    ]
  ],
  "keys": [
    [
      "HKEY_LOCAL_MACHINE\\SOFTWARE\\Classes\\Wow6432Node\\CLSID\\{6EDD6D74-C007-4E75-B76A-E5740995E24C}\\InprocHandler",
      1
    ],
    [
      "HKEY_LOCAL_MACHINE\\SOFTWARE\\Classes\\CLSID\\{6EDD6D74-C007-4E75-B76A-E5740995E24C}\\Progid",
      1
    ],
    [
      "HKEY_CURRENT_USER\\Software\\Borland\\Delphi\\Locales",
      1
    ],
    [
      "HKEY_LOCAL_MACHINE\\SYSTEM\\ControlSet001\\Control\\Nls\\ExtendedLocale\\en-US",
      1
    ],
    [
      "HKEY_LOCAL_MACHINE\\SYSTEM\\ControlSet001\\Control\\Nls\\Locale\\00000409",
      1
    ],
    [
      "HKEY_CURRENT_USER\\Software\\Borland\\Locales",
      1
    ],
    [
      "HKEY_LOCAL_MACHINE\\SYSTEM\\ControlSet001\\Control\\Nls\\CustomLocale\\en-US",
      1
    ],
    [
      "HKEY_LOCAL_MACHINE\\SOFTWARE\\Classes\\Wow6432Node\\CLSID\\{3E5FC7F9-9A51-4367-9063-A120244FBEC7}\\InprocServer32\\ThreadingModel",
      1
    ]
  ],
  "executed_commands": [
    [
      "C:\\Users\\comp\\AppData\\Roaming\\Microsoft\\Tiafuzdii\\ikkzowxr.exe /C",
      8
    ],
    [
      "c:\\windows\\system\\explorer.exe",
      4
    ],
    [
      "C:\\Users\\comp\\AppData\\Roaming\\Microsoft\\Tiafuzdii\\ikkzowxr.exe",
      4
    ],
    [
      "\"C:\\Windows\\system32\\schtasks.exe\" /create /tn {9E554C6E-7D11-4FC0-AFA1-FF49DBC84412} /tr \"\\\"C:\\Users\\comp\\AppData\\Roaming\\Microsoft\\Tiafuzdii\\ikkzowxr.exe\\\"\" /sc HOURLY /mo 5 /F",
      3
    ],
    [
      "\"C:\\Users\\comp\\AppData\\Roaming\\Microsoft\\Tiafuzdii\\ikkzowxr.exe\" /W",
      3
    ],
    [
      "\"C:\\Windows\\system32\\notepad.exe\"",
      2
    ],
    [
      "nltest /domain_trusts /all_trusts",
      2
    ],
    [
      "\"C:\\Users\\comp\\AppData\\Local\\KBDMLT47\\dhcpcore.exe\"",
      1
    ],
    [
      "\"C:\\\\\\\\Windows\\\\\\\\Microsoft.NET\\\\\\\\Framework\\\\\\\\v2.0.50727\\\\\\\\MSBuild.exe\"",
      1
    ],
    [
      "\"C:\\Users\\comp\\AppData\\Local\\ComputerDefaults\\wevtutil.exe\"",
      1
    ]
  ],
  "started_services": [
    [
      "VaultSvc",
      1
    ]
  ],
  "read_files": [
    [
      "C:\\Windows\\Fonts\\staticcache.dat",
      6
    ],
    [
      "C:\\Users\\comp\\AppData\\Local\\Google\\Chrome\\User Data\\Local State",
      1
    ],
    [
      "C:\\Users\\comp\\AppData\\Local\\Temp\\log609E.tmp",
      1
    ],
    [
      "C:\\Users\\comp\\AppData\\Local\\Temp\\log7EA5.tmp",
      1
    ],
    [
      "C:\\Users\\comp\\AppData\\Local\\Temp\\log6DFC.tmp",
      1
    ],
    [
      "C:\\Windows\\System32\\shdocvw.dll",
      1
    ],
    [
      "C:\\Windows\\SysWOW64\\en-US\\SHELL32.dll.mui",
      1
    ],
    [
      "C:\\myapp.exe",
      1
    ],
    [
      "C:\\Windows\\System32\\tzres.dll",
      1
    ],
    [
      "C:\\Windows\\System32\\netutils.dll",
      1
    ]
  ],
  "delete_files": [
    [
      "C:\\Users\\comp\\AppData\\Local\\Temp\\log609E.tmp",
      1
    ],
    [
      "C:\\Users\\comp\\AppData\\Local\\Temp\\log67D2.tmp",
      1
    ],
    [
      "C:\\Users\\comp\\AppData\\Local\\Temp\\41c685ce04c8a2a84b76.exe",
      1
    ],
    [
      "C:\\Users\\comp\\AppData\\Local\\Chrome\\SyncHost.exe",
      1
    ],
    [
      "C:\\Users\\comp\\AppData\\Local\\Temp\\OcAzJVFfzUE.jpg",
      1
    ],
    [
      "C:\\Users\\comp\\AppData\\Local\\Chrome\\StikyNot.exe",
      1
    ],
    [
      "C:\\Users\\comp\\AppData\\Local\\Temp\\1ea5c9ec2560f27cc930.exe",
      1
    ],
    [
      "C:\\Users\\comp\\AppData\\Local\\Temp\\~DF82161FD8B7708CC3.TMP",
      1
    ],
    [
      "C:\\Users\\comp\\AppData\\Local\\Temp\\log6BBA.tmp",
      1
    ],
    [
      "C:\\Users\\comp\\AppData\\Local\\Temp\\log7F22.tmp",
      1
    ]
  ],
  "mutexes": [
    [
      "IESQMMUTEX_0_208",
      17
    ],
    [
      "Global\\{E6C47FBA-9E19-4A7E-8C8C-D0F29534EA2B}",
      11
    ],
    [
      "Global\\{E5356632-2BBA-4C08-9A7F-B995913B15BB}",
      9
    ],
    [
      "Global\\.net clr networking",
      7
    ],
    [
      "StikyNot_yakuza",
      6
    ],
    [
      "qazwsxedc",
      4
    ],
    [
      "Global\\{A42BA924-B417-4B83-AD34-6F16594B05DA}",
      4
    ],
    [
      "\"C:\\Users\\comp\\AppData\\Local\\Temp\\2cbdede5ce74833cf41b.exe\" ",
      1
    ],
    [
      "Local\\ZoneAttributeCacheCounterMutex",
      1
    ],
    [
      "CicLoadWinStaWinSta0",
      1
    ]
  ],
  "files": [
    [
      "C:\\Users\\comp\\AppData\\Local\\Temp\\d55a82ddece8372f6c66.ENU.DLL",
      1
    ],
    [
      "C:\\Windows\\winsxs\\amd64_microsoft-windows-m..do-backcompat-tlb20_31bf3856ad364e35_6.1.7601.22012_none_49c4ab6d21d4e912",
      1
    ],
    [
      "C:\\Users\\comp\\AppData\\Local\\Temp\\REVISED PO RTTW2909RTTW2711 _pdf.ENU.DLL",
      1
    ]
  ],
  "read_keys": [
    [
      "HKEY_LOCAL_MACHINE\\SOFTWARE\\Classes\\Wow6432Node\\CLSID\\{6EDD6D74-C007-4E75-B76A-E5740995E24C}\\InProcServer32\\InprocServer32",
      6
    ],
    [
      "HKEY_LOCAL_MACHINE\\SOFTWARE\\Classes\\Wow6432Node\\Interface\\{6EDD6D74-C007-4E75-B76A-E5740995E24C}\\ProxyStubClsid32\\(Default)",
      4
    ],
    [
      "HKEY_LOCAL_MACHINE\\SOFTWARE\\Classes\\Wow6432Node\\CLSID\\{6EDD6D74-C007-4E75-B76A-E5740995E24C}\\(Default)",
      4
    ],
    [
      "HKEY_LOCAL_MACHINE\\SOFTWARE\\Classes\\Wow6432Node\\CLSID\\{6EDD6D74-C007-4E75-B76A-E5740995E24C}\\InProcServer32\\ThreadingModel",
      2
    ],
    [
      "HKEY_LOCAL_MACHINE\\SOFTWARE\\Classes\\Wow6432Node\\CLSID\\{3E5FC7F9-9A51-4367-9063-A120244FBEC7}\\InprocServer32\\(Default)",
      2
    ],
    [
      "HKEY_LOCAL_MACHINE\\SOFTWARE\\Classes\\Wow6432Node\\CLSID\\{6EDD6D74-C007-4E75-B76A-E5740995E24C}\\InProcServer32\\(Default)",
      2
    ],
    [
      "HKEY_LOCAL_MACHINE\\SYSTEM\\ControlSet001\\services\\Dnscache\\Parameters\\DnsTest",
      1
    ],
    [
      "HKEY_LOCAL_MACHINE\\SOFTWARE\\Wow6432Node\\Microsoft\\Windows\\CurrentVersion\\explorer\\FolderDescriptions\\{491E922F-5643-4AF4-A7EB-4E7A138D8174}\\Security",
      1
    ],
    [
      "HKEY_LOCAL_MACHINE\\SOFTWARE\\Classes\\Wow6432Node\\CLSID\\{3E5FC7F9-9A51-4367-9063-A120244FBEC7}\\(Default)",
      1
    ],
    [
      "HKEY_LOCAL_MACHINE\\SOFTWARE\\Classes\\Wow6432Node\\Interface\\{027947E1-D731-11CE-A357-000000000001}\\ProxyStubClsid32\\(Default)",
      1
    ]
  ],
  "write_files": [
    [
      "C:\\Users\\comp\\AppData\\Roaming\\Microsoft\\Windows\\Start Menu\\Programs\\Startup\\x.vbs",
      2
    ],
    [
      "C:\\Users\\comp\\advapi32res\\BdeSysprep.exe",
      1
    ],
    [
      "C:\\Users\\comp\\AppData\\Local\\Temp\\log609E.tmp",
      1
    ],
    [
      "C:\\Users\\comp\\btpanui\\SystemPropertiesPerformance.exe",
      1
    ],
    [
      "C:\\Users\\comp\\AppData\\Local\\Temp\\log7EA5.tmp",
      1
    ],
    [
      "C:\\Users\\comp\\AppData\\Local\\Temp\\log67D2.tmp",
      1
    ],
    [
      "\\Device\\LanmanDatagramReceiver",
      1
    ],
    [
      "C:\\Users\\comp\\AppData\\Local\\Temp\\log6DFC.tmp",
      1
    ],
    [
      "C:\\Users\\comp\\AppData\\Roaming\\CFMBUF\\CFMBUF.exe",
      1
    ],
    [
      "C:\\Users\\comp\\AppData\\Local\\Temp\\log63EA.tmp",
      1
    ]
  ]
}