{
  "resolved_apis": [
    [
      "kernel32.dll.GetUserDefaultUILanguage",
      6
    ],
    [
      "ole32.dll.CoCreateInstanceEx",
      3
    ],
    [
      "comctl32.dll.HIMAGELIST_QueryInterface",
      2
    ],
    [
      "advapi32.dll.RegCloseKey",
      2
    ],
    [
      "ole32.dll.CoCreateInstance",
      2
    ],
    [
      "gdi32.dll.GetFontAssocStatus",
      2
    ],
    [
      "ole32.dll.CoRegisterInitializeSpy",
      2
    ],
    [
      "gdiplus.dll.GdipLoadImageFromStream",
      1
    ],
    [
      "gdi32.dll.GetTextFaceAliasW",
      1
    ],
    [
      "ole32.dll.CoUninitialize",
      1
    ]
  ],
  "keys": [
    [
      "HKEY_CURRENT_USER\\Software\\Microsoft\\.NETFramework\\Policy\\Upgrades",
      3
    ],
    [
      "HKEY_LOCAL_MACHINE\\SOFTWARE\\Wow6432Node\\Microsoft\\Windows\\Windows Error Reporting\\WMR\\Disable",
      2
    ],
    [
      "HKEY_CURRENT_USER\\Software\\Microsoft\\Windows\\CurrentVersion\\Internet Settings\\Wpad\\{EBDD93DF-7CC7-4631-B927-16D55DE80011}\\WpadDecisionTime",
      2
    ],
    [
      "HKEY_LOCAL_MACHINE\\SOFTWARE\\Classes\\Wow6432Node\\CLSID\\{1B1CAD8C-2DAB-11D2-B604-00104B703EFD}\\InprocServer32\\InprocServer32",
      2
    ],
    [
      "HKEY_CURRENT_USER\\Software\\Classes\\Local Settings\\MuiCache\\5\\52C64B7E\\@%SystemRoot%\\system32\\tsgqec.dll,-100",
      2
    ],
    [
      "HKEY_LOCAL_MACHINE\\SOFTWARE\\MICROSOFT\\Fusion\\NativeImagesIndex\\v2.0.50727_32\\IL\\75638fee\\27002c8f\\a3\\SIG",
      1
    ],
    [
      "HKEY_LOCAL_MACHINE\\SOFTWARE\\Microsoft\\Windows NT\\CurrentVersion\\LanguagePack\\SurrogateFallback",
      1
    ],
    [
      "HKEY_CURRENT_USER\\Software\\Microsoft\\Windows\\CurrentVersion\\Internet Settings\\Zones\\4",
      1
    ],
    [
      "HKEY_LOCAL_MACHINE\\SOFTWARE\\Classes\\CLSID\\{7007ACC7-3202-11D1-AAD2-00805FC1270E}\\ShellFolder\\MapNetDriveVerbs",
      1
    ],
    [
      "HKEY_CURRENT_USER\\Software\\Microsoft\\Windows\\CurrentVersion\\App Paths\\ff76611591d2b7bd32b1.exe",
      1
    ]
  ],
  "executed_commands": [
    [
      "C:\\Windows\\system32\\cmd.exe /c \"\"C:\\Users\\comp\\AppData\\Local\\Temp\\2ee44be8.bat\" \"",
      1
    ],
    [
      "\"C:\\Users\\comp\\AppData\\Local\\grpconv\\nddeapi.exe\"",
      1
    ],
    [
      "\"C:\\Users\\comp\\AppData\\Local\\Temp\\70337774.bat\"",
      1
    ],
    [
      "C:\\Users\\comp\\AppData\\Local\\Temp\\70337774.bat ",
      1
    ],
    [
      "\"C:\\Users\\comp\\AppData\\Local\\qedwipes\\ieakui.exe\"",
      1
    ],
    [
      "\"C:\\Users\\comp\\AppData\\Local\\Temp\\f4369bd3bcd98f957248.exe\"",
      1
    ],
    [
      "C:\\Windows\\system32\\cmd.exe /c \"\"C:\\Users\\comp\\AppData\\Local\\Temp\\69da577b.bat\" \"",
      1
    ],
    [
      "\"C:\\Users\\comp\\AppData\\Local\\Temp\\674501da.bat\"",
      1
    ],
    [
      "C:\\Users\\comp\\AppData\\Local\\Temp\\674501da.bat ",
      1
    ],
    [
      "C:\\Users\\comp\\AppData\\Local\\Temp\\3d04240a.bat ",
      1
    ]
  ],
  "write_keys": [
    [
      "HKEY_CURRENT_USER\\Software\\Microsoft\\Windows\\CurrentVersion\\Action Center\\Checks\\{C8E6F269-B90A-4053-A3BE-499AFCEC98C4}.check.0\\CheckSetting",
      9
    ],
    [
      "HKEY_CURRENT_USER\\Software\\Microsoft\\Windows\\CurrentVersion\\Internet Settings\\Wpad\\{1BD56EEB-5FA0-48A2-B28D-F06E6A8E236B}\\WpadDecisionReason",
      3
    ],
    [
      "HKEY_CURRENT_USER\\Software\\Microsoft\\Windows\\CurrentVersion\\Internet Settings\\Wpad\\{EBDD93DF-7CC7-4631-B927-16D55DE80011}\\WpadDecisionTime",
      1
    ],
    [
      "HKEY_CURRENT_USER\\Software\\Microsoft\\Windows\\CurrentVersion\\Internet Settings\\Wpad\\{F76B84C4-979C-40C3-8B9C-C9823097EF49}\\WpadDecisionTime",
      1
    ],
    [
      "HKEY_CURRENT_USER\\Software\\Microsoft\\Windows\\CurrentVersion\\Internet Settings\\Wpad\\{EBDD93DF-7CC7-4631-B927-16D55DE80011}\\WpadDecisionReason",
      1
    ],
    [
      "HKEY_CURRENT_USER\\Software\\Microsoft\\Windows\\CurrentVersion\\Internet Settings\\Wpad\\{3EF4DDC6-E53F-4DE5-9BA6-0D779182D71D}\\WpadDecisionTime",
      1
    ],
    [
      "HKEY_CURRENT_USER\\Software\\Microsoft\\Windows\\CurrentVersion\\Internet Settings\\Wpad\\{1BD56EEB-5FA0-48A2-B28D-F06E6A8E236B}\\WpadNetworkName",
      1
    ],
    [
      "HKEY_CURRENT_USER\\Software\\Microsoft\\Windows\\CurrentVersion\\Internet Settings\\Wpad\\{6C84B9D3-0FFE-4DE9-B4B6-7F62141C2575}\\WpadDecisionReason",
      1
    ],
    [
      "HKEY_CURRENT_USER\\Software\\Microsoft\\Windows\\CurrentVersion\\Internet Settings\\Wpad\\{3858ED7C-C620-495E-AF00-789775272AB5}\\WpadDecision",
      1
    ],
    [
      "HKEY_CURRENT_USER\\Software\\Microsoft\\Windows\\CurrentVersion\\Internet Settings\\Wpad\\{0D47AFA6-B826-4DBC-AFE4-7001BB15CBDB}\\WpadDecisionReason",
      1
    ]
  ],
  "read_files": [
    [
      "C:\\Users\\comp\\AppData\\Roaming\\Microsoft\\Network\\Connections\\Pbk\\_hiddenPbk\\rasphone.pbk",
      9
    ],
    [
      "C:\\Windows\\Fonts\\staticcache.dat",
      5
    ],
    [
      "\\Device\\KsecDD",
      3
    ],
    [
      "C:\\Windows\\SysWOW64\\shell32.dll",
      2
    ],
    [
      "C:\\Windows\\WindowsShell.Manifest",
      2
    ],
    [
      "C:\\Users\\comp\\AppData\\Roaming\\Microsoft\\CLR Security Config\\v2.0.50727.312\\security.config.cch",
      1
    ],
    [
      "C:\\Users\\comp\\AppData\\Local\\Temp\\3a61c2e77a0e22e3d795.exe",
      1
    ],
    [
      "C:\\Windows\\winsxs\\x86_microsoft.windows.common-controls_6595b64144ccf1df_5.82.7601.18837_none_ec86b8d6858ec0bc\\comctl32.dll",
      1
    ],
    [
      "C:\\Windows\\System32\\ieframe.dll",
      1
    ],
    [
      "C:\\Users\\comp\\Desktop\\26328-9350-2664.exe",
      1
    ]
  ],
  "delete_files": [
    [
      "C:\\Users\\comp\\AppData\\Roaming\\Microsoft\\CLR Security Config\\v2.0.50727.312\\security.config.cch.2916.13225750",
      1
    ],
    [
      "C:\\Users\\comp\\AppData\\Local\\Temp\\nsh6169.tmp",
      1
    ],
    [
      "C:\\Users\\comp\\AppData\\Local\\dssenh\\wmdrmsdk.exe",
      1
    ],
    [
      "C:\\Users\\comp\\AppData\\Local\\WSManHTTPConfig\\rasctrs.exe",
      1
    ],
    [
      "C:\\Users\\comp\\AppData\\Local\\Temp\\6011c76680c1c35bf525.exe",
      1
    ],
    [
      "C:\\Users\\comp\\AppData\\Local\\usp10\\sqmapi.exe",
      1
    ],
    [
      "C:\\Users\\comp\\AppData\\Local\\Temp\\log6FA2.tmp",
      1
    ],
    [
      "C:\\Users\\comp\\AppData\\Local\\Temp\\69da577b.bat",
      1
    ],
    [
      "C:\\Users\\comp\\AppData\\Local\\LocationApi\\dmsynth.exe",
      1
    ],
    [
      "C:\\Users\\comp\\AppData\\Local\\Temp\\674501da.bat",
      1
    ]
  ],
  "mutexes": [
    [
      "CicLoadWinStaWinSta0",
      8
    ],
    [
      "Global\\CLR_CASOFF_MUTEX",
      7
    ],
    [
      "Global\\.net clr networking",
      7
    ],
    [
      "IESQMMUTEX_0_208",
      6
    ],
    [
      "Local\\ZoneAttributeCacheCounterMutex",
      1
    ],
    [
      "14DEAD30-2F66-41c2-AF94-9165F67460B9",
      1
    ],
    [
      "UFC2C88E-B72D679B-BC855F8C-B62522C7-27588002B",
      1
    ],
    [
      "Global\\76cd8071-3abe-11eb-a824-4e7c77f3845b",
      1
    ],
    [
      "Global\\97bb6ad3-4168-11eb-a9f9-124d6da3b739",
      1
    ],
    [
      "Global\\7cbc3a63-3abe-11eb-a824-4e7c77f3845b",
      1
    ]
  ],
  "files": [
    [
      "C:\\Users\\comp\\AppData\\Local\\Temp\\3a61c2e77a0e22e3d795.exe",
      1
    ],
    [
      "C:\\Windows\\Microsoft.NET\\Framework\\v2.0.50727\\fusion.localgac",
      1
    ],
    [
      "C:\\tmp3mcdce7o\\bin\\loader.exe",
      1
    ],
    [
      "C:\\Windows\\sysnative\\C_949.NLS",
      1
    ],
    [
      "C:\\Windows\\sysnative\\C_950.NLS",
      1
    ],
    [
      "C:\\Users",
      1
    ],
    [
      "C:\\Users\\comp\\AppData\\Local\\DeviceCenter\\KBDFC.exe",
      1
    ],
    [
      "C:\\Users\\comp\\AppData\\Local\\Temp\\025088f7c1db9c5f9472.exe.config",
      1
    ],
    [
      "C:\\Windows\\System32\\mscorrc.dll",
      1
    ],
    [
      "C:\\Users\\comp\\AppData\\Local\\Microsoft\\Windows\\Caches\\{AFBF9F1A-8EE8-4C77-AF34-C647E37CA0D9}.1.ver0x0000000000000003.db",
      1
    ]
  ],
  "read_keys": [
    [
      "HKEY_LOCAL_MACHINE\\SOFTWARE\\Classes\\Wow6432Node\\Interface\\{8A40A45D-055C-4B62-ABD7-6D613E2CEAEC}\\ProxyStubClsid32\\(Default)",
      7
    ],
    [
      "HKEY_LOCAL_MACHINE\\SOFTWARE\\Classes\\Wow6432Node\\Interface\\{2A1C9EB2-DF62-4154-B800-63278FCB8037}\\ProxyStubClsid32\\(Default)",
      5
    ],
    [
      "HKEY_CURRENT_USER\\Software\\Microsoft\\Windows\\CurrentVersion\\Internet Settings\\Wpad\\WpadLastNetwork",
      5
    ],
    [
      "HKEY_LOCAL_MACHINE\\SOFTWARE\\Wow6432Node\\Microsoft\\.NETFramework\\InstallRoot",
      4
    ],
    [
      "HKEY_LOCAL_MACHINE\\SOFTWARE\\Wow6432Node\\Microsoft\\Windows\\Windows Error Reporting\\WMR\\Disable",
      4
    ],
    [
      "HKEY_CURRENT_USER\\Software\\Microsoft\\Windows\\CurrentVersion\\Explorer\\Advanced\\NoNetCrawling",
      3
    ],
    [
      "HKEY_LOCAL_MACHINE\\SOFTWARE\\Classes\\Wow6432Node\\CLSID\\{1B1CAD8C-2DAB-11D2-B604-00104B703EFD}\\InprocServer32\\(Default)",
      2
    ],
    [
      "HKEY_LOCAL_MACHINE\\SOFTWARE\\Wow6432Node\\Microsoft\\.NETFramework\\CLRLoadLogDir",
      2
    ],
    [
      "HKEY_CURRENT_USER\\Software\\Microsoft\\Windows\\CurrentVersion\\Explorer\\MountPoints2\\CPC\\Volume\\{5f0c3475-f160-11ea-9f0e-806e6f6e6963}\\Data",
      2
    ],
    [
      "HKEY_LOCAL_MACHINE\\SOFTWARE\\Classes\\Drive\\shellex\\FolderExtensions\\{fbeb8a05-beee-4442-804e-409d6c4515e9}\\DriveMask",
      2
    ]
  ],
  "write_files": [
    [
      "C:\\Users\\comp\\AppData\\Local\\Temp\\contribute\\sbssystemconfigurationinstall.dll",
      1
    ],
    [
      "C:\\Users\\comp\\AppData\\Local\\Microsoft\\Windows\\History\\History.IE5\\index.dat",
      1
    ],
    [
      "C:\\Users\\comp\\AppData\\Local\\ifsutilx\\KBDWOL.exe",
      1
    ],
    [
      "C:\\Users\\comp\\AppData\\Local\\usp10\\sqmapi.exe",
      1
    ],
    [
      "C:\\Users\\comp\\AppData\\Local\\imm32\\netsh.exe",
      1
    ],
    [
      "\\Device\\KsecDD",
      1
    ],
    [
      "C:\\Users\\comp\\AppData\\Roaming\\Microsoft\\Windows\\Cookies\\index.dat",
      1
    ],
    [
      "C:\\Users\\comp\\AppData\\Local\\WerFault\\cmcfg32.exe",
      1
    ],
    [
      "C:\\Users\\comp\\AppData\\Local\\Temp\\tmpG482.tmp",
      1
    ],
    [
      "C:\\Users\\comp\\AppData\\Roaming\\1koylqky.ktv.zip",
      1
    ]
  ]
}