{
  "resolved_apis": [
    [
      "advapi32.dll.CryptReleaseContext",
      6
    ],
    [
      "advapi32.dll.CryptAcquireContextA",
      5
    ],
    [
      "advapi32.dll.AdjustTokenPrivileges",
      4
    ],
    [
      "kernel32.dll.GetProcAddress",
      3
    ],
    [
      "kernel32.dll.SetFileAttributesA",
      3
    ],
    [
      "dui70.dll.?ClassExist@ClassInfoBase@DirectUI@@SG_NPAPAUIClassInfo@2@PBQBUPropertyInfo@2@IPAU32@PAUHINSTANCE__@@PBG_N@Z",
      3
    ],
    [
      "ole32.dll.CoCreateInstance",
      3
    ],
    [
      "kernel32.dll.GetFileAttributesExW",
      2
    ],
    [
      "kernel32.dll.FlsFree",
      2
    ],
    [
      "cryptsp.dll.CryptAcquireContextW",
      2
    ]
  ],
  "keys": [
    [
      "HKEY_LOCAL_MACHINE\\Software\\Microsoft\\CTF\\TIP\\{0000897b-83df-4b96-be07-0fb58b01c4a4}\\LanguageProfile\\0x00000000\\{0001bea3-ed56-483d-a2e2-aeae25577436}",
      4
    ],
    [
      "HKEY_LOCAL_MACHINE\\SOFTWARE\\Classes\\Wow6432Node\\Interface\\{55272A00-42CB-11CE-8135-00AA004BB851}\\ProxyStubClsid32\\(Default)",
      4
    ],
    [
      "HKEY_LOCAL_MACHINE\\SOFTWARE\\Wow6432Node\\Microsoft\\.NETFramework\\OnlyUseLatestCLR",
      3
    ],
    [
      "HKEY_LOCAL_MACHINE\\SOFTWARE\\MICROSOFT\\WINDOWS NT\\CURRENTVERSION\\ProfileList\\S-1-5-21-2237850072-885592287-911325625-1000\\ProfileImagePath",
      3
    ],
    [
      "HKEY_CURRENT_USER\\Software\\Microsoft\\.NETFramework",
      2
    ],
    [
      "HKEY_CURRENT_USER\\Software\\Microsoft\\Windows\\Windows Error Reporting\\Consent\\DefaultConsent",
      2
    ],
    [
      "HKEY_LOCAL_MACHINE\\SOFTWARE\\Wow6432Node\\Microsoft\\.NETFramework\\Policy\\AppPatch",
      2
    ],
    [
      "HKEY_LOCAL_MACHINE\\SOFTWARE\\Classes\\Wow6432Node\\Interface\\{2A1C9EB2-DF62-4154-B800-63278FCB8037}\\ProxyStubClsid32\\(Default)",
      2
    ],
    [
      "HKEY_USERS\\S-1-5-21-2237850072-885592287-911325625-1000\\Software\\Microsoft\\Windows\\CurrentVersion\\Explorer\\User Shell Folders",
      2
    ],
    [
      "HKEY_LOCAL_MACHINE\\SOFTWARE\\Microsoft\\Fusion\\NativeImagesIndex\\v2.0.50727_32\\IL\\6dc7d4c0\\1c74cc87\\9e\\Status",
      2
    ]
  ],
  "executed_commands": [
    [
      "C:\\Users\\comp\\AppData\\Local\\Temp\\JNEwqQ.exe",
      2
    ],
    [
      "\"C:\\Users\\comp\\AppData\\Local\\Temp\\a95bb180b0d9bb5f2a3b.exe\"",
      1
    ],
    [
      "C:\\Windows\\Microsoft.NET\\Framework\\v2.0.50727\\MSBuild.exe \"{path}\"",
      1
    ],
    [
      "dw20.exe -x -s 121784",
      1
    ],
    [
      "C:\\Users\\comp\\AppData\\Local\\Temp\\00354d04.bat ",
      1
    ],
    [
      "\"C:\\Users\\comp\\AppData\\Local\\Temp\\509d1b0a.bat\"",
      1
    ],
    [
      "\"C:\\Users\\comp\\AppData\\Local\\Temp\\674501da.bat\"",
      1
    ],
    [
      "dw20.exe -x -s 90444",
      1
    ],
    [
      "dw20.exe -x -s 60660",
      1
    ],
    [
      "dw20.exe -x -s 8488",
      1
    ]
  ],
  "write_keys": [
    [
      "HKEY_CURRENT_USER\\Software\\Microsoft\\Windows\\CurrentVersion\\Internet Settings\\Wpad\\{EBDD93DF-7CC7-4631-B927-16D55DE80011}\\WpadNetworkName",
      2
    ],
    [
      "HKEY_CURRENT_USER\\Software\\Microsoft\\Windows\\CurrentVersion\\Internet Settings\\Wpad\\{3EF4DDC6-E53F-4DE5-9BA6-0D779182D71D}\\WpadNetworkName",
      2
    ],
    [
      "HKEY_LOCAL_MACHINE\\SOFTWARE\\Wow6432Node\\Microsoft\\Tracing\\767e18bdba1b16f112fa_RASAPI32\\EnableConsoleTracing",
      1
    ],
    [
      "HKEY_CURRENT_USER\\Software\\Classes\\Local Settings\\MuiCache\\5\\52C64B7E\\@%SystemRoot%\\system32\\napipsec.dll,-2",
      1
    ],
    [
      "HKEY_CURRENT_USER\\Software\\Microsoft\\Windows\\CurrentVersion\\Internet Settings\\Wpad\\{189A9FFB-F02C-4C2A-A7D0-F3DE030208EE}\\WpadNetworkName",
      1
    ],
    [
      "HKEY_CURRENT_USER\\Software\\Classes\\Local Settings\\MuiCache\\5\\52C64B7E\\@%SystemRoot%\\system32\\dhcpqec.dll,-103",
      1
    ],
    [
      "HKEY_CURRENT_USER\\Software\\Microsoft\\Windows\\CurrentVersion\\Internet Settings\\Wpad\\{1BD56EEB-5FA0-48A2-B28D-F06E6A8E236B}\\WpadDecisionTime",
      1
    ],
    [
      "HKEY_CURRENT_USER\\Software\\Microsoft\\Windows\\CurrentVersion\\Internet Settings\\Wpad\\{1BD56EEB-5FA0-48A2-B28D-F06E6A8E236B}\\WpadDecision",
      1
    ],
    [
      "HKEY_CURRENT_USER\\Software\\Microsoft\\Windows\\CurrentVersion\\Internet Settings\\Wpad\\{1BD56EEB-5FA0-48A2-B28D-F06E6A8E236B}\\WpadNetworkName",
      1
    ],
    [
      "HKEY_LOCAL_MACHINE\\SOFTWARE\\GTplus",
      1
    ]
  ],
  "read_files": [
    [
      "C:\\Windows\\winsxs\\x86_microsoft.windows.gdiplus_6595b64144ccf1df_1.1.7601.23894_none_5c0be957a009922e\\GdiPlus.dll",
      7
    ],
    [
      "C:\\Users\\comp\\AppData\\Roaming\\Microsoft\\Network\\Connections\\Pbk\\_hiddenPbk\\rasphone.pbk",
      3
    ],
    [
      "\\Device\\KsecDD",
      3
    ],
    [
      "C:\\Windows\\Microsoft.NET\\Framework\\v2.0.50727\\CONFIG\\security.config",
      2
    ],
    [
      "C:\\Windows\\System32\\tzres.dll",
      2
    ],
    [
      "C:\\Windows\\System32\\en-US\\eapqec.dll.mui",
      1
    ],
    [
      "C:\\Windows\\Microsoft.NET\\Framework\\v2.0.50727\\diasymreader.dll",
      1
    ],
    [
      "C:\\Program Files\\Windows Defender\\MSASCui.exe",
      1
    ],
    [
      "C:\\tmp8450pcma\\bin\\flashplayer.exe",
      1
    ],
    [
      "C:\\tmpkpyunpkg\\bin\\signtool.exe",
      1
    ]
  ],
  "delete_files": [
    [
      "C:\\Users\\comp\\AppData\\Local\\Temp\\JNEwqQ.exe",
      2
    ],
    [
      "C:\\Windows\\Microsoft.NET\\Framework\\v2.0.50727\\CONFIG\\security.config.cch.2976.27626078",
      1
    ],
    [
      "C:\\Windows\\Microsoft.NET\\Framework\\v2.0.50727\\CONFIG\\security.config.cch.2932.12024796",
      1
    ],
    [
      "C:\\Users\\comp\\AppData\\Roaming\\Microsoft\\CLR Security Config\\v2.0.50727.312\\security.config.cch.2656.32425734",
      1
    ],
    [
      "C:\\Users\\comp\\AppData\\Local\\Temp\\00354d04.bat",
      1
    ],
    [
      "C:\\Users\\comp\\AppData\\Local\\Temp\\509d1b0a.bat",
      1
    ],
    [
      "C:\\Users\\comp\\AppData\\Local\\Temp\\26ca2cc1.exe",
      1
    ],
    [
      "C:\\Users\\comp\\AppData\\Roaming\\60B249AD-226D-4B72-91E9-758951B2FB48\\DSL Service\\dslsvc.exe",
      1
    ],
    [
      "C:\\Users\\comp\\AppData\\Local\\Temp\\9388f2a4e4ebd00225a4.exe",
      1
    ],
    [
      "C:\\Users\\comp\\AppData\\Local\\Temp\\e4aa18671e502a0691a8.dll",
      1
    ]
  ],
  "mutexes": [
    [
      "Global\\CLR_CASOFF_MUTEX",
      3
    ],
    [
      "Global\\.net clr networking",
      2
    ],
    [
      "Global\\bb3bb3ae-3abd-11eb-8795-7aaed4ab00fa",
      1
    ],
    [
      "CicLoadWinStaWinSta0",
      1
    ],
    [
      "Global\\351ee7d8-3bf4-11eb-bcb5-4e7c77f3845b",
      1
    ],
    [
      "btirweunhdtr-comp",
      1
    ],
    [
      "IESQMMUTEX_0_208",
      1
    ],
    [
      "Global\\8cfbddaa-4167-11eb-9512-4e7c77f3845b",
      1
    ],
    [
      "Global\\7cca887f-3abe-11eb-a824-4e7c77f3845b",
      1
    ],
    [
      "Global\\7ceedcfe-3bf3-11eb-9565-4e7c77f3845b",
      1
    ]
  ],
  "files": [
    [
      "C:\\Windows\\winsxs\\x86_microsoft.windows.gdiplus_6595b64144ccf1df_1.1.7601.23894_none_5c0be957a009922e\\GdiPlus.dll",
      5
    ],
    [
      "C:\\Users\\comp\\AppData\\Roaming\\Microsoft\\CLR Security Config\\v2.0.50727.312\\security.config.cch",
      2
    ],
    [
      "C:\\Program Files\\Windows Sidebar\\Gadgets\\Currency.Gadget\\images\\*",
      2
    ],
    [
      "C:\\Users\\comp\\AppData\\Local\\GDIPFONTCACHEV1.DAT",
      2
    ],
    [
      "C:\\Users\\comp\\AppData\\Local\\Temp\\en\\Lazarus.resources\\Lazarus.resources.exe",
      1
    ],
    [
      "C:\\Users\\comp\\AppData\\Local\\Tencent\\QQBrowser\\User Data\\Default\\EncryptedStorage",
      1
    ],
    [
      "C:\\Windows\\winsxs\\x86_microsoft.vc80.crt_1fc8b3b9a1e18e3b_8.0.50727.4940_none_d08cc06a442b34fc",
      1
    ],
    [
      "C:\\Windows\\Microsoft.NET\\Framework\\v2.0.50727\\CONFIG\\enterprisesec.config",
      1
    ],
    [
      "\\Device\\KsecDD",
      1
    ],
    [
      "C:\\Users\\comp\\AppData\\Local\\Temp\\28a44d1e835114aaab99.INI",
      1
    ]
  ],
  "read_keys": [
    [
      "HKEY_LOCAL_MACHINE\\SYSTEM\\ControlSet001\\Control\\Nls\\Language Groups\\1",
      5
    ],
    [
      "HKEY_LOCAL_MACHINE\\SOFTWARE\\Classes\\Wow6432Node\\Interface\\{26656EAA-54EB-4E6F-8F85-4F0EF901A406}\\ProxyStubClsid32\\(Default)",
      4
    ],
    [
      "HKEY_CURRENT_USER\\Software\\Microsoft\\Windows\\CurrentVersion\\Explorer\\User Shell Folders\\AppData",
      3
    ],
    [
      "HKEY_LOCAL_MACHINE\\SOFTWARE\\Microsoft\\Windows NT\\CurrentVersion\\LanguagePack\\SurrogateFallback\\Plane15",
      2
    ],
    [
      "HKEY_LOCAL_MACHINE\\SOFTWARE\\Microsoft\\Windows NT\\CurrentVersion\\LanguagePack\\SurrogateFallback\\Plane13",
      2
    ],
    [
      "HKEY_LOCAL_MACHINE\\SOFTWARE\\Classes\\Wow6432Node\\Interface\\{2A1C9EB2-DF62-4154-B800-63278FCB8037}\\ProxyStubClsid32\\(Default)",
      2
    ],
    [
      "HKEY_LOCAL_MACHINE\\SOFTWARE\\Wow6432Node\\Microsoft\\Tracing\\JNEwqQ_RASMANCS\\ConsoleTracingMask",
      2
    ],
    [
      "HKEY_LOCAL_MACHINE\\SOFTWARE\\Microsoft\\Windows NT\\CurrentVersion\\LanguagePack\\SurrogateFallback\\Plane16",
      2
    ],
    [
      "HKEY_LOCAL_MACHINE\\SOFTWARE\\Microsoft\\Reliability Analysis\\RAC\\RacWerSampleTime",
      2
    ],
    [
      "HKEY_LOCAL_MACHINE\\SOFTWARE\\Microsoft\\CTF\\TIP\\{0000897b-83df-4b96-be07-0fb58b01c4a4}\\LanguageProfile\\0x00000000\\{0001bea3-ed56-483d-a2e2-aeae25577436}\\Enable",
      2
    ]
  ],
  "write_files": [
    [
      "C:\\Users\\comp\\AppData\\Roaming\\60B249AD-226D-4B72-91E9-758951B2FB48\\DSL Service\\dslsvc.exe",
      2
    ],
    [
      "C:\\Program Files\\Google\\Chrome\\Application\\85.0.4183.83\\elevation_service.exe",
      2
    ],
    [
      "C:\\Program Files\\Google\\Chrome\\Application\\85.0.4183.83\\Installer\\chrmstp.exe",
      2
    ],
    [
      "C:\\Program Files (x86)\\Google\\Update\\1.3.36.32\\GoogleCrashHandler.exe",
      2
    ],
    [
      "C:\\Program Files\\Mozilla Firefox\\updater.exe",
      2
    ],
    [
      "C:\\tmp3mcdce7o\\bin\\flashplayer.exe",
      2
    ],
    [
      "C:\\tmp2pjfx1w2\\bin\\flashplayer.exe",
      2
    ],
    [
      "C:\\Users\\comp\\AppData\\Local\\GDIPFONTCACHEV1.DAT",
      2
    ],
    [
      "C:\\Users\\comp\\AppData\\Local\\Temp\\tmp9412.tmp",
      1
    ],
    [
      "\\Device\\Http\\Communication",
      1
    ]
  ]
}