{
  "resolved_apis": [
    [
      "winspool.drv.SpoolerPrinterEvent",
      1
    ]
  ],
  "keys": [
    [
      "HKEY_LOCAL_MACHINE\\SOFTWARE\\Classes\\Directory\\ShellEx\\{000214F9-0000-0000-C000-000000000046}",
      3
    ],
    [
      "HKEY_LOCAL_MACHINE\\SOFTWARE\\Classes\\CLSID\\{20D04FE0-3AEA-1069-A2D8-08002B30309D}\\System.HideOnDesktop",
      2
    ],
    [
      "HKEY_LOCAL_MACHINE\\SOFTWARE\\Classes\\Folder\\NeverShowExt",
      2
    ],
    [
      "HKEY_LOCAL_MACHINE\\SOFTWARE\\Microsoft\\Windows\\CurrentVersion\\PropertySystem\\FormatForDisplayHelper",
      2
    ],
    [
      "HKEY_LOCAL_MACHINE\\SOFTWARE\\Wow6432Node\\Microsoft\\Windows\\CurrentVersion\\explorer\\FolderDescriptions\\{5CE4A5E9-E4EB-479D-B89F-130C02886155}\\ParentFolder",
      1
    ],
    [
      "HKEY_LOCAL_MACHINE\\SYSTEM\\ControlSet001\\services\\.NET CLR Networking\\Performance\\FileMappingSize",
      1
    ],
    [
      "HKEY_CURRENT_USER\\Software\\Microsoft\\Windows\\CurrentVersion\\Action Center\\Checks\\{A5268B8E-7DB5-465b-BAB7-BDCDA39A394A}.check.100",
      1
    ],
    [
      "HKEY_LOCAL_MACHINE\\SOFTWARE\\MICROSOFT\\Internet Explorer\\Security\\DisableSecuritySettingsCheck",
      1
    ],
    [
      "HKEY_LOCAL_MACHINE\\SOFTWARE\\Wow6432Node\\Microsoft\\Windows\\CurrentVersion\\explorer\\Advanced\\MaxUndoItems",
      1
    ],
    [
      "HKEY_LOCAL_MACHINE\\SOFTWARE\\Classes\\exefile\\",
      1
    ]
  ],
  "executed_commands": [
    [
      "\"C:\\Users\\comp\\AppData\\Local\\netprofm\\extrac32.exe\"",
      1
    ],
    [
      "\"C:\\Users\\comp\\AppData\\Local\\vbscript\\mstsc.exe\"",
      1
    ],
    [
      "\"C:\\Users\\comp\\AppData\\Local\\HOSTNAME\\KBDTH2.exe\"",
      1
    ],
    [
      "\"C:\\Users\\comp\\AppData\\Local\\winver\\proquota.exe\"",
      1
    ],
    [
      "\"C:\\Users\\comp\\AppData\\Local\\api-ms-win-core-errorhandling-l1-1-0\\unlodctr.exe\"",
      1
    ],
    [
      "\"C:\\Users\\comp\\AppData\\Local\\sspicli\\shell32.exe\"",
      1
    ],
    [
      "\"C:\\Users\\comp\\AppData\\Local\\KBDFI1\\mapistub.exe\"",
      1
    ],
    [
      "\"C:\\Users\\comp\\AppData\\Local\\batmeter\\api-ms-win-core-sysinfo-l1-1-0.exe\"",
      1
    ],
    [
      "\"C:\\Users\\comp\\AppData\\Local\\api-ms-win-crt-utility-l1-1-0\\mfc42.exe\"",
      1
    ],
    [
      "\"C:\\Users\\comp\\AppData\\Local\\aaclient\\d3dramp.exe\"",
      1
    ]
  ],
  "write_keys": [
    [
      "HKEY_CURRENT_USER\\Software\\Microsoft\\Windows\\CurrentVersion\\Action Center\\Checks\\{E8433B72-5842-4d43-8645-BC2C35960837}.check.101\\CheckSetting",
      6
    ],
    [
      "HKEY_CURRENT_USER\\Software\\Microsoft\\Windows\\CurrentVersion\\Action Center\\Checks\\{852FB1F8-5CC6-4567-9C0E-7C330F8807C2}.check.101\\CheckSetting",
      5
    ],
    [
      "HKEY_CURRENT_USER\\Software\\Microsoft\\Windows\\CurrentVersion\\Action Center\\Checks\\{852FB1F8-5CC6-4567-9C0E-7C330F8807C2}.check.100\\CheckSetting",
      5
    ],
    [
      "HKEY_CURRENT_USER\\Software\\Microsoft\\Windows\\CurrentVersion\\Explorer\\SessionInfo\\1\\WHCIconStartup",
      4
    ],
    [
      "HKEY_CURRENT_USER\\Software\\Microsoft\\Windows\\CurrentVersion\\Action Center\\Checks\\{E8433B72-5842-4d43-8645-BC2C35960837}.check.103\\CheckSetting",
      3
    ],
    [
      "HKEY_CURRENT_USER\\Software\\Microsoft\\Windows\\CurrentVersion\\Action Center\\Checks\\{C8E6F269-B90A-4053-A3BE-499AFCEC98C4}.check.0\\CheckSetting",
      3
    ],
    [
      "HKEY_CURRENT_USER\\Software\\Microsoft\\Windows\\CurrentVersion\\Action Center\\Checks\\{945a8954-c147-4acd-923f-40c45405a658}.check.42\\CheckSetting",
      3
    ],
    [
      "HKEY_CURRENT_USER\\Software\\Microsoft\\Windows\\CurrentVersion\\Action Center\\Checks\\{E8433B72-5842-4d43-8645-BC2C35960837}.check.100\\CheckSetting",
      2
    ],
    [
      "HKEY_CURRENT_USER\\Software\\Microsoft\\Windows\\CurrentVersion\\Action Center\\Checks\\{E8433B72-5842-4d43-8645-BC2C35960837}.check.102\\CheckSetting",
      1
    ],
    [
      "HKEY_CURRENT_USER\\Software\\Microsoft\\Windows\\CurrentVersion\\Run\\newapp",
      1
    ]
  ],
  "read_files": [
    [
      "C:\\Windows\\SysWOW64\\en-US\\SHELL32.dll.mui",
      1
    ],
    [
      "C:\\Program Files\\Internet Explorer\\ieproxy.dll",
      1
    ],
    [
      "C:\\Windows\\sysnative\\en-US\\prnfldr.dll.mui",
      1
    ]
  ],
  "delete_files": [
    [
      "C:\\Windows\\Microsoft.NET\\Framework\\v2.0.50727\\RegAsm.exe:Zone.Identifier",
      3
    ],
    [
      "C:\\Users\\comp\\AppData\\Local\\pku2u\\rastapi.exe:Zone.Identifier",
      1
    ],
    [
      "C:\\Users\\comp\\AppData\\Local\\msclmd\\oddbse32.exe:Zone.Identifier",
      1
    ],
    [
      "C:\\Users\\comp\\AppData\\Local\\LocationApi\\sdiagnhost.exe:Zone.Identifier",
      1
    ],
    [
      "C:\\Users\\comp\\AppData\\Local\\KBDTUF\\api-ms-win-core-xstate-l2-1-0.exe:Zone.Identifier",
      1
    ],
    [
      "C:\\Users\\comp\\AppData\\Local\\AdapterTroubleshooter\\davhlpr.exe:Zone.Identifier",
      1
    ],
    [
      "C:\\Users\\comp\\AppData\\Local\\Netplwiz\\pnrpnsp.exe:Zone.Identifier",
      1
    ],
    [
      "C:\\Users\\comp\\AppData\\Local\\mmres\\KBDBASH.exe:Zone.Identifier",
      1
    ],
    [
      "C:\\Users\\comp\\AppData\\Local\\mtxclu\\WlS0WndH.exe:Zone.Identifier",
      1
    ],
    [
      "C:\\Users\\comp\\AppData\\Local\\EhStorPwdMgr\\WMPhoto.exe:Zone.Identifier",
      1
    ]
  ],
  "files": [
    [
      "C:\\Users\\comp\\AppData\\Local\\Netplwiz\\pnrpnsp.exe:Zone.Identifier",
      1
    ],
    [
      "C:\\Users\\comp\\AppData\\Local\\shfolder\\WerFaultSecure.exe:Zone.Identifier",
      1
    ],
    [
      "C:\\Users\\comp\\AppData\\Local\\tapi32\\oleres.exe:Zone.Identifier",
      1
    ],
    [
      "C:\\Users\\comp\\AppData\\Local\\p2pnetsh\\XpsFilt.exe:Zone.Identifier",
      1
    ],
    [
      "C:\\Users\\comp\\AppData\\Local\\setupcln\\SearchProtocolHost.exe:Zone.Identifier",
      1
    ],
    [
      "C:\\Users\\comp\\AppData\\Local\\NlsLexicons0414\\ndfapi.exe:Zone.Identifier",
      1
    ],
    [
      "C:\\Users\\comp\\AppData\\Local\\Temp\\d24902af61b7ff0f4977.exe:Zone.Identifier",
      1
    ],
    [
      "C:\\Users\\comp\\AppData\\Local\\rtm\\dispex.exe:Zone.Identifier",
      1
    ],
    [
      "C:\\Users\\comp\\AppData\\Local\\nshhttp\\PushPrinterConnections.exe:Zone.Identifier",
      1
    ],
    [
      "C:\\Users\\comp\\AppData\\Local\\termmgr\\sort.exe:Zone.Identifier",
      1
    ]
  ],
  "read_keys": [
    [
      "HKEY_LOCAL_MACHINE\\SOFTWARE\\Classes\\Wow6432Node\\CLSID\\{20D04FE0-3AEA-1069-A2D8-08002B30309D}\\ShellFolder\\HideFolderVerbs",
      2
    ],
    [
      "HKEY_CURRENT_USER\\Software\\Microsoft\\Windows\\CurrentVersion\\Explorer\\Advanced\\HideFileExt",
      1
    ],
    [
      "HKEY_LOCAL_MACHINE\\SOFTWARE\\Classes\\CLSID\\{7007ACC7-3202-11D1-AAD2-00805FC1270E}\\ShellFolder\\PinToNameSpaceTree",
      1
    ],
    [
      "HKEY_LOCAL_MACHINE\\SOFTWARE\\Classes\\Wow6432Node\\CLSID\\{20D04FE0-3AEA-1069-A2D8-08002B30309D}\\ShellFolder\\WantsParseDisplayName",
      1
    ],
    [
      "HKEY_LOCAL_MACHINE\\SOFTWARE\\Microsoft\\Windows\\CurrentVersion\\Policies\\Explorer\\NoWebView",
      1
    ],
    [
      "HKEY_LOCAL_MACHINE\\SOFTWARE\\Classes\\CLSID\\{7007ACC7-3202-11D1-AAD2-00805FC1270E}\\ShellFolder\\HideOnDesktopPerUser",
      1
    ],
    [
      "HKEY_CURRENT_USER\\Software\\Microsoft\\Windows\\CurrentVersion\\Internet Settings\\Zones\\4\\1001",
      1
    ],
    [
      "HKEY_LOCAL_MACHINE\\SOFTWARE\\Classes\\CLSID\\{9C73F5E5-7AE7-4E32-A8E8-8D23B85255BF}\\ShellFolder\\CallForAttributes",
      1
    ],
    [
      "HKEY_CURRENT_USER\\Software\\Classes\\Local Settings\\MuiCache\\5\\52C64B7E\\@C:\\Windows\\system32\\netshell.dll,-1200",
      1
    ],
    [
      "HKEY_LOCAL_MACHINE\\SOFTWARE\\Classes\\AllFilesystemObjects\\NeverShowExt",
      1
    ]
  ],
  "write_files": [
    [
      "C:\\Users\\comp\\AppData\\Roaming\\60B249AD-226D-4B72-91E9-758951B2FB48\\run.dat",
      4
    ],
    [
      "C:\\Users\\comp\\AppData\\Local\\p2pnetsh\\XpsFilt.exe",
      1
    ],
    [
      "C:\\Users\\comp\\AppData\\Local\\d3d8\\oddbse32.exe",
      1
    ],
    [
      "C:\\Users\\comp\\AppData\\Local\\wininet\\print.exe",
      1
    ],
    [
      "C:\\Users\\comp\\AppData\\Local\\wksprtPS\\provsvc.exe",
      1
    ]
  ]
}