{
  "resolved_apis": [
    [
      "kernel32.dll.SetLastError",
      2
    ],
    [
      "gdiplus.dll.GdipGetDpiY",
      1
    ],
    [
      "user32.dll.SendMessageA",
      1
    ],
    [
      "uxtheme.dll.DrawThemeIcon",
      1
    ],
    [
      "uxtheme.dll.OpenThemeData",
      1
    ],
    [
      "winspool.drv.AddJobW",
      1
    ],
    [
      "kernel32.dll.ExitProcess",
      1
    ],
    [
      "propsys.dll.PSCreateMemoryPropertyStore",
      1
    ],
    [
      "kernel32.dll.InitializeCriticalSectionAndSpinCount",
      1
    ],
    [
      "dwmapi.dll.DwmIsCompositionEnabled",
      1
    ]
  ],
  "keys": [
    [
      "DisableUserModeCallbackFilter",
      11
    ],
    [
      "HKEY_LOCAL_MACHINE\\SOFTWARE\\MICROSOFT\\CTF\\TIP\\{0000897b-83df-4b96-be07-0fb58b01c4a4}\\LanguageProfile\\0x00000000\\{0001bea3-ed56-483d-a2e2-aeae25577436}\\Enable",
      7
    ],
    [
      "HKEY_LOCAL_MACHINE\\Software\\Microsoft\\CTF\\TIP\\{0000897b-83df-4b96-be07-0fb58b01c4a4}\\LanguageProfile\\0x00000000\\{0001bea3-ed56-483d-a2e2-aeae25577436}",
      3
    ],
    [
      "HKEY_LOCAL_MACHINE\\SOFTWARE\\Classes\\CLSID\\{2227A280-3AEA-1069-A2DE-08002B30309D}\\{B725F130-47EF-101A-A5F1-02608C9EEBAC} 10",
      3
    ],
    [
      "HKEY_LOCAL_MACHINE\\Software\\Microsoft\\Windows\\CurrentVersion\\SideBySide",
      3
    ],
    [
      "HKEY_LOCAL_MACHINE\\SOFTWARE\\Classes\\Wow6432Node\\CLSID\\{20D04FE0-3AEA-1069-A2D8-08002B30309D}\\ShellFolder\\HideInWebView",
      3
    ],
    [
      "HKEY_LOCAL_MACHINE\\Software\\Microsoft\\Windows\\CurrentVersion\\Explorer\\ControlPanel\\NameSpace\\{35786D3C-B075-49B9-88DD-029876E11C01}",
      3
    ],
    [
      "HKEY_LOCAL_MACHINE\\SOFTWARE\\Classes\\Wow6432Node\\CLSID\\{20D04FE0-3AEA-1069-A2D8-08002B30309D}\\ShellFolder\\WantsParseDisplayName",
      2
    ],
    [
      "HKEY_LOCAL_MACHINE\\SOFTWARE\\Classes\\CLSID\\{7007ACC7-3202-11D1-AAD2-00805FC1270E}\\{B725F130-47EF-101A-A5F1-02608C9EEBAC} 10",
      2
    ],
    [
      "HKEY_CURRENT_USER\\Software\\Microsoft\\Windows\\CurrentVersion\\Action Center\\Checks\\{E8433B72-5842-4d43-8645-BC2C35960837}.check.103\\CheckSetting",
      2
    ]
  ],
  "executed_commands": [
    [
      "\"C:\\Users\\comp\\AppData\\Local\\printui\\NlsData001b.exe\"",
      1
    ],
    [
      "\"C:\\Users\\comp\\AppData\\Local\\vds_ps\\KBDLA.exe\"",
      1
    ],
    [
      "\"C:\\Users\\comp\\AppData\\Local\\ieUnatt\\wvc.exe\"",
      1
    ],
    [
      "\"C:\\Users\\comp\\AppData\\Local\\perfproc\\typelib.exe\"",
      1
    ],
    [
      "\"C:\\Users\\comp\\AppData\\Local\\dnscmmc\\cabview.exe\"",
      1
    ],
    [
      "\"C:\\Users\\comp\\AppData\\Local\\KBDMAORI\\dhcpcore.exe\"",
      1
    ],
    [
      "\"C:\\Users\\comp\\AppData\\Local\\tpmcompc\\dxgi.exe\"",
      1
    ],
    [
      "\"C:\\Users\\comp\\AppData\\Local\\msieftp\\dssec.exe\"",
      1
    ],
    [
      "C:\\Windows\\SysWOW64\\rundll32.exe \"C:\\Users\\comp\\AppData\\Local\\Hpvttpgjv\\vcmidvwt.ghg\",Control_RunDLL",
      1
    ],
    [
      "C:\\Windows\\system32\\cmd.exe /c echo on error resume next:CreateObject(\"WScript.Shell\").Run \"C:\\Users\\comp\\AppData\\Local\\Temp\\ebc82e867e1280af5cb0.exe\",1: >\"C:\\Users\\comp\\AppData\\Roaming\\Microsoft\\Windows\\Start Menu\\Programs\\Startup\\x.vbs\"",
      1
    ]
  ],
  "write_keys": [
    [
      "HKEY_CURRENT_USER\\Software\\Microsoft\\Windows\\CurrentVersion\\Explorer\\SessionInfo\\1\\WHCIconStartup",
      8
    ]
  ],
  "started_services": [
    [
      "EFS",
      4
    ]
  ],
  "files": [
    [
      "C:\\Users\\comp\\AppData\\Local\\Microsoft\\Windows\\Caches\\{AFBF9F1A-8EE8-4C77-AF34-C647E37CA0D9}.1.ver0x0000000000000003.db",
      9
    ],
    [
      "C:\\Windows\\Setup\\State\\State.ini",
      3
    ],
    [
      "C:\\Windows\\Setup\\State\\State.ini\\",
      2
    ],
    [
      "C:\\Windows\\winsxs\\x86_microsoft.windows.common-controls_6595b64144ccf1df_6.0.7601.18837_none_41e855142bd5705d\\comctl32.dll",
      2
    ],
    [
      "C:\\Windows\\Setup\\State",
      2
    ],
    [
      "C:\\Windows\\SysWOW64\\propsys.dll",
      2
    ],
    [
      "C:\\Windows\\SysWOW64",
      2
    ],
    [
      "C:\\Windows\\sysnative\\C_950.NLS",
      2
    ],
    [
      "C:\\Windows\\winsxs\\x86_microsoft.windows.common-controls_6595b64144ccf1df_6.0.7601.18837_none_41e855142bd5705d",
      2
    ],
    [
      "C:\\Windows\\explorer.exe",
      2
    ]
  ],
  "read_keys": [
    [
      "HKEY_LOCAL_MACHINE\\SYSTEM\\ControlSet001\\services\\Tcpip\\Parameters\\Hostname",
      6
    ],
    [
      "HKEY_LOCAL_MACHINE\\SOFTWARE\\Classes\\CLSID\\{7007ACC7-3202-11D1-AAD2-00805FC1270E}\\ShellFolder\\HideFolderVerbs",
      1
    ],
    [
      "HKEY_LOCAL_MACHINE\\SOFTWARE\\Classes\\CLSID\\{A4A1A128-768F-41E0-BF75-E4FDDD701CBA}\\InProcServer32\\InprocServer32",
      1
    ],
    [
      "HKEY_LOCAL_MACHINE\\SOFTWARE\\Classes\\CLSID\\{35786D3C-B075-49B9-88DD-029876E11C01}\\SortOrderIndex",
      1
    ],
    [
      "DisableUserModeCallbackFilter",
      1
    ],
    [
      "HKEY_LOCAL_MACHINE\\SYSTEM\\ControlSet001\\services\\Tcpip\\Parameters\\Domain",
      1
    ],
    [
      "HKEY_LOCAL_MACHINE\\SOFTWARE\\Classes\\CLSID\\{9C73F5E5-7AE7-4E32-A8E8-8D23B85255BF}\\ShellFolder\\RestrictedAttributes",
      1
    ],
    [
      "HKEY_LOCAL_MACHINE\\SOFTWARE\\Wow6432Node\\Microsoft\\.NETFramework\\OnlyUseLatestCLR",
      1
    ],
    [
      "HKEY_LOCAL_MACHINE\\SYSTEM\\ControlSet001\\Control\\Nls\\Locale\\00000409",
      1
    ],
    [
      "HKEY_LOCAL_MACHINE\\SOFTWARE\\Classes\\Wow6432Node\\CLSID\\{20D04FE0-3AEA-1069-A2D8-08002B30309D}\\ShellFolder\\QueryForInfoTip",
      1
    ]
  ],
  "write_files": [
    [
      "\\??\\PIPE\\efsrpc",
      6
    ],
    [
      "C:\\Users\\comp\\AppData\\Local\\netdiagfx\\msvcp60.exe",
      1
    ],
    [
      "C:\\Users\\comp\\AppData\\Local\\mgmtapi\\dplaysvr.exe",
      1
    ],
    [
      "C:\\Windows\\MSBLT.EXE",
      1
    ],
    [
      "C:\\Users\\comp\\AppData\\Local\\perfproc\\typelib.exe",
      1
    ],
    [
      "C:\\Users\\comp\\AppData\\Local\\dllhst3g\\dxdiagn.exe",
      1
    ],
    [
      "C:\\Users\\comp\\AppData\\Local\\KBDMAORI\\dhcpcore.exe",
      1
    ],
    [
      "C:\\Users\\comp\\AppData\\Local\\comres\\wextract.exe",
      1
    ],
    [
      "C:\\Users\\comp\\AppData\\Local\\scecli\\NlsLexicons0049.exe",
      1
    ],
    [
      "C:\\Users\\comp\\AppData\\Local\\efscore\\expsrv.exe",
      1
    ]
  ]
}