{
  "resolved_apis": [
    [
      "advapi32.dll.StartServiceCtrlDispatcherA",
      1
    ],
    [
      "wshtcpip.dll.WSHGetBroadcastSockaddr",
      1
    ],
    [
      "cryptbase.dll.SystemFunction036",
      1
    ],
    [
      "advapi32.dll.CheckTokenMembership",
      1
    ],
    [
      "rpcrt4.dll.RpcBindingSetAuthInfoExW",
      1
    ],
    [
      "dui70.dll.?Paint@Element@DirectUI@@UEAAXPEAUHDC__@@PEBUtagRECT@@1PEAU4@2@Z",
      1
    ],
    [
      "kernel32.dll.IsProcessorFeaturePresent",
      1
    ],
    [
      "gdi32.dll.CreateDIBSection",
      1
    ]
  ],
  "keys": [
    [
      "HKEY_CURRENT_USER\\Software\\Microsoft\\Command Processor\\CompletionChar",
      1
    ],
    [
      "HKEY_CURRENT_USER\\Software\\Microsoft\\Command Processor\\DefaultColor",
      1
    ]
  ],
  "executed_commands": [
    [
      "\"netsh\" wlan show profile",
      7
    ],
    [
      "\"C:\\Windows\\system32\\schtasks.exe\" /create /tn {9E554C6E-7D11-4FC0-AFA1-FF49DBC84412} /tr \"\\\"C:\\Users\\comp\\AppData\\Roaming\\Microsoft\\Tiafuzdii\\ikkzowxr.exe\\\"\" /sc HOURLY /mo 5 /F",
      3
    ],
    [
      "\"C:\\Windows\\system32\\cmd.exe\"",
      2
    ],
    [
      "Exceptiona firewall add allowedprogram \"C:\\Users\\comp\\AppData\\Local\\Temp\\server.exe\" \"server.exe\" ENABLE",
      1
    ],
    [
      "cmd /C mkdir C:\\Windows\\SysWOW64\\hcicbbyc\\",
      1
    ],
    [
      "\"C:\\Users\\comp\\AppData\\Local\\systeminfo\\azroleui.exe\"",
      1
    ],
    [
      "\"C:\\Users\\comp\\AppData\\Local\\p2pnetsh\\XpsFilt.exe\"",
      1
    ],
    [
      "\"C:\\Windows\\system32\\ipconfig.exe\"",
      1
    ],
    [
      "\"C:\\Users\\comp\\AppData\\Local\\PING\\tzutil.exe\"",
      1
    ],
    [
      "cmd.exe /c ping 127.0.0.1 & del \"C:\\Users\\comp\\AppData\\Local\\Temp\\78AA.tmp\"",
      1
    ]
  ],
  "delete_files": [
    [
      "C:\\Users\\comp\\AppData\\Local\\systeminfo\\azroleui.exe:Zone.Identifier",
      1
    ],
    [
      "C:\\Users\\comp\\AppData\\Local\\PING\\tzutil.exe:Zone.Identifier",
      1
    ],
    [
      "C:\\Users\\comp\\AppData\\Local\\Temp\\492d3068d091a831b594.exe",
      1
    ],
    [
      "C:\\Users\\comp\\AppData\\Local\\cryptext\\dpnet.exe",
      1
    ],
    [
      "C:\\Users\\comp\\AppData\\Local\\Mozilla\\Firefox\\Profiles\\meg25bin.default-release\\safebrowsing\\base-fingerprinting-track-digest256.sbstore",
      1
    ],
    [
      "C:\\Users\\comp\\AppData\\Roaming\\Microsoft\\CLR Security Config\\v2.0.50727.312\\security.config.cch.2648.9626953",
      1
    ],
    [
      "C:\\Users\\comp\\AppData\\Local\\perfts\\typeperf.exe:Zone.Identifier",
      1
    ],
    [
      "C:\\Users\\comp\\AppData\\Local\\PATHPING\\korwbrkr.exe:Zone.Identifier",
      1
    ]
  ],
  "read_keys": [
    [
      "HKEY_LOCAL_MACHINE\\SOFTWARE\\Wow6432Node\\Microsoft\\Command Processor\\DelayedExpansion",
      2
    ],
    [
      "HKEY_CURRENT_USER\\Software\\Microsoft\\Windows\\CurrentVersion\\Explorer\\MountPoints2\\CPC\\Volume\\{5f0c3476-f160-11ea-9f0e-806e6f6e6963}\\Generation",
      1
    ],
    [
      "HKEY_CURRENT_USER\\Software\\Microsoft\\Windows\\CurrentVersion\\Action Center\\Checks\\{852FB1F8-5CC6-4567-9C0E-7C330F8807C2}.check.100\\CheckSetting",
      1
    ],
    [
      "HKEY_LOCAL_MACHINE\\SOFTWARE\\Microsoft\\Windows\\CurrentVersion\\Explorer\\FolderDescriptions\\{33E28130-4E1E-4676-835A-98395C3BC3BB}\\InfoTip",
      1
    ],
    [
      "HKEY_LOCAL_MACHINE\\SYSTEM\\ControlSet001\\services\\Tcpip\\Parameters\\Winsock\\Mapping",
      1
    ],
    [
      "HKEY_CURRENT_USER\\Software\\Microsoft\\Windows\\CurrentVersion\\Explorer\\Advanced\\Filter",
      1
    ],
    [
      "HKEY_CURRENT_USER\\Software\\Microsoft\\Windows\\CurrentVersion\\Explorer\\MountPoints2\\CPC\\Volume\\{5f0c3476-f160-11ea-9f0e-806e6f6e6963}\\Data",
      1
    ],
    [
      "HKEY_CURRENT_USER\\Software\\Microsoft\\Command Processor\\DefaultColor",
      1
    ],
    [
      "HKEY_LOCAL_MACHINE\\SOFTWARE\\Microsoft\\Windows\\CurrentVersion\\Policies\\Explorer\\TurnOffSPIAnimations",
      1
    ],
    [
      "HKEY_CURRENT_USER\\Software\\Microsoft\\Windows\\CurrentVersion\\Internet Settings\\CreateUriCacheSize",
      1
    ]
  ],
  "write_files": [
    [
      "\\Device\\Http\\Communication",
      8
    ],
    [
      "\\??\\pipe\\jehvrpw",
      2
    ],
    [
      "C:\\Users\\comp\\AppData\\Local\\p2pnetsh\\XpsFilt.exe",
      1
    ],
    [
      "C:\\Users\\comp\\AppData\\Local\\PING\\tzutil.exe",
      1
    ],
    [
      "C:\\Users\\comp\\AppData\\Local\\efsutil\\clbcatq.exe",
      1
    ],
    [
      "C:\\Users\\comp\\AppData\\Local\\Temp\\references\\wolthuis\\5\\model51.xml",
      1
    ],
    [
      "C:\\Users\\comp\\AppData\\Local\\msidle\\shutdown.exe",
      1
    ],
    [
      "\\Device\\KsecDD",
      1
    ],
    [
      "C:\\Users\\comp\\AppData\\Local\\Robocopy\\runonce.exe",
      1
    ],
    [
      "C:\\Users\\comp\\AppData\\Local\\Temp\\rhnghpfo.exe",
      1
    ]
  ]
}