{
  "resolved_apis": [
    [
      "advapi32.dll.ConvertStringSecurityDescriptorToSecurityDescriptorW",
      5
    ],
    [
      "winhttp.dll.WinHttpReceiveResponse",
      1
    ],
    [
      "drprov.dll.NPGetConnection",
      1
    ],
    [
      "advapi32.dll.CryptAcquireContextA",
      1
    ],
    [
      "advapi32.dll.EventRegister",
      1
    ],
    [
      "wshtcpip.dll.WSHJoinLeaf",
      1
    ],
    [
      "wshtcpip.dll.WSHGetWildcardSockaddr",
      1
    ]
  ],
  "executed_commands": [
    [
      "nslookup -querytype=ALL -timeout=10 _ldap._tcp.dc._msdcs.WORKGROUP",
      8
    ],
    [
      "\"C:\\Windows\\system32\\schtasks.exe\" /create /tn {9E554C6E-7D11-4FC0-AFA1-FF49DBC84412} /tr \"\\\"C:\\Users\\comp\\AppData\\Roaming\\Microsoft\\Tiafuzdii\\ikkzowxr.exe\\\"\" /sc HOURLY /mo 5 /F",
      3
    ],
    [
      "\"C:\\Users\\comp\\AppData\\Local\\icardie\\netcfgx.exe\"",
      1
    ],
    [
      "\"netsh\" wlan show profile",
      1
    ],
    [
      "C:\\Windows\\SysWOW64\\rundll32.exe \"C:\\Users\\comp\\AppData\\Local\\Fers\\bsynmls.mbc\",RunDLL",
      1
    ]
  ],
  "keys": [
    [
      "HKEY_LOCAL_MACHINE\\SOFTWARE\\Classes\\Wow6432Node\\CLSID\\{D68AF00A-29CB-43FA-8504-CE99A996D9EA}\\InprocHandler",
      2
    ],
    [
      "HKEY_LOCAL_MACHINE\\SOFTWARE\\Classes\\Wow6432Node\\CLSID\\{1B1CAD8C-2DAB-11D2-B604-00104B703EFD}\\InprocServer32",
      2
    ],
    [
      "HKEY_LOCAL_MACHINE\\SOFTWARE\\Classes\\Wow6432Node\\CLSID\\{D68AF00A-29CB-43FA-8504-CE99A996D9EA}\\InprocServer32\\InprocServer32",
      2
    ],
    [
      "HKEY_LOCAL_MACHINE\\SOFTWARE\\Classes\\Wow6432Node\\CLSID\\{1B1CAD8C-2DAB-11D2-B604-00104B703EFD}\\InprocServer32\\(Default)",
      2
    ],
    [
      "HKEY_LOCAL_MACHINE\\SOFTWARE\\Classes\\Wow6432Node\\CLSID\\{00020424-0000-0000-C000-000000000046}\\InprocServer32\\ThreadingModel",
      1
    ],
    [
      "HKEY_LOCAL_MACHINE\\SOFTWARE\\Classes\\Wow6432Node\\CLSID\\{1B1CAD8C-2DAB-11D2-B604-00104B703EFD}\\TreatAs",
      1
    ],
    [
      "HKEY_LOCAL_MACHINE\\SOFTWARE\\Classes\\CLSID\\{A4A1A128-768F-41E0-BF75-E4FDDD701CBA}\\InprocServer32",
      1
    ],
    [
      "HKEY_LOCAL_MACHINE\\SOFTWARE\\Classes\\Wow6432Node\\CLSID\\{D68AF00A-29CB-43FA-8504-CE99A996D9EA}\\InprocHandler32",
      1
    ],
    [
      "HKEY_LOCAL_MACHINE\\SYSTEM\\ControlSet001\\services\\Dnscache\\Parameters\\EnableDAForAllNetworks",
      1
    ],
    [
      "HKEY_LOCAL_MACHINE\\SOFTWARE\\Classes\\Wow6432Node\\Interface\\{2A1C9EB2-DF62-4154-B800-63278FCB8037}\\ProxyStubClsid32\\(Default)",
      1
    ],
    [
      "HKEY_LOCAL_MACHINE\\SYSTEM\\ControlSet001\\services\\Tcpip\\Parameters\\Interfaces\\{3DF8548A-CA81-417C-AD72-445187C06A79}\\QueryAdapterName",
      1
    ],
    [
      "HKEY_CURRENT_USER\\Software\\Microsoft\\Windows\\CurrentVersion\\Action Center\\Providers\\EventLog\\{DAB69A6A-4D2A-4D44-94BF-E0091898C881}",
      1
    ],
    [
      "HKEY_LOCAL_MACHINE\\SOFTWARE\\Wow6432Node\\Microsoft\\Tracing\\explorer_RASAPI32\\EnableFileTracing",
      1
    ],
    [
      "HKEY_LOCAL_MACHINE\\SYSTEM\\CurrentControlSet\\Services\\Tcpip\\Parameters\\Interfaces\\{3DF8548A-CA81-417C-AD72-445187C06A79}",
      1
    ],
    [
      "HKEY_LOCAL_MACHINE\\SYSTEM\\ControlSet001\\services\\Dnscache\\Parameters\\MulticastSenderFlags",
      1
    ]
  ],
  "read_keys": [
    [
      "HKEY_LOCAL_MACHINE\\SYSTEM\\ControlSet001\\services\\Dnscache\\Parameters\\RegisterWanAdapters",
      1
    ],
    [
      "HKEY_LOCAL_MACHINE\\SOFTWARE\\MICROSOFT\\Fusion\\NativeImagesIndex\\v2.0.50727_32\\IL\\475dce40\\67f29a3e\\a4\\SIG",
      1
    ],
    [
      "HKEY_LOCAL_MACHINE\\SOFTWARE\\Classes\\Wow6432Node\\CLSID\\{00020420-0000-0000-C000-000000000046}\\InprocServer32\\InprocServer32",
      1
    ],
    [
      "HKEY_LOCAL_MACHINE\\SOFTWARE\\Classes\\CLSID\\{7007ACC7-3202-11D1-AAD2-00805FC1270E}\\InProcServer32\\LoadWithoutCOM",
      1
    ],
    [
      "HKEY_LOCAL_MACHINE\\SYSTEM\\ControlSet001\\services\\Dnscache\\Parameters\\UseDomainNameDevolution",
      1
    ],
    [
      "HKEY_LOCAL_MACHINE\\SYSTEM\\ControlSet001\\services\\Dnscache\\Parameters\\DnsSecureNameQueryFallback",
      1
    ],
    [
      "HKEY_LOCAL_MACHINE\\SOFTWARE\\Policies\\Microsoft\\Windows NT\\DNSClient\\QueryIpMatching",
      1
    ],
    [
      "HKEY_LOCAL_MACHINE\\SYSTEM\\ControlSet001\\services\\napagent\\Qecs\\79621\\Version",
      1
    ],
    [
      "HKEY_LOCAL_MACHINE\\SYSTEM\\ControlSet001\\Control\\Nls\\ExtendedLocale\\en",
      1
    ],
    [
      "HKEY_LOCAL_MACHINE\\SYSTEM\\ControlSet001\\services\\Tcpip\\Parameters\\Interfaces\\{846ee342-7039-11de-9d20-806e6f6e6963}\\DhcpDomain",
      1
    ],
    [
      "HKEY_LOCAL_MACHINE\\SYSTEM\\ControlSet001\\services\\Dnscache\\Parameters\\RegistrationEnabled",
      1
    ],
    [
      "HKEY_LOCAL_MACHINE\\SYSTEM\\ControlSet001\\services\\Tcpip\\Parameters\\Interfaces\\{3DF8548A-CA81-417C-AD72-445187C06A79}\\RegistrationEnabled",
      1
    ],
    [
      "HKEY_LOCAL_MACHINE\\SYSTEM\\ControlSet001\\services\\Dnscache\\Parameters\\DynamicServerQueryOrder",
      1
    ],
    [
      "HKEY_LOCAL_MACHINE\\SOFTWARE\\Classes\\CLSID\\{9C73F5E5-7AE7-4E32-A8E8-8D23B85255BF}\\SortOrderIndex",
      1
    ],
    [
      "HKEY_LOCAL_MACHINE\\SYSTEM\\ControlSet001\\services\\Dnscache\\Parameters\\RegistrationMaxAddressCount",
      1
    ],
    [
      "HKEY_LOCAL_MACHINE\\SOFTWARE\\Classes\\Kind.Document\\InfoTip",
      1
    ],
    [
      "HKEY_LOCAL_MACHINE\\SOFTWARE\\Classes\\Wow6432Node\\Interface\\{D30C1661-CDAF-11D0-8A3E-00C04FC9E26E}\\ProxyStubClsid32\\(Default)",
      1
    ]
  ],
  "mutexes": [
    [
      "Local\\16764F0F-7493-0575-0C5E-F1B007496C14",
      2
    ],
    [
      "IESQMMUTEX_0_208",
      2
    ]
  ],
  "write_keys": [
    [
      "HKEY_CURRENT_USER\\Software\\Microsoft\\Windows\\CurrentVersion\\Action Center\\Checks\\{C8E6F269-B90A-4053-A3BE-499AFCEC98C4}.check.0\\CheckSetting",
      6
    ],
    [
      "HKEY_CURRENT_USER\\Software\\Microsoft\\Windows\\CurrentVersion\\Run\\Officex",
      1
    ],
    [
      "HKEY_CURRENT_USER\\Software\\Microsoft\\Windows\\CurrentVersion\\Run\\abwmdzq",
      1
    ],
    [
      "HKEY_CURRENT_USER\\Software\\Microsoft\\Windows\\CurrentVersion\\Internet Settings\\Wpad\\{AA100484-44D5-4645-AE40-7E59555F9B26}",
      1
    ],
    [
      "HKEY_CURRENT_USER\\Software\\Microsoft\\Windows\\CurrentVersion\\Internet Settings\\Wpad\\{95B6D49E-A079-4D87-BBF8-5F8AD8FC8FEB}",
      1
    ],
    [
      "HKEY_CURRENT_USER\\Software\\Classes\\Local Settings\\MuiCache\\5\\52C64B7E\\@%SystemRoot%\\system32\\eapqec.dll,-102",
      1
    ],
    [
      "HKEY_CURRENT_USER\\Software\\Microsoft\\Windows\\CurrentVersion\\Internet Settings\\Wpad\\{82157FAB-8460-4E39-94C9-F70D5F2DAD14}\\WpadDecisionTime",
      1
    ],
    [
      "HKEY_CURRENT_USER\\Software\\Microsoft\\Windows\\CurrentVersion\\Run\\goymyhs",
      1
    ]
  ],
  "write_files": [
    [
      "\\Device\\LanmanDatagramReceiver",
      4
    ],
    [
      "C:\\Users\\comp\\AppData\\Roaming\\1ofe1msj.sxf\\Chrome\\Default\\Cookies",
      1
    ],
    [
      "C:\\Users\\comp\\AppData\\Roaming\\5hapqdvk.kkn\\Chrome\\Default\\Cookies",
      1
    ],
    [
      "C:\\Users\\comp\\AppData\\Local\\Temp\\4E15.bin",
      1
    ]
  ],
  "read_files": [
    [
      "C:\\Users\\comp\\AppData\\Local\\Google\\Chrome\\User Data\\Default\\Login Data",
      3
    ],
    [
      "C:\\Windows\\assembly\\NativeImages_v2.0.50727_32\\System.Configuration\\612d5cf16a6bb439a07aebb38a1a5311\\System.Configuration.ni.dll",
      3
    ],
    [
      "C:\\Users\\comp\\AppData\\Local\\icardie\\netcfgx.exe.2.Manifest",
      1
    ],
    [
      "C:\\Windows\\assembly\\NativeImages_v2.0.50727_32\\CustomMarshalers\\bf7543cf66d5e98c310acc1c63db721d\\CustomMarshalers.ni.dll",
      1
    ],
    [
      "C:\\Users\\comp\\AppData\\Local\\Temp",
      1
    ]
  ],
  "files": [
    [
      "\\??\\PIPE\\srvsvc",
      1
    ]
  ]
}