{
  "executed_commands": [
    [
      "C:\\Users\\comp\\AppData\\Roaming\\Microsoft\\Tiafuzdii\\ikkzowxr.exe",
      3
    ],
    [
      "C:\\Users\\comp\\AppData\\Local\\Temp\\JNEwqQ.exe",
      2
    ],
    [
      "C:\\Users\\comp\\AppData\\Roaming\\Microsoft\\Tiafuzdii\\ikkzowxr.exe /C",
      1
    ],
    [
      "\"C:\\Users\\comp\\AppData\\Roaming\\actives.exe\" C:\\Users\\comp\\AppData\\Local\\Temp\\be85e39b7eab861500c7.exe",
      1
    ],
    [
      "C:\\Users\\comp\\AppData\\Roaming\\Install\\Host.exe ",
      1
    ],
    [
      "\"C:\\Users\\comp\\AppData\\Roaming\\Microsoft\\Tiafuzdii\\ikkzowxr.exe\" /W",
      1
    ]
  ],
  "read_keys": [
    [
      "HKEY_CURRENT_USER\\Software\\Microsoft\\Windows\\CurrentVersion\\Explorer\\MountPoints2\\CPC\\Volume\\{5f0c3475-f160-11ea-9f0e-806e6f6e6963}\\Generation",
      2
    ]
  ],
  "mutexes": [
    [
      "IESQMMUTEX_0_208",
      5
    ],
    [
      "Global\\{E6C47FBA-9E19-4A7E-8C8C-D0F29534EA2B}",
      2
    ]
  ],
  "write_keys": [
    [
      "HKEY_CURRENT_USER\\Software\\Microsoft\\Windows\\CurrentVersion\\Internet Settings\\Wpad\\{7A88E0A6-3E28-4435-B7F6-CF6C06D28E17}\\WpadDecisionTime",
      1
    ],
    [
      "HKEY_CURRENT_USER\\Software\\NetWire\\HostId",
      1
    ],
    [
      "HKEY_CURRENT_USER\\Software\\Microsoft\\Windows\\CurrentVersion\\Run\\gonsebc",
      1
    ]
  ],
  "write_files": [
    [
      "C:\\Users\\comp\\AppData\\Roaming\\Microsoft\\Tiafuzdii\\ikkzowxr.exe",
      4
    ],
    [
      "C:\\Users\\comp\\AppData\\Roaming\\actives.exe",
      1
    ],
    [
      "C:\\Program Files (x86)\\Google\\Update\\Download\\{8A69D345-D564-463C-AFF1-A69D9E530F96}\\85.0.4183.83\\85.0.4183.83_chrome_installer.exe",
      1
    ],
    [
      "C:\\Users\\comp\\AppData\\Roaming\\Install\\Host.exe",
      1
    ],
    [
      "C:\\Users\\comp\\AppData\\Local\\Temp\\JNEwqQ.exe",
      1
    ],
    [
      "C:\\Users\\comp\\AppData\\Local\\Temp\\c929200d0410ea735f40.exe",
      1
    ]
  ]
}