{
  "resolved_apis": [
    [
      "comctl32.dll.FlatSB_EnableScrollBar",
      2
    ],
    [
      "sechost.dll.LookupAccountNameLocalW",
      1
    ],
    [
      "imm32.dll.ImmSetCandidateWindow",
      1
    ],
    [
      "cryptsp.dll.CryptDuplicateHash",
      1
    ],
    [
      "davclnt.dll.NPFormatNetworkName",
      1
    ],
    [
      "cryptsp.dll.CryptEncrypt",
      1
    ]
  ],
  "executed_commands": [
    [
      "C:\\Users\\comp\\AppData\\Local\\Chrome\\StikyNot.exe",
      2
    ],
    [
      "\"C:\\Windows\\system32\\schtasks.exe\" /create /tn {9E554C6E-7D11-4FC0-AFA1-FF49DBC84412} /tr \"\\\"C:\\Users\\comp\\AppData\\Roaming\\Microsoft\\Tiafuzdii\\ikkzowxr.exe\\\"\" /sc HOURLY /mo 5 /F",
      2
    ],
    [
      "C:\\Windows\\system32\\cmd.exe /c echo on error resume next:CreateObject(\"WScript.Shell\").Run \"C:\\Users\\comp\\AppData\\Local\\Temp\\0bfe50339e45d7555007.exe\",1: >\"C:\\Users\\comp\\AppData\\Roaming\\Microsoft\\Windows\\Start Menu\\Programs\\Startup\\x.vbs\"",
      1
    ],
    [
      "\"C:\\Windows\\System32\\cmd.exe\"  /c ping.exe -n 6 127.0.0.1 &  type \"C:\\Windows\\System32\\calc.exe\" > \"C:\\Users\\comp\\AppData\\Local\\Temp\\2e22c09f30161fba581c.exe\"",
      1
    ],
    [
      "\"C:\\Users\\comp\\AppData\\Local\\wlanhlp\\fthsvc.exe\"",
      1
    ],
    [
      "\"C:\\Windows\\System32\\cmd.exe\"  /c ping.exe -n 6 127.0.0.1 &  type \"C:\\Windows\\System32\\calc.exe\" > \"C:\\Users\\comp\\AppData\\Local\\Temp\\f0df5e075c15d249caa8.exe\"",
      1
    ],
    [
      "C:\\Windows\\system32\\cmd.exe /c echo on error resume next:CreateObject(\"WScript.Shell\").Run \"C:\\Users\\comp\\AppData\\Local\\Temp\\0d5cccb4a189069672b8.exe\",1: >\"C:\\Users\\comp\\AppData\\Roaming\\Microsoft\\Windows\\Start Menu\\Programs\\Startup\\x.vbs\"",
      1
    ],
    [
      "C:\\Windows\\system32\\cmd.exe /c echo on error resume next:CreateObject(\"WScript.Shell\").Run \"C:\\Users\\comp\\AppData\\Local\\Temp\\ce09b46a29f85f9f9264.exe\",1: >\"C:\\Users\\comp\\AppData\\Roaming\\Microsoft\\Windows\\Start Menu\\Programs\\Startup\\x.vbs\"",
      1
    ],
    [
      "C:\\Windows\\system32\\cmd.exe /c echo on error resume next:CreateObject(\"WScript.Shell\").Run \"C:\\Users\\comp\\AppData\\Local\\Temp\\283ea6e649430fd56370.exe\",1: >\"C:\\Users\\comp\\AppData\\Roaming\\Microsoft\\Windows\\Start Menu\\Programs\\Startup\\x.vbs\"",
      1
    ],
    [
      "\"C:\\Users\\comp\\AppData\\Local\\fontview\\WPDSp.exe\"",
      1
    ],
    [
      "\"C:\\Users\\comp\\AppData\\Local\\NlsLexicons0009\\KBDSG.exe\"",
      1
    ],
    [
      "C:\\Users\\comp\\AppData\\Local\\Temp\\413aee455addc831a220.exe /C",
      1
    ],
    [
      "C:\\Users\\comp\\AppData\\Roaming\\Microsoft\\Tiafuzdii\\ikkzowxr.exe /C",
      1
    ]
  ],
  "keys": [
    [
      "HKEY_LOCAL_MACHINE\\SOFTWARE\\Classes\\Wow6432Node\\Interface\\{00000134-0000-0000-C000-000000000046}\\ProxyStubClsid32\\(Default)",
      1
    ],
    [
      "HKEY_LOCAL_MACHINE\\SOFTWARE\\Microsoft\\Windows NT\\CurrentVersion\\FontSubstitutes",
      1
    ],
    [
      "HKEY_LOCAL_MACHINE\\SOFTWARE\\Classes\\Wow6432Node\\CLSID\\{20D04FE0-3AEA-1069-A2D8-08002B30309D}\\ShellFolder\\HideFolderVerbs",
      1
    ],
    [
      "HKEY_LOCAL_MACHINE\\SOFTWARE\\Wow6432Node\\Microsoft\\Windows\\CurrentVersion\\explorer\\FolderDescriptions\\{B4BFCC3A-DB2C-424C-B029-7FE99A87C641}\\InfoTip",
      1
    ],
    [
      "HKEY_LOCAL_MACHINE\\SOFTWARE\\Classes\\CLSID\\{7007ACC7-3202-11D1-AAD2-00805FC1270E}\\ShellFolder\\WantsAliasedNotifications",
      1
    ],
    [
      "HKEY_LOCAL_MACHINE\\SOFTWARE\\MICROSOFT\\WINDOWS NT\\CURRENTVERSION\\LanguagePack\\SurrogateFallback\\MS Sans Serif",
      1
    ]
  ],
  "read_keys": [
    [
      "HKEY_LOCAL_MACHINE\\SOFTWARE\\Classes\\Wow6432Node\\CLSID\\{3E5FC7F9-9A51-4367-9063-A120244FBEC7}\\InprocServer32\\ThreadingModel",
      1
    ],
    [
      "HKEY_LOCAL_MACHINE\\SOFTWARE\\Microsoft\\OLE\\AppCompat\\RaiseDefaultAuthnLevel",
      1
    ],
    [
      "HKEY_LOCAL_MACHINE\\SOFTWARE\\Classes\\Wow6432Node\\Interface\\{6EDD6D74-C007-4E75-B76A-E5740995E24C}\\ProxyStubClsid32\\(Default)",
      1
    ],
    [
      "HKEY_LOCAL_MACHINE\\SOFTWARE\\Wow6432Node\\Microsoft\\Command Processor\\CompletionChar",
      1
    ],
    [
      "HKEY_CURRENT_USER\\Software\\Microsoft\\Command Processor\\DefaultColor",
      1
    ],
    [
      "HKEY_LOCAL_MACHINE\\SOFTWARE\\Wow6432Node\\Microsoft\\Windows\\CurrentVersion\\explorer\\FolderDescriptions\\{7C5A40EF-A0FB-4BFC-874A-C0F2E0B9FA8E}\\PreCreate",
      1
    ],
    [
      "HKEY_LOCAL_MACHINE\\SOFTWARE\\Classes\\CLSID\\{7007ACC7-3202-11D1-AAD2-00805FC1270E}\\InProcServer32\\LoadWithoutCOM",
      1
    ],
    [
      "HKEY_LOCAL_MACHINE\\SOFTWARE\\MICROSOFT\\Windows\\CurrentVersion\\SideBySide\\PreferExternalManifest",
      1
    ],
    [
      "HKEY_LOCAL_MACHINE\\SOFTWARE\\MICROSOFT\\Windows\\CurrentVersion\\Policies\\NonEnum\\{7007ACC7-3202-11D1-AAD2-00805FC1270E}",
      1
    ],
    [
      "HKEY_CURRENT_USER\\Software\\Microsoft\\Windows\\CurrentVersion\\Action Center\\Checks\\{E8433B72-5842-4d43-8645-BC2C35960837}.check.100\\CheckSetting",
      1
    ],
    [
      "HKEY_LOCAL_MACHINE\\SYSTEM\\ControlSet001\\Control\\Nls\\CustomLocale\\en-US",
      1
    ],
    [
      "HKEY_LOCAL_MACHINE\\SOFTWARE\\Classes\\Wow6432Node\\Interface\\{432A1DA5-3888-4B9A-A734-CFF1E448C5B9}\\ProxyStubClsid32\\(Default)",
      1
    ]
  ],
  "mutexes": [
    [
      "Global\\{E6C47FBA-9E19-4A7E-8C8C-D0F29534EA2B}",
      4
    ],
    [
      "qazwsxedc",
      3
    ],
    [
      "IESQMMUTEX_0_208",
      3
    ],
    [
      "StikyNot_yakuza",
      2
    ],
    [
      "Global\\{E5356632-2BBA-4C08-9A7F-B995913B15BB}",
      2
    ]
  ],
  "write_keys": [
    [
      "HKEY_CURRENT_USER\\Software\\Microsoft\\Windows\\CurrentVersion\\Run\\Microsoft OneDrive",
      1
    ],
    [
      "HKEY_CURRENT_USER\\Software\\Microsoft\\Windows\\CurrentVersion\\Internet Settings\\Wpad\\WpadLastNetwork",
      1
    ],
    [
      "HKEY_CURRENT_USER\\Software\\Microsoft\\Windows\\CurrentVersion\\Run\\bslkxlcw",
      1
    ],
    [
      "HKEY_CURRENT_USER\\Software\\Microsoft\\Windows\\CurrentVersion\\Action Center\\Checks\\{01979c6a-42fa-414c-b8aa-eee2c8202018}.check.100\\CheckSetting",
      1
    ],
    [
      "HKEY_CURRENT_USER\\Software\\Microsoft\\Windows\\CurrentVersion\\Internet Settings\\Wpad\\{AA100484-44D5-4645-AE40-7E59555F9B26}\\WpadDecisionReason",
      1
    ],
    [
      "HKEY_CURRENT_USER\\Software\\Microsoft\\Windows\\CurrentVersion\\Internet Settings\\Wpad\\{D86C9049-7CCF-4D7B-ACE1-AA09B42CDF3E}\\WpadDecision",
      1
    ]
  ],
  "write_files": [
    [
      "C:\\Users\\comp\\AppData\\Roaming\\Microsoft\\Windows\\Start Menu\\Programs\\Startup\\x.vbs",
      2
    ],
    [
      "C:\\Users\\comp\\AppData\\Local\\Temp\\log61E6.tmp",
      1
    ],
    [
      "Y:\\StikyNot.exe",
      1
    ],
    [
      "C:\\Users\\comp\\AppData\\Roaming\\Microsoft\\Tiafuzdii\\ikkzowxr.exe",
      1
    ],
    [
      "C:\\Users\\comp\\AppData\\Roaming\\Microsoft\\Tiafuzdii\\ikkzowxr.dat",
      1
    ]
  ],
  "read_files": [
    [
      "C:\\Users\\comp\\AppData\\Roaming\\Microsoft\\Tiafuzdii\\ikkzowxr.dat",
      1
    ],
    [
      "C:\\Windows\\SysWOW64\\en-US\\SHELL32.dll.mui",
      1
    ],
    [
      "C:\\Windows\\SysWOW64\\en-US\\shell32.dll.mui",
      1
    ],
    [
      "C:\\Windows\\SysWOW64\\en-US\\SETUPAPI.dll.mui",
      1
    ],
    [
      "\\DEVICE\\NETBT_TCPIP_{846EE342-7039-11DE-9D20-806E6F6E6963}",
      1
    ]
  ],
  "files": [
    [
      "C:\\Users\\comp\\AppData\\Roaming",
      1
    ],
    [
      "C:\\Users\\comp\\AppData\\Local\\Temp\\6a1788524bdb4de5fe7d.ENU.DLL",
      1
    ]
  ],
  "delete_files": [
    [
      "C:\\Users\\comp\\AppData\\Local\\Temp\\log61E6.tmp",
      1
    ],
    [
      "C:\\Users\\comp\\AppData\\Local\\NlsLexicons0009\\KBDSG.exe:Zone.Identifier",
      1
    ],
    [
      "C:\\Users\\comp\\AppData\\Local\\Temp\\~DF9A2732E7A3DF3D7F.TMP",
      1
    ]
  ]
}