[
  [
    {
      "behavior": {
        "summary": {
          "read_files": [
            "C:\\Windows\\assembly\\NativeImages_v2.0.50727_32\\System.Configuration\\612d5cf16a6bb439a07aebb38a1a5311\\System.Configuration.ni.dll"
          ],
          "keys": [
            "HKEY_LOCAL_MACHINE\\SOFTWARE\\Classes\\Wow6432Node\\Interface\\{00000134-0000-0000-C000-000000000046}\\ProxyStubClsid32\\(Default)",
            "HKEY_LOCAL_MACHINE\\SOFTWARE\\Classes\\Wow6432Node\\CLSID\\{D68AF00A-29CB-43FA-8504-CE99A996D9EA}\\InprocServer32\\ThreadingModel"
          ],
          "mutexes": [
            "Global\\.net clr networking"
          ],
          "read_keys": [
            "HKEY_LOCAL_MACHINE\\SOFTWARE\\Classes\\Wow6432Node\\CLSID\\{D68AF00A-29CB-43FA-8504-CE99A996D9EA}\\InprocServer32\\ThreadingModel"
          ]
        }
      }
    }
  ],
  [
    {
      "behavior": {
        "summary": {
          "mutexes": [
            "Local\\MSCTF.CtfMonitorInstMutexDefault1"
          ],
          "write_keys": [
            "HKEY_CURRENT_USER\\Software\\Microsoft\\Windows\\CurrentVersion\\Action Center\\Checks\\{C8E6F269-B90A-4053-A3BE-499AFCEC98C4}.check.0\\CheckSetting"
          ]
        }
      }
    }
  ],
  [
    {
      "behavior": {
        "summary": {
          "keys": [
            "HKEY_LOCAL_MACHINE\\SOFTWARE\\Classes\\CLSID\\{A4A1A128-768F-41E0-BF75-E4FDDD701CBA}\\InProcServer32\\ThreadingModel"
          ],
          "write_keys": [
            "HKEY_CURRENT_USER\\Software\\Microsoft\\Windows\\CurrentVersion\\Action Center\\Checks\\{C8E6F269-B90A-4053-A3BE-499AFCEC98C4}.check.0\\CheckSetting"
          ]
        }
      }
    }
  ],
  [
    {
      "behavior": {
        "summary": {
          "resolved_apis": [
            "dui70.dll.?Create@DUIXmlParser@DirectUI@@SAJPEAPEAV12@P6APEAVValue@2@PEBGPEAX@Z2P6AX11H2@Z2@Z"
          ],
          "write_keys": [
            "HKEY_CURRENT_USER\\Software\\Microsoft\\Windows\\CurrentVersion\\Action Center\\Checks\\{C8E6F269-B90A-4053-A3BE-499AFCEC98C4}.check.0\\CheckSetting"
          ],
          "read_keys": [
            "HKEY_LOCAL_MACHINE\\SOFTWARE\\Microsoft\\Windows\\CurrentVersion\\Policies\\Explorer\\NoCommonGroups"
          ]
        }
      }
    }
  ],
  [
    {
      "behavior": {
        "summary": {
          "resolved_apis": [
            "vaultcli.dll.VaultEnumerateVaults"
          ],
          "read_files": [
            "C:\\Windows\\Microsoft.NET\\Framework\\v2.0.50727\\mscorwks.dll"
          ],
          "keys": [
            "HKEY_LOCAL_MACHINE\\SOFTWARE\\Classes\\Wow6432Node\\CLSID\\{1B1CAD8C-2DAB-11D2-B604-00104B703EFD}\\InprocServer32"
          ],
          "started_services": [
            "VaultSvc"
          ],
          "write_keys": [
            "HKEY_CURRENT_USER\\Software\\Microsoft\\Windows\\CurrentVersion\\Run\\Officex"
          ],
          "read_keys": [
            "HKEY_LOCAL_MACHINE\\SYSTEM\\ControlSet001\\services\\.NET CLR Networking\\Performance\\IsMultiInstance"
          ]
        }
      }
    }
  ],
  [
    {
      "behavior": {
        "summary": {
          "keys": [
            "HKEY_LOCAL_MACHINE\\SOFTWARE\\Classes\\CLSID\\{A4A1A128-768F-41E0-BF75-E4FDDD701CBA}\\InProcServer32\\ThreadingModel"
          ],
          "write_keys": [
            "HKEY_CURRENT_USER\\Software\\Microsoft\\Windows\\CurrentVersion\\Action Center\\Checks\\{C8E6F269-B90A-4053-A3BE-499AFCEC98C4}.check.0\\CheckSetting"
          ]
        }
      }
    }
  ],
  [
    {
      "behavior": {
        "summary": {
          "keys": [
            "HKEY_LOCAL_MACHINE\\SOFTWARE\\Classes\\Wow6432Node\\CLSID\\{D68AF00A-29CB-43FA-8504-CE99A996D9EA}\\InprocServer32\\InprocServer32"
          ],
          "mutexes": [
            "Local\\16764F0F-7493-0575-0C5E-F1B007496C14"
          ],
          "read_keys": [
            "HKEY_LOCAL_MACHINE\\SOFTWARE\\Classes\\Wow6432Node\\CLSID\\{D68AF00A-29CB-43FA-8504-CE99A996D9EA}\\InprocServer32\\InprocServer32"
          ]
        }
      }
    }
  ],
  [
    {
      "behavior": {
        "summary": {
          "write_keys": [
            "HKEY_CURRENT_USER\\Software\\Microsoft\\Windows\\CurrentVersion\\Action Center\\Checks\\{C8E6F269-B90A-4053-A3BE-499AFCEC98C4}.check.0\\CheckSetting"
          ],
          "read_keys": [
            "HKEY_LOCAL_MACHINE\\SOFTWARE\\Classes\\CLSID\\{20D04FE0-3AEA-1069-A2D8-08002B30309D}\\System.HideOnDesktop"
          ]
        }
      }
    }
  ],
  [
    {
      "behavior": {
        "summary": {
          "keys": [
            "HKEY_LOCAL_MACHINE\\SOFTWARE\\Classes\\CLSID\\{A4A1A128-768F-41E0-BF75-E4FDDD701CBA}\\InProcServer32\\InprocServer32"
          ],
          "write_keys": [
            "HKEY_CURRENT_USER\\Software\\Microsoft\\Windows\\CurrentVersion\\Action Center\\Checks\\{C8E6F269-B90A-4053-A3BE-499AFCEC98C4}.check.0\\CheckSetting"
          ]
        }
      }
    }
  ],
  [
    {
      "behavior": {
        "summary": {
          "keys": [
            "HKEY_LOCAL_MACHINE\\SOFTWARE\\Classes\\Folder\\Clsid"
          ],
          "write_keys": [
            "HKEY_CURRENT_USER\\Software\\Microsoft\\Windows\\CurrentVersion\\Action Center\\Checks\\{C8E6F269-B90A-4053-A3BE-499AFCEC98C4}.check.0\\CheckSetting"
          ],
          "read_keys": [
            "HKEY_LOCAL_MACHINE\\SOFTWARE\\Classes\\Wow6432Node\\CLSID\\{20D04FE0-3AEA-1069-A2D8-08002B30309D}\\ShellFolder\\NoFileFolderJunction"
          ]
        }
      }
    }
  ],
  [
    {
      "behavior": {
        "summary": {
          "executed_commands": [
            "\"C:\\Users\\comp\\AppData\\Local\\KBDVNTC\\ir41_qc.exe\""
          ],
          "write_keys": [
            "HKEY_CURRENT_USER\\Software\\Microsoft\\Windows\\CurrentVersion\\Action Center\\Checks\\{C8E6F269-B90A-4053-A3BE-499AFCEC98C4}.check.0\\CheckSetting"
          ]
        }
      }
    }
  ],
  [
    {
      "behavior": {
        "summary": {
          "resolved_apis": [
            "advapi32.dll.ConvertStringSecurityDescriptorToSecurityDescriptorW"
          ],
          "read_files": [
            "C:\\Windows\\assembly\\NativeImages_v2.0.50727_32\\System.Configuration\\612d5cf16a6bb439a07aebb38a1a5311\\System.Configuration.ni.dll"
          ],
          "keys": [
            "HKEY_LOCAL_MACHINE\\SOFTWARE\\Classes\\Wow6432Node\\CLSID\\{D68AF00A-29CB-43FA-8504-CE99A996D9EA}\\InprocServer32"
          ],
          "read_keys": [
            "HKEY_LOCAL_MACHINE\\SOFTWARE\\Classes\\Wow6432Node\\CLSID\\{D68AF00A-29CB-43FA-8504-CE99A996D9EA}\\InprocServer32\\ThreadingModel"
          ]
        }
      }
    }
  ],
  [
    {
      "behavior": {
        "summary": {
          "executed_commands": [
            "\"C:\\Users\\comp\\AppData\\Local\\KBDMAORI\\dhcpcore.exe\""
          ],
          "write_keys": [
            "HKEY_CURRENT_USER\\Software\\Microsoft\\Windows\\CurrentVersion\\Action Center\\Checks\\{C8E6F269-B90A-4053-A3BE-499AFCEC98C4}.check.0\\CheckSetting"
          ],
          "read_keys": [
            "HKEY_LOCAL_MACHINE\\SOFTWARE\\Classes\\CLSID\\{9C73F5E5-7AE7-4E32-A8E8-8D23B85255BF}\\InProcServer32\\(Default)"
          ]
        }
      }
    }
  ],
  [
    {
      "behavior": {
        "summary": {
          "executed_commands": [
            "\"C:\\Windows\\system32\\schtasks.exe\" /create /tn {9E554C6E-7D11-4FC0-AFA1-FF49DBC84412} /tr \"\\\"C:\\Users\\comp\\AppData\\Roaming\\Microsoft\\Tiafuzdii\\ikkzowxr.exe\\\"\" /sc HOURLY /mo 5 /F",
            "nslookup -querytype=ALL -timeout=10 _ldap._tcp.dc._msdcs.WORKGROUP"
          ],
          "write_files": [
            "\\??\\PIPE\\wkssvc"
          ],
          "files": [
            "\\DEVICE\\NETBT_TCPIP_{3DF8548A-CA81-417C-AD72-445187C06A79}"
          ],
          "keys": [
            "HKEY_LOCAL_MACHINE\\SOFTWARE\\Classes\\Wow6432Node\\Interface\\{D4781CD6-E5D3-44DF-AD94-930EFE48A887}\\ProxyStubClsid32"
          ],
          "read_keys": [
            "HKEY_LOCAL_MACHINE\\SYSTEM\\ControlSet001\\services\\LanmanWorkstation\\Parameters\\RpcCacheTimeout"
          ]
        }
      }
    }
  ],
  [
    {
      "behavior": {
        "summary": {
          "write_files": [
            "C:\\Users\\comp\\AppData\\Roaming\\60B249AD-226D-4B72-91E9-758951B2FB48\\run.dat"
          ],
          "delete_files": [
            "C:\\Users\\comp\\AppData\\Local\\Temp\\18bdd68703502522d10d.exe:Zone.Identifier"
          ],
          "read_files": [
            "C:\\Windows\\assembly\\NativeImages_v2.0.50727_32\\System.Xml\\d510b629bb87e2c16897b365f2b726bc\\System.Xml.ni.dll"
          ],
          "keys": [
            "HKEY_LOCAL_MACHINE\\SOFTWARE\\MICROSOFT\\Fusion\\NativeImagesIndex\\v2.0.50727_32\\NI\\159a66b8\\424bd4d8\\1f"
          ],
          "read_keys": [
            "HKEY_LOCAL_MACHINE\\SOFTWARE\\MICROSOFT\\Fusion\\NativeImagesIndex\\v2.0.50727_32\\NI\\30bc7c4f\\3f50fe4f\\20\\NIDependencies"
          ]
        }
      }
    }
  ],
  [
    {
      "behavior": {
        "summary": {
          "write_keys": [
            "HKEY_CURRENT_USER\\Software\\Microsoft\\Windows\\CurrentVersion\\Action Center\\Checks\\{C8E6F269-B90A-4053-A3BE-499AFCEC98C4}.check.0\\CheckSetting"
          ],
          "read_keys": [
            "HKEY_LOCAL_MACHINE\\SOFTWARE\\Microsoft\\Windows\\CurrentVersion\\Internet Settings\\Zones\\4\\1800"
          ]
        }
      }
    }
  ],
  [
    {
      "behavior": {
        "summary": {
          "resolved_apis": [
            "wscapi.dll.WscGetSecurityProviderHealth"
          ],
          "read_files": [
            "C:\\Users\\comp\\AppData\\Local\\perfhost"
          ],
          "write_keys": [
            "HKEY_CURRENT_USER\\Software\\Microsoft\\Windows\\CurrentVersion\\Action Center\\Checks\\{C8E6F269-B90A-4053-A3BE-499AFCEC98C4}.check.0\\CheckSetting"
          ]
        }
      }
    }
  ],
  [
    {
      "behavior": {
        "summary": {
          "executed_commands": [
            "\"C:\\Windows\\system32\\schtasks.exe\" /create /tn {9E554C6E-7D11-4FC0-AFA1-FF49DBC84412} /tr \"\\\"C:\\Users\\comp\\AppData\\Roaming\\Microsoft\\Tiafuzdii\\ikkzowxr.exe\\\"\" /sc HOURLY /mo 5 /F",
            "nslookup -querytype=ALL -timeout=10 _ldap._tcp.dc._msdcs.WORKGROUP"
          ],
          "write_files": [
            "\\Device\\LanmanDatagramReceiver"
          ],
          "resolved_apis": [
            "advapi32.dll.LookupAccountSidW"
          ],
          "keys": [
            "HKEY_LOCAL_MACHINE\\SOFTWARE\\Classes\\Wow6432Node\\CLSID\\{B196B286-BAB4-101A-B69C-00AA00341D07}\\InprocServer32\\InprocServer32",
            "HKEY_LOCAL_MACHINE\\SYSTEM\\CurrentControlSet\\Services\\Tcpip6\\Parameters\\Interfaces\\{3DF8548A-CA81-417C-AD72-445187C06A79}"
          ],
          "read_keys": [
            "HKEY_LOCAL_MACHINE\\SYSTEM\\ControlSet001\\services\\Dnscache\\Parameters\\UpdateSecurityLevel"
          ]
        }
      }
    }
  ],
  [
    {
      "behavior": {
        "summary": {
          "keys": [
            "HKEY_LOCAL_MACHINE\\SOFTWARE\\Classes\\CLSID\\{A4A1A128-768F-41E0-BF75-E4FDDD701CBA}\\InProcServer32\\InprocServer32"
          ],
          "write_keys": [
            "HKEY_CURRENT_USER\\Software\\Microsoft\\Windows\\CurrentVersion\\Action Center\\Checks\\{C8E6F269-B90A-4053-A3BE-499AFCEC98C4}.check.0\\CheckSetting"
          ]
        }
      }
    }
  ],
  [
    {
      "behavior": {
        "summary": {
          "keys": [
            "HKEY_LOCAL_MACHINE\\SOFTWARE\\Classes\\CLSID\\{A4A1A128-768F-41E0-BF75-E4FDDD701CBA}\\InProcServer32\\InprocServer32"
          ],
          "write_keys": [
            "HKEY_CURRENT_USER\\Software\\Microsoft\\Windows\\CurrentVersion\\Action Center\\Checks\\{C8E6F269-B90A-4053-A3BE-499AFCEC98C4}.check.0\\CheckSetting"
          ]
        }
      }
    }
  ],
  [
    {
      "behavior": {
        "summary": {
          "keys": [
            "HKEY_CURRENT_USER\\Software\\Classes\\CLSID\\{A4A1A128-768F-41E0-BF75-E4FDDD701CBA}\\Progid"
          ],
          "write_keys": [
            "HKEY_CURRENT_USER\\Software\\Microsoft\\Windows\\CurrentVersion\\Action Center\\Checks\\{C8E6F269-B90A-4053-A3BE-499AFCEC98C4}.check.0\\CheckSetting"
          ]
        }
      }
    }
  ],
  [
    {
      "behavior": {
        "summary": {
          "executed_commands": [
            "netsh firewall add allowedprogram \"C:\\Users\\comp\\AppData\\Roaming\\crossfire.exe\" \"crossfire.exe\" ENABLE"
          ],
          "mutexes": [
            "61abf19c1649b8d03f8e95e3c303c693c2t5"
          ],
          "write_keys": [
            "HKEY_CURRENT_USER\\software\\61abf19c1649b8d03f8e95e3c303c693"
          ],
          "read_keys": [
            "HKEY_LOCAL_MACHINE\\SOFTWARE\\Microsoft\\Fusion\\NativeImagesIndex\\v2.0.50727_64\\NI\\181938c6\\7950e2c5\\d6\\NIDependencies"
          ]
        }
      }
    }
  ],
  [
    {
      "behavior": {
        "summary": {
          "executed_commands": [
            "nslookup -querytype=ALL -timeout=10 _ldap._tcp.dc._msdcs.WORKGROUP"
          ],
          "resolved_apis": [
            "advapi32.dll.CreateProcessAsUserW"
          ],
          "files": [
            "C:\\Users\\comp\\AppData\\Roaming\\Microsoft\\Network\\Connections\\Pbk\\rasphone.pbk"
          ],
          "keys": [
            "HKEY_LOCAL_MACHINE\\SOFTWARE\\Classes\\Wow6432Node\\CLSID\\{B196B286-BAB4-101A-B69C-00AA00341D07}\\InprocServer32\\InprocServer32"
          ],
          "read_keys": [
            "HKEY_LOCAL_MACHINE\\SYSTEM\\ControlSet001\\Control\\Nls\\Sorting\\Versions\\00060101.00060101"
          ]
        }
      }
    }
  ],
  [
    {
      "behavior": {
        "summary": {
          "executed_commands": [
            "\"netsh\" wlan show profile"
          ],
          "keys": [
            "HKEY_LOCAL_MACHINE\\SOFTWARE\\Classes\\Wow6432Node\\CLSID\\{D68AF00A-29CB-43FA-8504-CE99A996D9EA}\\InprocServer32\\InprocServer32"
          ],
          "read_keys": [
            "HKEY_LOCAL_MACHINE\\SOFTWARE\\Classes\\Wow6432Node\\CLSID\\{D68AF00A-29CB-43FA-8504-CE99A996D9EA}\\InprocServer32\\ThreadingModel"
          ]
        }
      }
    }
  ],
  [
    {
      "behavior": {
        "summary": {
          "keys": [
            "HKEY_LOCAL_MACHINE\\SOFTWARE\\Classes\\CLSID\\{A4A1A128-768F-41E0-BF75-E4FDDD701CBA}\\InProcServer32\\InprocServer32"
          ],
          "write_keys": [
            "HKEY_CURRENT_USER\\Software\\Microsoft\\Windows\\CurrentVersion\\Action Center\\Checks\\{C8E6F269-B90A-4053-A3BE-499AFCEC98C4}.check.0\\CheckSetting"
          ]
        }
      }
    }
  ],
  [
    {
      "behavior": {
        "summary": {
          "keys": [
            "HKEY_LOCAL_MACHINE\\SOFTWARE\\Classes\\CLSID\\{A4A1A128-768F-41E0-BF75-E4FDDD701CBA}\\InProcServer32\\ThreadingModel"
          ],
          "write_keys": [
            "HKEY_CURRENT_USER\\Software\\Microsoft\\Windows\\CurrentVersion\\Action Center\\Checks\\{C8E6F269-B90A-4053-A3BE-499AFCEC98C4}.check.0\\CheckSetting"
          ]
        }
      }
    }
  ],
  [
    {
      "behavior": {
        "summary": {
          "write_keys": [
            "HKEY_CURRENT_USER\\Software\\Microsoft\\Windows\\CurrentVersion\\Action Center\\Checks\\{C8E6F269-B90A-4053-A3BE-499AFCEC98C4}.check.0\\CheckSetting"
          ],
          "read_keys": [
            "HKEY_LOCAL_MACHINE\\SOFTWARE\\Classes\\CLSID\\{A4A1A128-768F-41E0-BF75-E4FDDD701CBA}\\(Default)"
          ]
        }
      }
    }
  ],
  [
    {
      "behavior": {
        "summary": {
          "executed_commands": [
            "\"C:\\Windows\\system32\\schtasks.exe\" /create /tn {9E554C6E-7D11-4FC0-AFA1-FF49DBC84412} /tr \"\\\"C:\\Users\\comp\\AppData\\Roaming\\Microsoft\\Tiafuzdii\\ikkzowxr.exe\\\"\" /sc HOURLY /mo 5 /F"
          ],
          "resolved_apis": [
            "ntlanman.dll.NPGetReconnectFlags"
          ],
          "read_files": [
            "C:\\Users\\comp\\AppData\\Roaming\\Microsoft\\Tiafuzdii\\zwnwiarjs.yju"
          ],
          "keys": [
            "HKEY_LOCAL_MACHINE\\SOFTWARE\\Classes\\Wow6432Node\\CLSID\\{1B1CAD8C-2DAB-11D2-B604-00104B703EFD}\\Progid"
          ],
          "write_keys": [
            "HKEY_CURRENT_USER\\Software\\Microsoft\\Windows\\CurrentVersion\\Internet Settings\\Wpad\\{1BD56EEB-5FA0-48A2-B28D-F06E6A8E236B}\\WpadDecisionReason"
          ],
          "read_keys": [
            "HKEY_LOCAL_MACHINE\\SOFTWARE\\Classes\\Wow6432Node\\Interface\\{027947E1-D731-11CE-A357-000000000001}\\ProxyStubClsid32\\(Default)"
          ]
        }
      }
    }
  ],
  [
    {
      "behavior": {
        "summary": {
          "read_files": [
            "C:\\Users\\comp\\AppData\\Local"
          ],
          "write_keys": [
            "HKEY_CURRENT_USER\\Software\\Microsoft\\Windows\\CurrentVersion\\Action Center\\Checks\\{C8E6F269-B90A-4053-A3BE-499AFCEC98C4}.check.0\\CheckSetting"
          ],
          "read_keys": [
            "HKEY_LOCAL_MACHINE\\SOFTWARE\\Microsoft\\Windows\\Tablet PC\\IsTabletPC"
          ]
        }
      }
    }
  ],
  [
    {
      "behavior": {
        "summary": {
          "keys": [
            "HKEY_LOCAL_MACHINE\\SOFTWARE\\Classes\\CLSID\\{A4A1A128-768F-41E0-BF75-E4FDDD701CBA}\\InprocServer32"
          ],
          "write_keys": [
            "HKEY_CURRENT_USER\\Software\\Microsoft\\Windows\\CurrentVersion\\Action Center\\Checks\\{C8E6F269-B90A-4053-A3BE-499AFCEC98C4}.check.0\\CheckSetting"
          ]
        }
      }
    }
  ],
  [
    {
      "behavior": {
        "summary": {
          "write_keys": [
            "HKEY_CURRENT_USER\\Software\\Microsoft\\Windows\\CurrentVersion\\Action Center\\Checks\\{C8E6F269-B90A-4053-A3BE-499AFCEC98C4}.check.0\\CheckSetting"
          ],
          "read_keys": [
            "HKEY_LOCAL_MACHINE\\SOFTWARE\\Classes\\exefile\\NeverShowExt"
          ]
        }
      }
    }
  ],
  [
    {
      "behavior": {
        "summary": {
          "resolved_apis": [
            "advapi32.dll.ConvertStringSecurityDescriptorToSecurityDescriptorW"
          ],
          "read_files": [
            "C:\\Windows\\assembly\\NativeImages_v2.0.50727_32\\System.Configuration\\612d5cf16a6bb439a07aebb38a1a5311\\System.Configuration.ni.dll"
          ],
          "keys": [
            "HKEY_LOCAL_MACHINE\\SOFTWARE\\Classes\\Wow6432Node\\CLSID\\{D68AF00A-29CB-43FA-8504-CE99A996D9EA}\\InprocServer32\\InprocServer32"
          ],
          "read_keys": [
            "HKEY_LOCAL_MACHINE\\SOFTWARE\\Classes\\Wow6432Node\\CLSID\\{D68AF00A-29CB-43FA-8504-CE99A996D9EA}\\InprocServer32\\(Default)"
          ]
        }
      }
    }
  ],
  [
    {
      "behavior": {
        "summary": {
          "write_keys": [
            "HKEY_CURRENT_USER\\Software\\Microsoft\\Windows\\CurrentVersion\\Action Center\\Checks\\{C8E6F269-B90A-4053-A3BE-499AFCEC98C4}.check.0\\CheckSetting"
          ],
          "read_keys": [
            "HKEY_LOCAL_MACHINE\\SOFTWARE\\Microsoft\\Windows NT\\CurrentVersion\\Time Zones\\Pacific Standard Time\\Dynamic DST\\LastEntry"
          ]
        }
      }
    }
  ],
  [
    {
      "behavior": {
        "summary": {
          "keys": [
            "HKEY_LOCAL_MACHINE\\SOFTWARE\\Classes\\CLSID\\{A4A1A128-768F-41E0-BF75-E4FDDD701CBA}\\InprocServer32"
          ],
          "write_keys": [
            "HKEY_CURRENT_USER\\Software\\Microsoft\\Windows\\CurrentVersion\\Action Center\\Checks\\{C8E6F269-B90A-4053-A3BE-499AFCEC98C4}.check.0\\CheckSetting"
          ]
        }
      }
    }
  ],
  [
    {
      "behavior": {
        "summary": {
          "resolved_apis": [
            "wminet_utils.dll.ConnectServerWmi",
            "vaultcli.dll.VaultOpenVault"
          ],
          "read_files": [
            "C:\\Windows\\assembly\\NativeImages_v2.0.50727_32\\System.Xml\\d510b629bb87e2c16897b365f2b726bc\\System.Xml.ni.dll"
          ],
          "keys": [
            "HKEY_CURRENT_USER\\Software\\Classes\\CLSID\\{1B1CAD8C-2DAB-11D2-B604-00104B703EFD}"
          ],
          "mutexes": [
            "Global\\.net clr networking"
          ],
          "write_keys": [
            "HKEY_CURRENT_USER\\Software\\Classes\\Local Settings\\MuiCache\\5\\52C64B7E\\@%SystemRoot%\\system32\\tsgqec.dll,-101"
          ],
          "read_keys": [
            "HKEY_LOCAL_MACHINE\\SOFTWARE\\MICROSOFT\\Fusion\\NativeImagesIndex\\v2.0.50727_32\\NI\\6faf58\\19ab8d57\\1e\\MissingDependencies"
          ]
        }
      }
    }
  ],
  [
    {
      "behavior": {
        "summary": {
          "keys": [
            "HKEY_LOCAL_MACHINE\\SOFTWARE\\Classes\\CLSID\\{A4A1A128-768F-41E0-BF75-E4FDDD701CBA}\\InProcServer32\\InprocServer32"
          ],
          "write_keys": [
            "HKEY_CURRENT_USER\\Software\\Microsoft\\Windows\\CurrentVersion\\Action Center\\Checks\\{C8E6F269-B90A-4053-A3BE-499AFCEC98C4}.check.0\\CheckSetting"
          ]
        }
      }
    }
  ],
  [
    {
      "behavior": {
        "summary": {
          "resolved_apis": [
            "advapi32.dll.EventUnregister",
            "kernel32.dll.WriteFile",
            "winhttp.dll.WinHttpAddRequestHeaders",
            "ws2_32.dll.#116"
          ],
          "read_files": [
            "C:\\Windows\\System32\\oleacc.dll"
          ],
          "keys": [
            "HKEY_LOCAL_MACHINE\\SYSTEM\\ControlSet001\\Control\\Nls\\Sorting\\Versions\\00060101.00060101"
          ],
          "mutexes": [
            "third "
          ],
          "read_keys": [
            "HKEY_LOCAL_MACHINE\\SYSTEM\\ControlSet001\\Control\\Nls\\Sorting\\Versions\\00060101.00060101"
          ]
        }
      }
    }
  ],
  [
    {
      "behavior": {
        "summary": {
          "keys": [
            "HKEY_CURRENT_USER\\Software\\Classes\\CLSID\\{A4A1A128-768F-41E0-BF75-E4FDDD701CBA}\\InprocHandler"
          ],
          "write_keys": [
            "HKEY_CURRENT_USER\\Software\\Microsoft\\Windows\\CurrentVersion\\Action Center\\Checks\\{C8E6F269-B90A-4053-A3BE-499AFCEC98C4}.check.0\\CheckSetting"
          ]
        }
      }
    }
  ],
  [
    {
      "behavior": {
        "summary": {
          "keys": [
            "HKEY_LOCAL_MACHINE\\SOFTWARE\\Classes\\CLSID\\{A4A1A128-768F-41E0-BF75-E4FDDD701CBA}\\InProcServer32\\ThreadingModel"
          ],
          "write_keys": [
            "HKEY_CURRENT_USER\\Software\\Microsoft\\Windows\\CurrentVersion\\Action Center\\Checks\\{C8E6F269-B90A-4053-A3BE-499AFCEC98C4}.check.0\\CheckSetting"
          ]
        }
      }
    }
  ],
  [
    {
      "behavior": {
        "summary": {
          "executed_commands": [
            "nslookup -querytype=ALL -timeout=10 _ldap._tcp.dc._msdcs.WORKGROUP"
          ],
          "resolved_apis": [
            "advapi32.dll.ConvertStringSecurityDescriptorToSecurityDescriptorW"
          ],
          "read_files": [
            "C:\\Users\\comp\\AppData\\Roaming\\Microsoft\\Tiafuzdii\\ikkzowxr.exe"
          ],
          "keys": [
            "HKEY_LOCAL_MACHINE\\SOFTWARE\\Classes\\Wow6432Node\\CLSID\\{1B1CAD8C-2DAB-11D2-B604-00104B703EFD}\\InprocServer32\\(Default)"
          ],
          "write_keys": [
            "HKEY_CURRENT_USER\\Software\\Microsoft\\Windows\\CurrentVersion\\Internet Settings\\Wpad\\{82157FAB-8460-4E39-94C9-F70D5F2DAD14}\\WpadDecision"
          ]
        }
      }
    }
  ],
  [
    {
      "behavior": {
        "summary": {
          "keys": [
            "HKEY_LOCAL_MACHINE\\SOFTWARE\\Classes\\CLSID\\{A4A1A128-768F-41E0-BF75-E4FDDD701CBA}\\TreatAs"
          ],
          "write_keys": [
            "HKEY_CURRENT_USER\\Software\\Microsoft\\Windows\\CurrentVersion\\Action Center\\Checks\\{C8E6F269-B90A-4053-A3BE-499AFCEC98C4}.check.0\\CheckSetting"
          ]
        }
      }
    }
  ],
  [
    {
      "behavior": {
        "summary": {
          "write_files": [
            "C:\\Users\\comp\\AppData\\Roaming\\5hapqdvk.kkn\\Chrome\\Default\\Cookies"
          ],
          "read_files": [
            "C:\\Users\\comp\\AppData\\Local\\Google\\Chrome\\User Data\\Default\\Login Data"
          ],
          "keys": [
            "HKEY_LOCAL_MACHINE\\SOFTWARE\\Classes\\Wow6432Node\\CLSID\\{D68AF00A-29CB-43FA-8504-CE99A996D9EA}\\InprocServer32\\InprocServer32"
          ],
          "read_keys": [
            "HKEY_LOCAL_MACHINE\\SYSTEM\\ControlSet001\\services\\Tcpip\\Parameters\\Interfaces\\{3DF8548A-CA81-417C-AD72-445187C06A79}\\RegistrationEnabled"
          ]
        }
      }
    }
  ],
  [
    {
      "behavior": {
        "summary": {
          "executed_commands": [
            "nslookup -querytype=ALL -timeout=10 _ldap._tcp.dc._msdcs.WORKGROUP"
          ],
          "write_files": [
            "\\Device\\LanmanDatagramReceiver"
          ],
          "resolved_apis": [
            "version.dll.GetFileVersionInfoSizeW"
          ],
          "keys": [
            "HKEY_LOCAL_MACHINE\\SOFTWARE\\Classes\\Wow6432Node\\CLSID\\{B196B286-BAB4-101A-B69C-00AA00341D07}\\InprocServer32\\InprocServer32"
          ],
          "write_keys": [
            "HKEY_CURRENT_USER\\Software\\Microsoft\\Windows\\CurrentVersion\\Internet Settings\\Wpad\\{1BD56EEB-5FA0-48A2-B28D-F06E6A8E236B}\\WpadDecisionReason"
          ],
          "read_keys": [
            "HKEY_LOCAL_MACHINE\\SYSTEM\\ControlSet001\\services\\NetBT\\Parameters\\ScopeId"
          ]
        }
      }
    }
  ],
  [
    {
      "behavior": {
        "summary": {
          "keys": [
            "HKEY_LOCAL_MACHINE\\SOFTWARE\\Classes\\CLSID\\{A4A1A128-768F-41E0-BF75-E4FDDD701CBA}\\InProcServer32\\InprocServer32"
          ],
          "write_keys": [
            "HKEY_CURRENT_USER\\Software\\Microsoft\\Windows\\CurrentVersion\\Action Center\\Checks\\{C8E6F269-B90A-4053-A3BE-499AFCEC98C4}.check.0\\CheckSetting"
          ]
        }
      }
    }
  ],
  [
    {
      "behavior": {
        "summary": {
          "write_keys": [
            "HKEY_CURRENT_USER\\Software\\Microsoft\\Windows\\CurrentVersion\\Action Center\\Checks\\{C8E6F269-B90A-4053-A3BE-499AFCEC98C4}.check.0\\CheckSetting"
          ],
          "read_keys": [
            "HKEY_LOCAL_MACHINE\\SOFTWARE\\Classes\\CLSID\\{7007ACC7-3202-11D1-AAD2-00805FC1270E}\\ShellFolder\\NoFileFolderJunction"
          ]
        }
      }
    }
  ],
  [
    {
      "behavior": {
        "summary": {
          "executed_commands": [
            "netsh firewall add allowedprogram \"C:\\Users\\comp\\AppData\\Local\\Temp\\server.exe\" \"server.exe\" ENABLE"
          ],
          "keys": [
            "HKEY_LOCAL_MACHINE\\SOFTWARE\\Classes\\Wow6432Node\\Interface\\{00000134-0000-0000-C000-000000000046}\\ProxyStubClsid32\\(Default)"
          ],
          "write_keys": [
            "HKEY_CURRENT_USER\\Software\\Microsoft\\Windows\\CurrentVersion\\Run\\f8782a013a20610e09216f21b705d856"
          ],
          "read_keys": [
            "HKEY_LOCAL_MACHINE\\SOFTWARE\\Microsoft\\Windows NT\\CurrentVersion\\Image File Execution Options\\DevOverrideEnable"
          ]
        }
      }
    }
  ],
  [
    {
      "behavior": {
        "summary": {
          "write_keys": [
            "HKEY_CURRENT_USER\\Software\\Microsoft\\Windows\\CurrentVersion\\Action Center\\Checks\\{C8E6F269-B90A-4053-A3BE-499AFCEC98C4}.check.0\\CheckSetting"
          ],
          "read_keys": [
            "HKEY_LOCAL_MACHINE\\SOFTWARE\\Classes\\Wow6432Node\\CLSID\\{20D04FE0-3AEA-1069-A2D8-08002B30309D}\\ShellFolder\\WantsFORDISPLAY"
          ]
        }
      }
    }
  ],
  [
    {
      "behavior": {
        "summary": {
          "executed_commands": [
            "\"C:\\Windows\\system32\\schtasks.exe\" /create /tn {9E554C6E-7D11-4FC0-AFA1-FF49DBC84412} /tr \"\\\"C:\\Users\\comp\\AppData\\Roaming\\Microsoft\\Tiafuzdii\\ikkzowxr.exe\\\"\" /sc HOURLY /mo 5 /F",
            "nslookup -querytype=ALL -timeout=10 _ldap._tcp.dc._msdcs.WORKGROUP"
          ],
          "keys": [
            "HKEY_LOCAL_MACHINE\\SYSTEM\\ControlSet001\\services\\LanmanWorkstation\\NetworkProvider"
          ],
          "write_keys": [
            "HKEY_CURRENT_USER\\Software\\Microsoft\\Windows\\CurrentVersion\\Internet Settings\\Wpad\\WpadLastNetwork"
          ],
          "read_keys": [
            "HKEY_LOCAL_MACHINE\\SYSTEM\\ControlSet001\\services\\Dnscache\\Parameters\\DnsQueryTimeouts"
          ]
        }
      }
    }
  ],
  [
    {
      "behavior": {
        "summary": {
          "keys": [
            "HKEY_LOCAL_MACHINE\\SOFTWARE\\Classes\\CLSID\\{A4A1A128-768F-41E0-BF75-E4FDDD701CBA}\\InProcServer32\\InprocServer32"
          ],
          "write_keys": [
            "HKEY_CURRENT_USER\\Software\\Microsoft\\Windows\\CurrentVersion\\Action Center\\Checks\\{C8E6F269-B90A-4053-A3BE-499AFCEC98C4}.check.0\\CheckSetting"
          ]
        }
      }
    }
  ],
  [
    {
      "behavior": {
        "summary": {
          "executed_commands": [
            "\"C:\\Windows\\system32\\schtasks.exe\" /create /tn {9E554C6E-7D11-4FC0-AFA1-FF49DBC84412} /tr \"\\\"C:\\Users\\comp\\AppData\\Roaming\\Microsoft\\Tiafuzdii\\ikkzowxr.exe\\\"\" /sc HOURLY /mo 5 /F",
            "nslookup -querytype=ALL -timeout=10 _ldap._tcp.dc._msdcs.WORKGROUP"
          ],
          "write_files": [
            "\\??\\PIPE\\wkssvc"
          ],
          "resolved_apis": [
            "shlwapi.dll.StrStrIA",
            "user32.dll.GetForegroundWindow"
          ],
          "keys": [
            "HKEY_LOCAL_MACHINE\\SOFTWARE\\Classes\\Wow6432Node\\CLSID\\{D68AF00A-29CB-43FA-8504-CE99A996D9EA}\\InprocServer32\\InprocServer32"
          ],
          "read_keys": [
            "HKEY_LOCAL_MACHINE\\SYSTEM\\ControlSet001\\services\\Tcpip\\Parameters\\SearchList"
          ]
        }
      }
    }
  ],
  [
    {
      "behavior": {
        "summary": {
          "mutexes": [
            "Local\\MSCTF.CtfMonitorInstMutexDefault1"
          ],
          "write_keys": [
            "HKEY_CURRENT_USER\\Software\\Microsoft\\Windows\\CurrentVersion\\Action Center\\Checks\\{C8E6F269-B90A-4053-A3BE-499AFCEC98C4}.check.0\\CheckSetting"
          ],
          "read_keys": [
            "HKEY_LOCAL_MACHINE\\SOFTWARE\\Microsoft\\Rpc\\Extensions\\NdrOleExtDLL"
          ]
        }
      }
    }
  ],
  [
    {
      "behavior": {
        "summary": {
          "keys": [
            "HKEY_LOCAL_MACHINE\\SOFTWARE\\Classes\\CLSID\\{A4A1A128-768F-41E0-BF75-E4FDDD701CBA}\\InprocHandler32"
          ],
          "write_keys": [
            "HKEY_CURRENT_USER\\Software\\Microsoft\\Windows\\CurrentVersion\\Action Center\\Checks\\{C8E6F269-B90A-4053-A3BE-499AFCEC98C4}.check.0\\CheckSetting"
          ]
        }
      }
    }
  ],
  [
    {
      "behavior": {
        "summary": {
          "keys": [
            "HKEY_LOCAL_MACHINE\\SOFTWARE\\Classes\\CLSID\\{A4A1A128-768F-41E0-BF75-E4FDDD701CBA}\\InProcServer32\\ThreadingModel"
          ],
          "write_keys": [
            "HKEY_CURRENT_USER\\Software\\Microsoft\\Windows\\CurrentVersion\\Action Center\\Checks\\{C8E6F269-B90A-4053-A3BE-499AFCEC98C4}.check.0\\CheckSetting"
          ]
        }
      }
    }
  ],
  [
    {
      "behavior": {
        "summary": {
          "executed_commands": [
            "nslookup -querytype=ALL -timeout=10 _ldap._tcp.dc._msdcs.WORKGROUP"
          ],
          "keys": [
            "HKEY_LOCAL_MACHINE\\SOFTWARE\\Classes\\Wow6432Node\\CLSID\\{1B1CAD8C-2DAB-11D2-B604-00104B703EFD}\\(Default)"
          ],
          "write_keys": [
            "HKEY_CURRENT_USER\\Software\\Microsoft\\Windows\\CurrentVersion\\Run\\ybenj"
          ],
          "read_keys": [
            "HKEY_LOCAL_MACHINE\\SOFTWARE\\Classes\\Wow6432Node\\CLSID\\{D68AF00A-29CB-43FA-8504-CE99A996D9EA}\\(Default)"
          ]
        }
      }
    }
  ],
  [
    {
      "behavior": {
        "summary": {
          "write_keys": [
            "HKEY_CURRENT_USER\\Software\\Microsoft\\Windows\\CurrentVersion\\Action Center\\Checks\\{C8E6F269-B90A-4053-A3BE-499AFCEC98C4}.check.0\\CheckSetting"
          ],
          "read_keys": [
            "HKEY_LOCAL_MACHINE\\SOFTWARE\\Classes\\Wow6432Node\\CLSID\\{20D04FE0-3AEA-1069-A2D8-08002B30309D}\\ShellFolder\\Attributes"
          ]
        }
      }
    }
  ],
  [
    {
      "behavior": {
        "summary": {
          "keys": [
            "HKEY_CURRENT_USER\\Software\\Microsoft\\Windows\\CurrentVersion\\Action Center\\Checks\\{DAB69A6A-4D2A-4D44-94BF-E0091898C881}.check.100"
          ],
          "write_keys": [
            "HKEY_CURRENT_USER\\Software\\Microsoft\\Windows\\CurrentVersion\\Action Center\\Checks\\{C8E6F269-B90A-4053-A3BE-499AFCEC98C4}.check.0\\CheckSetting"
          ]
        }
      }
    }
  ],
  [
    {
      "behavior": {
        "summary": {
          "write_keys": [
            "HKEY_CURRENT_USER\\Software\\Microsoft\\Windows\\CurrentVersion\\Action Center\\Checks\\{C8E6F269-B90A-4053-A3BE-499AFCEC98C4}.check.0\\CheckSetting"
          ],
          "read_keys": [
            "HKEY_LOCAL_MACHINE\\SOFTWARE\\Microsoft\\Windows\\CurrentVersion\\Internet Settings\\Zones\\4\\1803"
          ]
        }
      }
    }
  ],
  [
    {
      "behavior": {
        "summary": {
          "keys": [
            "HKEY_LOCAL_MACHINE\\SOFTWARE\\Classes\\CLSID\\{A4A1A128-768F-41E0-BF75-E4FDDD701CBA}\\InprocHandler"
          ],
          "write_keys": [
            "HKEY_CURRENT_USER\\Software\\Microsoft\\Windows\\CurrentVersion\\Action Center\\Checks\\{C8E6F269-B90A-4053-A3BE-499AFCEC98C4}.check.0\\CheckSetting"
          ]
        }
      }
    }
  ],
  [
    {
      "behavior": {
        "summary": {
          "write_keys": [
            "HKEY_CURRENT_USER\\Software\\Microsoft\\Windows\\CurrentVersion\\Action Center\\Checks\\{C8E6F269-B90A-4053-A3BE-499AFCEC98C4}.check.0\\CheckSetting"
          ],
          "read_keys": [
            "HKEY_LOCAL_MACHINE\\SOFTWARE\\Classes\\CLSID\\{A4A1A128-768F-41E0-BF75-E4FDDD701CBA}\\InProcServer32\\ThreadingModel"
          ]
        }
      }
    }
  ],
  [
    {
      "behavior": {
        "summary": {
          "keys": [
            "HKEY_LOCAL_MACHINE\\SOFTWARE\\Classes\\CLSID\\{A4A1A128-768F-41E0-BF75-E4FDDD701CBA}\\InProcServer32\\InprocServer32"
          ],
          "write_keys": [
            "HKEY_CURRENT_USER\\Software\\Microsoft\\Windows\\CurrentVersion\\Action Center\\Checks\\{C8E6F269-B90A-4053-A3BE-499AFCEC98C4}.check.0\\CheckSetting"
          ]
        }
      }
    }
  ],
  [
    {
      "behavior": {
        "summary": {
          "read_files": [
            "C:\\Windows\\sysnative\\timedate.cpl.3.Manifest"
          ],
          "write_keys": [
            "HKEY_CURRENT_USER\\Software\\Microsoft\\Windows\\CurrentVersion\\Action Center\\Checks\\{C8E6F269-B90A-4053-A3BE-499AFCEC98C4}.check.0\\CheckSetting"
          ],
          "read_keys": [
            "HKEY_CURRENT_USER\\Software\\Microsoft\\Windows\\CurrentVersion\\Action Center\\Checks\\{01979c6a-42fa-414c-b8aa-eee2c8202018}.check.100\\CheckSetting"
          ]
        }
      }
    }
  ],
  [
    {
      "behavior": {
        "summary": {
          "write_files": [
            "C:\\Program Files\\Windows Sidebar\\Shared Gadgets\\WinRAR.v.3.2.and.key.ShareReactor.com"
          ],
          "resolved_apis": [
            "msvcrt.dll.strcpy"
          ],
          "read_files": [
            "C:\\Users\\comp\\AppData\\Local\\Google\\Chrome\\User Data\\Default\\Feature Engagement Tracker\\AvailabilityDB\\MANIFEST-000001",
            "C:\\Users\\comp\\AppData\\Local\\Google\\Chrome\\User Data\\pnacl\\0.57.44.2492\\_platform_specific\\x86_64\\pnacl_public_x86_64_libpnacl_irt_shim_a"
          ],
          "keys": [
            "HKEY_LOCAL_MACHINE\\SYSTEM\\ControlSet001\\services\\Tcpip\\Parameters\\Interfaces\\{3DF8548A-CA81-417C-AD72-445187C06A79}\\RegistrationMaxAddressCount"
          ],
          "write_keys": [
            "HKEY_CURRENT_USER\\Software\\Microsoft\\Windows\\CurrentVersion\\POSIX"
          ],
          "read_keys": [
            "HKEY_LOCAL_MACHINE\\SYSTEM\\ControlSet001\\services\\NetBT\\Parameters\\ScopeId"
          ]
        }
      }
    }
  ],
  [
    {
      "behavior": {
        "summary": {
          "resolved_apis": [
            "kernel32.dll.WriteFile",
            "ws2_32.dll.#116"
          ],
          "keys": [
            "HKEY_LOCAL_MACHINE\\SOFTWARE\\Classes\\Wow6432Node\\Interface\\{027947E1-D731-11CE-A357-000000000001}\\ProxyStubClsid32\\(Default)",
            "HKEY_LOCAL_MACHINE\\SOFTWARE\\Classes\\TypeLib\\{3050F1C5-98B5-11CF-BB82-00AA00BDCE0B}\\4.0\\0\\win32"
          ],
          "mutexes": [
            "Local\\16764F0F-7493-0575-0C5E-F1B007496C14"
          ],
          "read_keys": [
            "HKEY_LOCAL_MACHINE\\SOFTWARE\\Classes\\Wow6432Node\\Interface\\{EAB22AC1-30C1-11CF-A7EB-0000C05BAE0B}\\ProxyStubClsid32\\(Default)"
          ]
        }
      }
    }
  ],
  [
    {
      "behavior": {
        "summary": {
          "write_keys": [
            "HKEY_CURRENT_USER\\Software\\Microsoft\\Windows\\CurrentVersion\\Action Center\\Checks\\{C8E6F269-B90A-4053-A3BE-499AFCEC98C4}.check.0\\CheckSetting"
          ],
          "read_keys": [
            "HKEY_CURRENT_USER\\Software\\Microsoft\\Windows\\CurrentVersion\\Action Center\\Checks\\{852FB1F8-5CC6-4567-9C0E-7C330F8807C2}.check.100\\CheckSetting"
          ]
        }
      }
    }
  ],
  [
    {
      "behavior": {
        "summary": {
          "mutexes": [
            "Global\\3pc6RWOgectGTFqCowxjeGy3XIGPtLwNrsr2zDctYD4hAU5pj4GW7rm8gHrHyTB6"
          ],
          "write_keys": [
            "HKEY_CURRENT_USER\\Software\\Microsoft\\Windows\\CurrentVersion\\Run\\CTS"
          ]
        }
      }
    }
  ],
  [
    {
      "behavior": {
        "summary": {
          "executed_commands": [
            "\"C:\\Windows\\system32\\schtasks.exe\" /create /tn {9E554C6E-7D11-4FC0-AFA1-FF49DBC84412} /tr \"\\\"C:\\Users\\comp\\AppData\\Roaming\\Microsoft\\Tiafuzdii\\ikkzowxr.exe\\\"\" /sc HOURLY /mo 5 /F"
          ],
          "resolved_apis": [
            "advapi32.dll.ConvertStringSecurityDescriptorToSecurityDescriptorW"
          ],
          "keys": [
            "HKEY_CURRENT_USER\\Software\\Classes\\Interface\\{9556DC99-828C-11CF-A37E-00AA003240C7}"
          ],
          "write_keys": [
            "HKEY_CURRENT_USER\\Software\\Microsoft\\Windows\\CurrentVersion\\Run\\zxfcozyk"
          ],
          "read_keys": [
            "HKEY_LOCAL_MACHINE\\SYSTEM\\ControlSet001\\services\\WebClient\\NetworkProvider\\name"
          ]
        }
      }
    }
  ],
  [
    {
      "behavior": {
        "summary": {
          "executed_commands": [
            "\"C:\\Users\\comp\\AppData\\Local\\api-ms-win-core-handle-l1-1-0\\regsvr32.exe\""
          ],
          "write_keys": [
            "HKEY_CURRENT_USER\\Software\\Microsoft\\Windows\\CurrentVersion\\Action Center\\Checks\\{C8E6F269-B90A-4053-A3BE-499AFCEC98C4}.check.0\\CheckSetting"
          ]
        }
      }
    }
  ],
  [
    {
      "behavior": {
        "summary": {
          "resolved_apis": [
            "winspool.drv.DeletePrinterDriverExW",
            "dui70.dll.?OnUnHosted@Element@DirectUI@@MEAAXPEAV12@@Z"
          ],
          "write_keys": [
            "HKEY_CURRENT_USER\\Software\\Microsoft\\Windows\\CurrentVersion\\Action Center\\Checks\\{C8E6F269-B90A-4053-A3BE-499AFCEC98C4}.check.0\\CheckSetting"
          ],
          "read_keys": [
            "HKEY_LOCAL_MACHINE\\SOFTWARE\\Microsoft\\Windows\\CurrentVersion\\Policies\\Explorer\\ClassicShell"
          ]
        }
      }
    }
  ],
  [
    {
      "behavior": {
        "summary": {
          "executed_commands": [
            "\"netsh\" wlan show profile"
          ],
          "resolved_apis": [
            "advapi32.dll.ConvertStringSecurityDescriptorToSecurityDescriptorW"
          ],
          "keys": [
            "HKEY_LOCAL_MACHINE\\SYSTEM\\ControlSet001\\services\\Tcpip\\Parameters\\Interfaces\\{3DF8548A-CA81-417C-AD72-445187C06A79}\\RegistrationEnabled"
          ],
          "write_keys": [
            "HKEY_CURRENT_USER\\Software\\Classes\\Local Settings\\MuiCache\\5\\52C64B7E\\@%SystemRoot%\\system32\\napipsec.dll,-3"
          ],
          "read_keys": [
            "HKEY_LOCAL_MACHINE\\SOFTWARE\\Classes\\Wow6432Node\\Interface\\{027947E1-D731-11CE-A357-000000000001}\\ProxyStubClsid32\\(Default)"
          ]
        }
      }
    }
  ],
  [
    {
      "behavior": {
        "summary": {
          "write_keys": [
            "HKEY_CURRENT_USER\\Software\\Microsoft\\Windows\\CurrentVersion\\Action Center\\Checks\\{C8E6F269-B90A-4053-A3BE-499AFCEC98C4}.check.0\\CheckSetting"
          ],
          "read_keys": [
            "HKEY_LOCAL_MACHINE\\SOFTWARE\\Microsoft\\Windows NT\\CurrentVersion\\LanguagePack\\SurrogateFallback\\Plane13"
          ]
        }
      }
    }
  ],
  [
    {
      "behavior": {
        "summary": {
          "write_files": [
            "C:\\Users\\comp\\AppData\\Roaming\\BF783B\\BCDB0B.lck"
          ],
          "delete_files": [
            "C:\\Users\\comp\\AppData\\Roaming\\BF783B\\BCDB0B.lck"
          ],
          "read_files": [
            "C:\\Users\\comp\\AppData\\Local\\Google\\Chrome\\User Data\\Default\\Login Data"
          ],
          "write_keys": [
            "HKEY_CURRENT_USER\\http://mecharnise.ir/ea3/fre.php\\BF783B"
          ]
        }
      }
    }
  ],
  [
    {
      "behavior": {
        "summary": {
          "write_keys": [
            "HKEY_CURRENT_USER\\Software\\Microsoft\\Windows\\CurrentVersion\\Action Center\\Checks\\{C8E6F269-B90A-4053-A3BE-499AFCEC98C4}.check.0\\CheckSetting"
          ],
          "read_keys": [
            "HKEY_LOCAL_MACHINE\\SOFTWARE\\Classes\\CLSID\\{7007ACC7-3202-11D1-AAD2-00805FC1270E}\\InProcServer32\\LoadWithoutCOM"
          ]
        }
      }
    }
  ],
  [
    {
      "behavior": {
        "summary": {
          "read_files": [
            "C:\\Windows\\winsxs\\x86_microsoft.windows.common-controls_6595b64144ccf1df_6.0.7601.18837_none_41e855142bd5705d\\comctl32.dll"
          ],
          "write_keys": [
            "HKEY_CURRENT_USER\\Software\\Microsoft\\Windows\\CurrentVersion\\Action Center\\Checks\\{C8E6F269-B90A-4053-A3BE-499AFCEC98C4}.check.0\\CheckSetting"
          ],
          "read_keys": [
            "HKEY_CURRENT_USER\\Software\\Microsoft\\Windows\\CurrentVersion\\Internet Settings\\Zones\\4\\1803"
          ]
        }
      }
    }
  ],
  [
    {
      "behavior": {
        "summary": {
          "write_keys": [
            "HKEY_CURRENT_USER\\Software\\Microsoft\\Windows\\CurrentVersion\\Action Center\\Checks\\{C8E6F269-B90A-4053-A3BE-499AFCEC98C4}.check.0\\CheckSetting"
          ],
          "read_keys": [
            "HKEY_LOCAL_MACHINE\\SOFTWARE\\Classes\\CLSID\\{21EC2020-3AEA-1069-A2DD-08002B30309D}\\SortOrderIndex"
          ]
        }
      }
    }
  ],
  [
    {
      "behavior": {
        "summary": {
          "keys": [
            "HKEY_CURRENT_USER\\Software\\Classes\\Wow6432Node\\CLSID\\{A4A1A128-768F-41E0-BF75-E4FDDD701CBA}\\Progid"
          ],
          "write_keys": [
            "HKEY_CURRENT_USER\\Software\\Microsoft\\Windows\\CurrentVersion\\Action Center\\Checks\\{C8E6F269-B90A-4053-A3BE-499AFCEC98C4}.check.0\\CheckSetting"
          ]
        }
      }
    }
  ],
  [
    {
      "behavior": {
        "summary": {
          "executed_commands": [
            "\"C:\\Windows\\system32\\schtasks.exe\" /create /tn {9E554C6E-7D11-4FC0-AFA1-FF49DBC84412} /tr \"\\\"C:\\Users\\comp\\AppData\\Roaming\\Microsoft\\Tiafuzdii\\ikkzowxr.exe\\\"\" /sc HOURLY /mo 5 /F"
          ],
          "write_files": [
            "\\Device\\LanmanDatagramReceiver"
          ],
          "resolved_apis": [
            "wshtcpip.dll.WSHGetBroadcastSockaddr"
          ],
          "read_files": [
            "C:\\Users\\comp\\AppData\\Roaming\\Microsoft\\Tiafuzdii\\ikkzowxr.exe",
            "C:\\Windows\\SysWOW64\\en-US\\mpr.dll.mui"
          ],
          "keys": [
            "HKEY_LOCAL_MACHINE\\SYSTEM\\ControlSet001\\services\\Tcpip\\Parameters\\Winsock\\UseDelayedAcceptance"
          ],
          "write_keys": [
            "HKEY_CURRENT_USER\\Software\\Microsoft\\Windows\\CurrentVersion\\Internet Settings\\Connections\\DefaultConnectionSettings"
          ],
          "read_keys": [
            "HKEY_LOCAL_MACHINE\\SYSTEM\\ControlSet001\\services\\Tcpip\\Parameters\\Winsock\\HelperDllName"
          ]
        }
      }
    }
  ],
  [
    {
      "behavior": {
        "summary": {
          "resolved_apis": [
            "wscapi.dll.WscGetSecurityProviderHealth",
            "xmllite.dll.CreateXmlReader"
          ],
          "write_keys": [
            "HKEY_CURRENT_USER\\Software\\Microsoft\\Windows\\CurrentVersion\\Action Center\\Checks\\{C8E6F269-B90A-4053-A3BE-499AFCEC98C4}.check.0\\CheckSetting"
          ]
        }
      }
    }
  ],
  [
    {
      "behavior": {
        "summary": {
          "keys": [
            "HKEY_LOCAL_MACHINE\\SOFTWARE\\Classes\\CLSID\\{A4A1A128-768F-41E0-BF75-E4FDDD701CBA}\\InProcServer32\\(Default)"
          ],
          "write_keys": [
            "HKEY_CURRENT_USER\\Software\\Microsoft\\Windows\\CurrentVersion\\Action Center\\Checks\\{C8E6F269-B90A-4053-A3BE-499AFCEC98C4}.check.0\\CheckSetting"
          ]
        }
      }
    }
  ],
  [
    {
      "behavior": {
        "summary": {
          "keys": [
            "HKEY_LOCAL_MACHINE\\SOFTWARE\\Classes\\CLSID\\{A4A1A128-768F-41E0-BF75-E4FDDD701CBA}\\InProcServer32\\(Default)"
          ],
          "write_keys": [
            "HKEY_CURRENT_USER\\Software\\Microsoft\\Windows\\CurrentVersion\\Action Center\\Checks\\{C8E6F269-B90A-4053-A3BE-499AFCEC98C4}.check.0\\CheckSetting"
          ]
        }
      }
    }
  ],
  [
    {
      "behavior": {
        "summary": {
          "keys": [
            "HKEY_LOCAL_MACHINE\\SOFTWARE\\Classes\\Wow6432Node\\CLSID\\{A4A1A128-768F-41E0-BF75-E4FDDD701CBA}\\Progid"
          ],
          "write_keys": [
            "HKEY_CURRENT_USER\\Software\\Microsoft\\Windows\\CurrentVersion\\Action Center\\Checks\\{C8E6F269-B90A-4053-A3BE-499AFCEC98C4}.check.0\\CheckSetting"
          ]
        }
      }
    }
  ],
  [
    {
      "behavior": {
        "summary": {
          "keys": [
            "HKEY_CURRENT_USER\\Software\\Classes\\Wow6432Node\\CLSID\\{A4A1A128-768F-41E0-BF75-E4FDDD701CBA}\\Progid"
          ],
          "write_keys": [
            "HKEY_CURRENT_USER\\Software\\Microsoft\\Windows\\CurrentVersion\\Action Center\\Checks\\{C8E6F269-B90A-4053-A3BE-499AFCEC98C4}.check.0\\CheckSetting"
          ]
        }
      }
    }
  ],
  [
    {
      "behavior": {
        "summary": {
          "read_files": [
            "C:\\Windows\\sysnative\\en-US\\prnfldr.dll.mui"
          ],
          "keys": [
            "HKEY_LOCAL_MACHINE\\Software\\Microsoft\\Windows\\CurrentVersion\\Action Center\\Providers\\EventLog\\{DAB69A6A-4D2A-4D44-94BF-E0091898C881}"
          ],
          "write_keys": [
            "HKEY_CURRENT_USER\\Software\\Microsoft\\Windows\\CurrentVersion\\Action Center\\Checks\\{C8E6F269-B90A-4053-A3BE-499AFCEC98C4}.check.0\\CheckSetting"
          ]
        }
      }
    }
  ],
  [
    {
      "behavior": {
        "summary": {
          "executed_commands": [
            "\"C:\\Windows\\System32\\schtasks.exe\" /Create /TN \"Updates\\yGVkFdWpFbW\" /XML \"C:\\Users\\comp\\AppData\\Local\\Temp\\tmp9162.tmp\""
          ],
          "resolved_apis": [
            "wminet_utils.dll.Clone",
            "psapi.dll.GetModuleFileNameExW"
          ],
          "files": [
            "C:\\Windows\\assembly\\NativeImages_v2.0.50727_32\\System.Configuration\\612d5cf16a6bb439a07aebb38a1a5311\\System.Configuration.ni.dll"
          ],
          "read_files": [
            "C:\\Windows\\assembly\\NativeImages_v2.0.50727_32\\System.Xml\\d510b629bb87e2c16897b365f2b726bc\\System.Xml.ni.dll"
          ],
          "keys": [
            "HKEY_LOCAL_MACHINE\\SYSTEM\\CurrentControlSet\\Services\\.NET CLR Networking\\Performance",
            "HKEY_LOCAL_MACHINE\\SYSTEM\\ControlSet001\\services\\Tcpip\\Parameters\\Interfaces\\{3DF8548A-CA81-417C-AD72-445187C06A79}\\QueryAdapterName"
          ],
          "mutexes": [
            "Global\\CLR_CASOFF_MUTEX",
            "Global\\.net clr networking"
          ],
          "read_keys": [
            "HKEY_LOCAL_MACHINE\\SYSTEM\\ControlSet001\\services\\Tcpip\\Parameters\\UseDomainNameDevolution"
          ]
        }
      }
    }
  ],
  [
    {
      "behavior": {
        "summary": {
          "keys": [
            "HKEY_CURRENT_USER\\Software\\Microsoft\\Windows\\CurrentVersion\\Action Center\\Providers\\EventLog\\{A5268B8E-7DB5-465b-BAB7-BDCDA39A394A}"
          ],
          "write_keys": [
            "HKEY_CURRENT_USER\\Software\\Microsoft\\Windows\\CurrentVersion\\Action Center\\Checks\\{C8E6F269-B90A-4053-A3BE-499AFCEC98C4}.check.0\\CheckSetting"
          ],
          "read_keys": [
            "HKEY_LOCAL_MACHINE\\SOFTWARE\\Classes\\CLSID\\{7007ACC7-3202-11D1-AAD2-00805FC1270E}\\ShellFolder\\HasNavigationEnum"
          ]
        }
      }
    }
  ],
  [
    {
      "behavior": {
        "summary": {
          "keys": [
            "HKEY_CURRENT_USER\\Software\\Classes\\CLSID\\{A4A1A128-768F-41E0-BF75-E4FDDD701CBA}\\InprocHandler32"
          ],
          "write_keys": [
            "HKEY_CURRENT_USER\\Software\\Microsoft\\Windows\\CurrentVersion\\Action Center\\Checks\\{C8E6F269-B90A-4053-A3BE-499AFCEC98C4}.check.0\\CheckSetting"
          ]
        }
      }
    }
  ],
  [
    {
      "behavior": {
        "summary": {
          "read_files": [
            "C:\\Windows\\assembly\\NativeImages_v2.0.50727_32\\System.Security\\3e6ee87e1c438531b00a001343a76362\\System.Security.ni.dll"
          ],
          "keys": [
            "HKEY_LOCAL_MACHINE\\SOFTWARE\\Classes\\CLSID\\{D68AF00A-29CB-43FA-8504-CE99A996D9EA}\\Progid"
          ],
          "write_keys": [
            "HKEY_CURRENT_USER\\Software\\Microsoft\\Windows\\CurrentVersion\\Run\\DZqzte"
          ],
          "read_keys": [
            "HKEY_LOCAL_MACHINE\\SOFTWARE\\Classes\\Wow6432Node\\CLSID\\{1B1CAD8C-2DAB-11D2-B604-00104B703EFD}\\InprocServer32\\ThreadingModel"
          ]
        }
      }
    }
  ],
  [
    {
      "behavior": {
        "summary": {
          "write_keys": [
            "HKEY_CURRENT_USER\\Software\\Microsoft\\Windows\\CurrentVersion\\Action Center\\Checks\\{C8E6F269-B90A-4053-A3BE-499AFCEC98C4}.check.0\\CheckSetting"
          ],
          "read_keys": [
            "HKEY_LOCAL_MACHINE\\SOFTWARE\\Classes\\CLSID\\{7007ACC7-3202-11D1-AAD2-00805FC1270E}\\ShellFolder\\HideInWebView"
          ]
        }
      }
    }
  ],
  [
    {
      "behavior": {
        "summary": {
          "keys": [
            "HKEY_LOCAL_MACHINE\\SOFTWARE\\Classes\\Wow6432Node\\CLSID\\{A4A1A128-768F-41E0-BF75-E4FDDD701CBA}\\Progid"
          ],
          "write_keys": [
            "HKEY_CURRENT_USER\\Software\\Microsoft\\Windows\\CurrentVersion\\Action Center\\Checks\\{C8E6F269-B90A-4053-A3BE-499AFCEC98C4}.check.0\\CheckSetting"
          ]
        }
      }
    }
  ],
  [
    {
      "behavior": {
        "summary": {
          "keys": [
            "HKEY_LOCAL_MACHINE\\SOFTWARE\\Classes\\CLSID\\{A4A1A128-768F-41E0-BF75-E4FDDD701CBA}\\InprocHandler"
          ],
          "write_keys": [
            "HKEY_CURRENT_USER\\Software\\Microsoft\\Windows\\CurrentVersion\\Action Center\\Checks\\{C8E6F269-B90A-4053-A3BE-499AFCEC98C4}.check.0\\CheckSetting"
          ]
        }
      }
    }
  ],
  [
    {
      "behavior": {
        "summary": {
          "executed_commands": [
            "C:\\Windows\\splwow64.exe 8192"
          ],
          "delete_files": [
            "C:\\Windows\\sysnative\\spool\\drivers\\x64\\3\\mxdwdui.BUD"
          ],
          "keys": [
            "HKEY_LOCAL_MACHINE\\Software\\Classes\\CLSID\\{9c73f5e5-7ae7-4e32-a8e8-8d23b85255bf}\\InProcServer32"
          ],
          "mutexes": [
            "Local\\WinSpl64To32Mutex_ea35_0_2000"
          ],
          "read_keys": [
            "HKEY_LOCAL_MACHINE\\SYSTEM\\ControlSet001\\Control\\Lsa\\SspiCache\\credssp.dll\\Name"
          ]
        }
      }
    }
  ],
  [
    {
      "behavior": {
        "summary": {
          "keys": [
            "HKEY_CURRENT_USER\\Software\\Classes\\CLSID\\{A4A1A128-768F-41E0-BF75-E4FDDD701CBA}\\TreatAs"
          ],
          "write_keys": [
            "HKEY_CURRENT_USER\\Software\\Microsoft\\Windows\\CurrentVersion\\Action Center\\Checks\\{C8E6F269-B90A-4053-A3BE-499AFCEC98C4}.check.0\\CheckSetting"
          ]
        }
      }
    }
  ],
  [
    {
      "behavior": {
        "summary": {
          "executed_commands": [
            "\"netsh\" wlan show profile"
          ],
          "read_files": [
            "C:\\Windows\\assembly\\NativeImages_v2.0.50727_32\\System.Security\\3e6ee87e1c438531b00a001343a76362\\System.Security.ni.dll"
          ],
          "keys": [
            "HKEY_LOCAL_MACHINE\\SOFTWARE\\Classes\\Wow6432Node\\CLSID\\{D68AF00A-29CB-43FA-8504-CE99A996D9EA}\\InprocServer32\\InprocServer32"
          ],
          "read_keys": [
            "HKEY_LOCAL_MACHINE\\SYSTEM\\ControlSet001\\services\\Dnscache\\Parameters\\UseHostsFile"
          ]
        }
      }
    }
  ],
  [
    {
      "behavior": {
        "summary": {
          "keys": [
            "HKEY_LOCAL_MACHINE\\SOFTWARE\\Classes\\CLSID\\{A4A1A128-768F-41E0-BF75-E4FDDD701CBA}\\InprocServer32"
          ],
          "write_keys": [
            "HKEY_CURRENT_USER\\Software\\Microsoft\\Windows\\CurrentVersion\\Action Center\\Checks\\{C8E6F269-B90A-4053-A3BE-499AFCEC98C4}.check.0\\CheckSetting"
          ]
        }
      }
    }
  ],
  [
    {
      "behavior": {
        "summary": {
          "executed_commands": [
            "\"C:\\Windows\\system32\\schtasks.exe\" /create /tn {9E554C6E-7D11-4FC0-AFA1-FF49DBC84412} /tr \"\\\"C:\\Users\\comp\\AppData\\Roaming\\Microsoft\\Tiafuzdii\\ikkzowxr.exe\\\"\" /sc HOURLY /mo 5 /F"
          ],
          "resolved_apis": [
            "msvcrt.dll.strstr"
          ],
          "keys": [
            "HKEY_LOCAL_MACHINE\\SOFTWARE\\Classes\\Wow6432Node\\Interface\\{027947E1-D731-11CE-A357-000000000001}\\ProxyStubClsid32\\(Default)"
          ],
          "write_keys": [
            "HKEY_CURRENT_USER\\Software\\Microsoft\\Windows\\CurrentVersion\\Internet Settings\\Connections\\DefaultConnectionSettings"
          ],
          "read_keys": [
            "HKEY_LOCAL_MACHINE\\SOFTWARE\\Classes\\Wow6432Node\\CLSID\\{D68AF00A-29CB-43FA-8504-CE99A996D9EA}\\InprocServer32\\InprocServer32"
          ]
        }
      }
    }
  ],
  [
    {
      "behavior": {
        "summary": {
          "executed_commands": [
            "\"C:\\Windows\\System32\\schtasks.exe\" /Create /TN \"Updates\\RTSLBPx\" /XML \"C:\\Users\\comp\\AppData\\Local\\Temp\\tmp6EC7.tmp\""
          ],
          "write_files": [
            "C:\\Users\\comp\\AppData\\Roaming\\60B249AD-226D-4B72-91E9-758951B2FB48\\run.dat"
          ],
          "keys": [
            "HKEY_LOCAL_MACHINE\\SOFTWARE\\Classes\\Wow6432Node\\CLSID\\{D68AF00A-29CB-43FA-8504-CE99A996D9EA}\\InprocServer32"
          ],
          "read_keys": [
            "HKEY_LOCAL_MACHINE\\SOFTWARE\\Microsoft\\Fusion\\NativeImagesIndex\\v2.0.50727_32\\NI\\181938c6\\7950e2c5\\1b\\ILDependencies"
          ]
        }
      }
    }
  ],
  [
    {
      "behavior": {
        "summary": {
          "resolved_apis": [
            "advapi32.dll.CryptAcquireContextA"
          ],
          "read_files": [
            "C:\\Users\\comp\\AppData"
          ],
          "write_keys": [
            "HKEY_CURRENT_USER\\Software\\Microsoft\\Windows\\CurrentVersion\\Action Center\\Checks\\{C8E6F269-B90A-4053-A3BE-499AFCEC98C4}.check.0\\CheckSetting"
          ]
        }
      }
    }
  ],
  [
    {
      "behavior": {
        "summary": {
          "write_files": [
            "C:\\Users\\comp\\AppData\\Roaming\\BF783B\\BCDB0B.lck"
          ],
          "keys": [
            "HKEY_CURRENT_USER\\Software\\SimonTatham\\PuTTY\\Sessions"
          ],
          "write_keys": [
            "HKEY_CURRENT_USER\\http://dsjgfdodfy.ddns.net/.9/4'.php/8NtNdGl2puBY7\\BF783B"
          ],
          "read_keys": [
            "HKEY_LOCAL_MACHINE\\SYSTEM\\ControlSet001\\services\\LanmanWorkstation\\Parameters\\RpcCacheTimeout"
          ]
        }
      }
    }
  ],
  [
    {
      "behavior": {
        "summary": {
          "executed_commands": [
            "C:\\Windows\\SysWOW64\\rundll32.exe \"C:\\Users\\comp\\AppData\\Local\\Gcmg\\tnkpguf.crf\",RunDLL"
          ],
          "write_keys": [
            "HKEY_CURRENT_USER\\Software\\Microsoft\\Windows\\CurrentVersion\\Action Center\\Checks\\{C8E6F269-B90A-4053-A3BE-499AFCEC98C4}.check.0\\CheckSetting"
          ],
          "read_keys": [
            "HKEY_LOCAL_MACHINE\\SOFTWARE\\Wow6432Node\\Microsoft\\Windows\\CurrentVersion\\explorer\\Advanced\\MaxUndoItems"
          ]
        }
      }
    }
  ],
  [
    {
      "behavior": {
        "summary": {
          "write_files": [
            "C:\\Users\\comp\\AppData\\Local\\Temp\\430B.bin"
          ],
          "resolved_apis": [
            "winhttp.dll.WinHttpCloseHandle"
          ],
          "read_files": [
            "C:\\Windows\\SysWOW64\\ieframe.dll"
          ],
          "keys": [
            "HKEY_LOCAL_MACHINE\\SOFTWARE\\Classes\\Wow6432Node\\CLSID\\{D68AF00A-29CB-43FA-8504-CE99A996D9EA}\\InprocServer32\\InprocServer32"
          ],
          "mutexes": [
            "Local\\16764F0F-7493-0575-0C5E-F1B007496C14"
          ]
        }
      }
    }
  ],
  [
    {
      "behavior": {
        "summary": {
          "executed_commands": [
            "netsh firewall add allowedprogram \"C:\\Users\\comp\\AppData\\Roaming\\confuse\\chargeable.exe\" \"chargeable.exe\" ENABLE"
          ],
          "read_files": [
            "C:\\Windows\\assembly\\NativeImages_v2.0.50727_32\\System.Configuration\\612d5cf16a6bb439a07aebb38a1a5311\\System.Configuration.ni.dll"
          ],
          "keys": [
            "HKEY_LOCAL_MACHINE\\SYSTEM\\ControlSet001\\services\\napagent\\Qecs\\79619\\Info Clsid"
          ],
          "write_keys": [
            "HKEY_CURRENT_USER\\Software\\e1a87040f2026369a233f9ae76301b7b\\[kl]"
          ],
          "read_keys": [
            "HKEY_LOCAL_MACHINE\\SYSTEM\\ControlSet001\\services\\napagent\\Qecs\\79621\\Config Clsid"
          ]
        }
      }
    }
  ]
]
