[
  [
    {
      "behavior": {
        "summary": {
          "write_files": [
            "C:\\Users\\comp\\AppData\\Roaming\\Microsoft\\Windows\\Start Menu\\Programs\\Startup\\9fd0225185a115a1d61e.exe"
          ],
          "write_keys": [
            "HKEY_LOCAL_MACHINE\\SOFTWARE\\Wow6432Node\\Microsoft\\Windows\\CurrentVersion\\Run\\6daadb18"
          ]
        }
      }
    }
  ],
  [
    {
      "behavior": {
        "summary": {
          "executed_commands": [
            "C:\\Users\\comp\\AppData\\Roaming\\Microsoft\\Tiafuzdii\\ikkzowxr.exe /C"
          ],
          "write_files": [
            "C:\\Users\\comp\\AppData\\Roaming\\Microsoft\\Tiafuzdii\\ikkzowxr.exe"
          ]
        }
      }
    }
  ],
  [
    {
      "behavior": {
        "summary": {
          "executed_commands": [
            "\"C:\\Windows\\System32\\schtasks.exe\" /Create /TN \"Updates\\AvqOUjZwpiXQ\" /XML \"C:\\Users\\comp\\AppData\\Local\\Temp\\tmp8EA3.tmp\""
          ],
          "write_files": [
            "C:\\Users\\comp\\AppData\\Roaming\\AvqOUjZwpiXQ.exe"
          ]
        }
      }
    }
  ],
  [
    {
      "behavior": {
        "summary": {
          "executed_commands": [
            "\"C:\\Windows\\System32\\schtasks.exe\" /Create /TN \"Updates\\rHwNrIfXERo\" /XML \"C:\\Users\\comp\\AppData\\Local\\Temp\\tmp95B8.tmp\""
          ],
          "write_files": [
            "C:\\Users\\comp\\AppData\\Roaming\\rHwNrIfXERo.exe"
          ]
        }
      }
    }
  ],
  [
    {
      "behavior": {
        "summary": {
          "executed_commands": [
            "\"C:\\Windows\\System32\\schtasks.exe\" /Create /TN \"Updates\\InNHNJvJUCH\" /XML \"C:\\Users\\comp\\AppData\\Local\\Temp\\tmp8378.tmp\""
          ],
          "write_files": [
            "C:\\Users\\comp\\AppData\\Roaming\\InNHNJvJUCH.exe"
          ]
        }
      }
    }
  ],
  [
    {
      "behavior": {
        "summary": {
          "executed_commands": [
            "c:\\windows\\system\\explorer.exe"
          ],
          "write_files": [
            "C:\\Users\\comp\\AppData\\Local\\Chrome\\C:\\Users\\comp\\AppData\\Local\\Chrome\\SyncHost.exe"
          ],
          "mutexes": [
            "StikyNot_yakuza"
          ],
          "write_keys": [
            "HKEY_CURRENT_USER\\Software\\Microsoft\\Windows\\CurrentVersion\\Run\\Microsoft OneDrive"
          ]
        }
      }
    }
  ],
  [
    {
      "behavior": {
        "summary": {
          "write_files": [
            "C:\\Users\\comp\\AppData\\Roaming\\Microsoft\\Windows\\Start Menu\\Programs\\Startup\\x.vbs"
          ],
          "delete_files": [
            "C:\\Users\\comp\\AppData\\Local\\Chrome\\StikyNot.exe"
          ]
        }
      }
    }
  ],
  [
    {
      "behavior": {
        "summary": {
          "executed_commands": [
            "\"C:\\Windows\\System32\\schtasks.exe\" /Create /TN \"Updates\\oSyQOVtiqYEgy\" /XML \"C:\\Users\\comp\\AppData\\Local\\Temp\\tmpB575.tmp\""
          ],
          "write_files": [
            "C:\\Users\\comp\\AppData\\Roaming\\oSyQOVtiqYEgy.exe"
          ]
        }
      }
    }
  ],
  [
    {
      "behavior": {
        "summary": {
          "write_files": [
            "C:\\Users\\comp\\AppData\\Roaming\\ProPlayer\\Player.exe.exe"
          ]
        }
      }
    }
  ],
  [
    {
      "behavior": {
        "summary": {
          "write_files": [
            "C:\\Users\\comp\\AppData\\Local\\Chrome\\C:\\Users\\comp\\AppData\\Local\\Chrome\\SyncHost.exe",
            "R:\\StikyNot.exe"
          ],
          "mutexes": [
            "StikyNot_yakuza"
          ],
          "write_keys": [
            "HKEY_CURRENT_USER\\Software\\Microsoft\\Windows\\CurrentVersion\\Run\\Microsoft OneDrive"
          ]
        }
      }
    }
  ],
  [
    {
      "behavior": {
        "summary": {
          "executed_commands": [
            "C:\\Users\\comp\\AppData\\Local\\Chrome\\StikyNot.exe"
          ],
          "write_files": [
            "C:\\Users\\comp\\AppData\\Local\\Chrome\\C:\\Users\\comp\\AppData\\Local\\Chrome\\SyncHost.exe",
            "N:\\StikyNot.exe"
          ],
          "mutexes": [
            "StikyNot_yakuza"
          ]
        }
      }
    }
  ],
  [
    {
      "behavior": {
        "summary": {
          "executed_commands": [
            "\"C:\\Users\\comp\\AppData\\Local\\KBDLT1\\api-ms-win-core-interlocked-l1-1-0.exe\""
          ],
          "write_files": [
            "C:\\Users\\comp\\AppData\\Local\\NETSTAT\\poqexec.exe"
          ],
          "delete_files": [
            "C:\\Users\\comp\\AppData\\Local\\KBDLT1\\api-ms-win-core-interlocked-l1-1-0.exe"
          ],
          "read_files": [
            "C:\\Windows\\SysWOW64\\WerFault.exe"
          ]
        }
      }
    }
  ],
  [
    {
      "behavior": {
        "summary": {
          "write_files": [
            "C:\\Users\\comp\\AppData\\Roaming\\Microsoft\\Tiafuzdii\\ikkzowxr.exe"
          ],
          "mutexes": [
            "Global\\{A42BA924-B417-4B83-AD34-6F16594B05DA}"
          ],
          "write_keys": [
            "HKEY_CURRENT_USER\\Software\\Microsoft\\Windows\\CurrentVersion\\Run\\eystc"
          ]
        }
      }
    }
  ],
  [
    {
      "behavior": {
        "summary": {
          "executed_commands": [
            "\"C:\\Windows\\system32\\schtasks.exe\" /create /tn {9E554C6E-7D11-4FC0-AFA1-FF49DBC84412} /tr \"\\\"C:\\Users\\comp\\AppData\\Roaming\\Microsoft\\Tiafuzdii\\ikkzowxr.exe\\\"\" /sc HOURLY /mo 5 /F"
          ],
          "write_files": [
            "C:\\Users\\comp\\AppData\\Local\\Temp\\4d6dd8b52a16cdc3a6af.exe"
          ]
        }
      }
    }
  ],
  [
    {
      "behavior": {
        "summary": {
          "write_files": [
            "C:\\Users\\comp\\AppData\\Local\\inseng\\xmlprovi.exe"
          ],
          "delete_files": [
            "C:\\Users\\comp\\AppData\\Local\\inseng\\xmlprovi.exe:Zone.Identifier"
          ],
          "read_files": [
            "C:\\Users\\comp\\AppData\\Local\\Microsoft\\Windows\\Caches\\{AFBF9F1A-8EE8-4C77-AF34-C647E37CA0D9}.1.ver0x0000000000000005.db",
            "C:\\Windows\\SysWOW64\\WerFault.exe"
          ]
        }
      }
    }
  ],
  [
    {
      "behavior": {
        "summary": {
          "executed_commands": [
            "\"C:\\\\\\\\Windows\\\\\\\\Microsoft.NET\\\\\\\\Framework\\\\\\\\v2.0.50727\\\\\\\\MSBuild.exe\""
          ],
          "write_files": [
            "C:\\Users\\comp\\AppData\\Roaming\\Microsoft\\Windows\\Start Menu\\Programs\\Startup\\bidispl.url"
          ]
        }
      }
    }
  ],
  [
    {
      "behavior": {
        "summary": {
          "executed_commands": [
            "\"C:\\Windows\\system32\\schtasks.exe\" /create /tn {9E554C6E-7D11-4FC0-AFA1-FF49DBC84412} /tr \"\\\"C:\\Users\\comp\\AppData\\Roaming\\Microsoft\\Tiafuzdii\\ikkzowxr.exe\\\"\" /sc HOURLY /mo 5 /F"
          ],
          "write_files": [
            "C:\\Users\\comp\\AppData\\Roaming\\Microsoft\\Tiafuzdii\\ikkzowxr.exe"
          ]
        }
      }
    }
  ],
  [
    {
      "behavior": {
        "summary": {
          "executed_commands": [
            "\"C:\\Windows\\system32\\schtasks.exe\" /create /tn {9E554C6E-7D11-4FC0-AFA1-FF49DBC84412} /tr \"\\\"C:\\Users\\comp\\AppData\\Roaming\\Microsoft\\Tiafuzdii\\ikkzowxr.exe\\\"\" /sc HOURLY /mo 5 /F"
          ],
          "write_files": [
            "C:\\Users\\comp\\AppData\\Roaming\\Microsoft\\Tiafuzdii\\ikkzowxr.dat"
          ]
        }
      }
    }
  ],
  [
    {
      "behavior": {
        "summary": {
          "executed_commands": [
            "C:\\Users\\comp\\AppData\\Roaming\\Microsoft\\Tiafuzdii\\ikkzowxr.exe /C"
          ],
          "write_files": [
            "C:\\Users\\comp\\AppData\\Roaming\\Microsoft\\Tiafuzdii\\ikkzowxr.dat"
          ],
          "mutexes": [
            "IESQMMUTEX_0_208"
          ]
        }
      }
    }
  ],
  [
    {
      "behavior": {
        "summary": {
          "write_files": [
            "C:\\Users\\comp\\AppData\\Roaming\\BF783B\\BCDB0B.exe"
          ],
          "read_files": [
            "C:\\Windows\\System32\\netutils.dll"
          ],
          "mutexes": [
            "14E11E0BF783BCDB0BD10C30"
          ],
          "write_keys": [
            "HKEY_CURRENT_USER\\http://skullisland.tk/Pablo/fre.php"
          ]
        }
      }
    }
  ],
  [
    {
      "behavior": {
        "summary": {
          "write_files": [
            "C:\\Users\\comp\\AppData\\Local\\KBDFR\\rekeywiz.exe"
          ],
          "read_files": [
            "C:\\Windows\\SysWOW64\\WerFault.exe"
          ],
          "mutexes": [
            "IESQMMUTEX_0_208"
          ]
        }
      }
    }
  ],
  [
    {
      "behavior": {
        "summary": {
          "write_files": [
            "C:\\Users\\comp\\AppData\\Roaming\\intelx.exe"
          ],
          "delete_files": [
            "C:\\Users\\comp\\AppData\\Roaming\\intelx.exe:Zone.Identifier"
          ],
          "write_keys": [
            "HKEY_CURRENT_USER\\Software\\Microsoft\\Windows\\CurrentVersion\\Internet Settings\\MaxConnectionsPer1_0Server"
          ]
        }
      }
    }
  ],
  [
    {
      "behavior": {
        "summary": {
          "write_files": [
            "C:\\Users\\comp\\AppData\\Local\\KBDSMSFI\\runonce.exe"
          ],
          "delete_files": [
            "C:\\Users\\comp\\AppData\\Local\\KBDSMSFI\\runonce.exe:Zone.Identifier"
          ],
          "mutexes": [
            "IESQMMUTEX_0_208"
          ]
        }
      }
    }
  ],
  [
    {
      "behavior": {
        "summary": {
          "executed_commands": [
            "C:\\Users\\comp\\AppData\\Roaming\\Microsoft\\Tiafuzdii\\ikkzowxr.exe"
          ],
          "write_files": [
            "C:\\Users\\comp\\AppData\\Roaming\\Microsoft\\Tiafuzdii\\ikkzowxr.exe"
          ]
        }
      }
    }
  ],
  [
    {
      "behavior": {
        "summary": {
          "executed_commands": [
            "\"C:\\Users\\comp\\AppData\\Local\\api-ms-win-core-synch-l1-2-0\\usbperf.exe\""
          ],
          "write_files": [
            "C:\\Users\\comp\\AppData\\Local\\regsvr32\\RstrtMgr.exe"
          ],
          "read_files": [
            "C:\\Users\\comp\\AppData\\Local\\Microsoft\\Windows\\Caches\\{AFBF9F1A-8EE8-4C77-AF34-C647E37CA0D9}.1.ver0x0000000000000005.db",
            "C:\\Windows\\SysWOW64\\WerFault.exe"
          ]
        }
      }
    }
  ],
  [
    {
      "behavior": {
        "summary": {
          "write_files": [
            "C:\\Users\\comp\\AppData\\Roaming\\Microsoft\\Tiafuzdii\\ikkzowxr.dat"
          ],
          "mutexes": [
            "Global\\{E5356632-2BBA-4C08-9A7F-B995913B15BB}"
          ]
        }
      }
    }
  ],
  [
    {
      "behavior": {
        "summary": {
          "write_files": [
            "C:\\Users\\comp\\AppData\\Local\\Chrome\\StikyNot.exe"
          ],
          "delete_files": [
            "C:\\Users\\comp\\AppData\\Local\\Chrome\\StikyNot.exe"
          ],
          "mutexes": [
            "StikyNot_yakuza"
          ]
        }
      }
    }
  ],
  [
    {
      "behavior": {
        "summary": {
          "executed_commands": [
            "\"C:\\Users\\comp\\AppData\\Local\\wmdrmsdk\\ndishc.exe\""
          ],
          "write_files": [
            "C:\\Users\\comp\\AppData\\Local\\wmdrmsdk\\ndishc.exe"
          ],
          "delete_files": [
            "C:\\Users\\comp\\AppData\\Local\\msjter40\\SmartcardCredentialProvider.exe"
          ],
          "write_keys": [
            "HKEY_CURRENT_USER\\Software\\Microsoft\\Windows\\CurrentVersion\\Action Center\\Checks\\{E8433B72-5842-4d43-8645-BC2C35960837}.check.103\\CheckSetting"
          ]
        }
      }
    }
  ],
  [
    {
      "behavior": {
        "summary": {
          "executed_commands": [
            "C:\\Users\\comp\\AppData\\Roaming\\Microsoft\\Tiafuzdii\\ikkzowxr.exe"
          ],
          "write_files": [
            "C:\\Users\\comp\\AppData\\Roaming\\Microsoft\\Tiafuzdii\\ikkzowxr.exe"
          ]
        }
      }
    }
  ],
  [
    {
      "behavior": {
        "summary": {
          "write_files": [
            "C:\\Users\\comp\\AppData\\Roaming\\BF783B\\BCDB0B.exe"
          ],
          "delete_files": [
            "C:\\Users\\comp\\AppData\\Roaming\\BF783B\\BCDB0B.lck"
          ],
          "mutexes": [
            "14E11E0BF783BCDB0BD10C30"
          ],
          "write_keys": [
            "HKEY_CURRENT_USER\\https://storeafh.com/css/cc/Panel/fre.php\\BF783B"
          ]
        }
      }
    }
  ],
  [
    {
      "behavior": {
        "summary": {
          "write_files": [
            "C:\\Users\\comp\\AppData\\Roaming\\BF783B\\BCDB0B.exe"
          ],
          "delete_files": [
            "C:\\Users\\comp\\AppData\\Roaming\\BF783B\\BCDB0B.lck"
          ],
          "mutexes": [
            "14E11E0BF783BCDB0BD10C30"
          ]
        }
      }
    }
  ],
  [
    {
      "behavior": {
        "summary": {
          "write_files": [
            "C:\\Users\\comp\\AppData\\Local\\Chrome\\C:\\Users\\comp\\AppData\\Local\\Chrome\\StikyNot.exe"
          ],
          "mutexes": [
            "StikyNot_yakuza"
          ],
          "write_keys": [
            "HKEY_CURRENT_USER\\Software\\Microsoft\\Windows\\CurrentVersion\\Run\\Microsoft OneDrive"
          ]
        }
      }
    }
  ],
  [
    {
      "behavior": {
        "summary": {
          "executed_commands": [
            "\"C:\\Users\\comp\\AppData\\Local\\InfDefaultInstall\\C_G18030.exe\""
          ],
          "write_files": [
            "C:\\Users\\comp\\AppData\\Local\\SecEdit\\iscsicpl.exe"
          ],
          "read_files": [
            "C:\\Users\\comp\\AppData\\Local\\Microsoft\\Windows\\Caches\\{AFBF9F1A-8EE8-4C77-AF34-C647E37CA0D9}.1.ver0x0000000000000003.db",
            "C:\\Windows\\SysWOW64\\WerFault.exe"
          ]
        }
      }
    }
  ],
  [
    {
      "behavior": {
        "summary": {
          "executed_commands": [
            "\"C:\\Windows\\System32\\schtasks.exe\" /Create /TN \"Updates\\DhDuakEVJzP\" /XML \"C:\\Users\\comp\\AppData\\Local\\Temp\\tmpD7A3.tmp\""
          ],
          "write_files": [
            "C:\\Users\\comp\\AppData\\Roaming\\DhDuakEVJzP.exe"
          ]
        }
      }
    }
  ],
  [
    {
      "behavior": {
        "summary": {
          "executed_commands": [
            "\"C:\\Users\\comp\\AppData\\Local\\dhcpcmonitor\\kbdgeoer.exe\""
          ],
          "write_files": [
            "C:\\Users\\comp\\AppData\\Local\\dhcpcmonitor\\kbdgeoer.exe"
          ],
          "delete_files": [
            "C:\\Users\\comp\\AppData\\Local\\dhcpcmonitor\\kbdgeoer.exe:Zone.Identifier"
          ]
        }
      }
    }
  ],
  [
    {
      "behavior": {
        "summary": {
          "write_files": [
            "C:\\Users\\comp\\AppData\\Local\\Chrome\\C:\\Users\\comp\\AppData\\Local\\Chrome\\SyncHost.exe"
          ],
          "delete_files": [
            "C:\\Users\\comp\\AppData\\Local\\Chrome\\StikyNot.exe"
          ],
          "mutexes": [
            "StikyNot_yakuza"
          ]
        }
      }
    }
  ],
  [
    {
      "behavior": {
        "summary": {
          "write_files": [
            "C:\\Users\\comp\\AppData\\Roaming\\YYtJku\\YYtJku.exe"
          ],
          "delete_files": [
            "C:\\Users\\comp\\AppData\\Roaming\\YYtJku\\YYtJku.exe:Zone.Identifier"
          ]
        }
      }
    }
  ],
  [
    {
      "behavior": {
        "summary": {
          "write_files": [
            "C:\\ProgramData\\\\x41e\\x43f\\x440\\x430\\x44f\\x446\\x446.exe"
          ]
        }
      }
    }
  ],
  [
    {
      "behavior": {
        "summary": {
          "write_files": [
            "C:\\Users\\comp\\AppData\\Roaming\\Microsoft\\Windows\\Start Menu\\Programs\\Startup\\aca4614fc1fd7c56db4b8af87ee97981.exe"
          ]
        }
      }
    }
  ],
  [
    {
      "behavior": {
        "summary": {
          "executed_commands": [
            "C:\\Users\\comp\\AppData\\Local\\Temp\\246cba4ad53ebe38d23e.exe /C"
          ],
          "write_files": [
            "C:\\Users\\comp\\AppData\\Roaming\\Microsoft\\Tiafuzdii\\ikkzowxr.exe"
          ],
          "read_files": [
            "C:\\Windows\\SysWOW64\\en-US\\PING.EXE.mui"
          ]
        }
      }
    }
  ],
  [
    {
      "behavior": {
        "summary": {
          "write_files": [
            "C:\\Users\\comp\\AppData\\Roaming\\Microsoft\\Windows\\Start Menu\\Programs\\Startup\\x.vbs"
          ],
          "delete_files": [
            "C:\\Users\\comp\\AppData\\Local\\Chrome\\StikyNot.exe"
          ],
          "mutexes": [
            "StikyNot_yakuza"
          ]
        }
      }
    }
  ],
  [
    {
      "behavior": {
        "summary": {
          "executed_commands": [
            "\"C:\\Windows\\System32\\schtasks.exe\" /Create /TN \"Updates\\OSosKfLALDaxiH\" /XML \"C:\\Users\\comp\\AppData\\Local\\Temp\\tmp6D50.tmp\""
          ],
          "write_files": [
            "C:\\Users\\comp\\AppData\\Roaming\\OSosKfLALDaxiH.exe"
          ]
        }
      }
    }
  ],
  [
    {
      "behavior": {
        "summary": {
          "executed_commands": [
            "\"C:\\Users\\comp\\AppData\\Local\\ntvdm64\\gcdef.exe\""
          ],
          "write_files": [
            "C:\\Users\\comp\\AppData\\Local\\KBDMAC\\NlsLexicons0007.exe"
          ],
          "read_files": [
            "C:\\Users\\comp\\AppData\\Local\\Microsoft\\Windows\\Caches\\{AFBF9F1A-8EE8-4C77-AF34-C647E37CA0D9}.1.ver0x0000000000000003.db",
            "C:\\Windows\\SysWOW64\\WerFault.exe"
          ]
        }
      }
    }
  ],
  [
    {
      "behavior": {
        "summary": {
          "write_files": [
            "C:\\Users\\comp\\AppData\\Local\\KBDINORI\\NlsData0414.exe"
          ],
          "delete_files": [
            "C:\\Users\\comp\\AppData\\Local\\provsvc\\icmui.exe"
          ],
          "mutexes": [
            "IESQMMUTEX_0_208"
          ]
        }
      }
    }
  ],
  [
    {
      "behavior": {
        "summary": {
          "executed_commands": [
            "\"C:\\Windows\\System32\\schtasks.exe\" /Create /TN \"Updates\\DCTsvlaPRRQ\" /XML \"C:\\Users\\comp\\AppData\\Local\\Temp\\tmpA604.tmp\""
          ],
          "write_files": [
            "C:\\Users\\comp\\AppData\\Roaming\\DCTsvlaPRRQ.exe"
          ]
        }
      }
    }
  ],
  [
    {
      "behavior": {
        "summary": {
          "executed_commands": [
            "\"C:\\Users\\comp\\AppData\\Local\\KBDFC\\regsvr32.exe\""
          ],
          "write_files": [
            "C:\\Users\\comp\\AppData\\Local\\KBDFC\\regsvr32.exe"
          ],
          "delete_files": [
            "C:\\Users\\comp\\AppData\\Local\\KBDFC\\regsvr32.exe:Zone.Identifier"
          ]
        }
      }
    }
  ],
  [
    {
      "behavior": {
        "summary": {
          "executed_commands": [
            "C:\\Users\\comp\\AppData\\Roaming\\Microsoft\\Tiafuzdii\\ikkzowxr.exe /C"
          ],
          "write_files": [
            "C:\\Users\\comp\\AppData\\Roaming\\Microsoft\\Tiafuzdii\\ikkzowxr.exe"
          ]
        }
      }
    }
  ],
  [
    {
      "behavior": {
        "summary": {
          "executed_commands": [
            "\"C:\\Windows\\system32\\schtasks.exe\" /create /tn {9E554C6E-7D11-4FC0-AFA1-FF49DBC84412} /tr \"\\\"C:\\Users\\comp\\AppData\\Roaming\\Microsoft\\Tiafuzdii\\ikkzowxr.exe\\\"\" /sc HOURLY /mo 5 /F"
          ],
          "write_files": [
            "C:\\Users\\comp\\AppData\\Roaming\\Microsoft\\Tiafuzdii\\ikkzowxr.exe"
          ]
        }
      }
    }
  ],
  [
    {
      "behavior": {
        "summary": {
          "executed_commands": [
            "C:\\Windows\\system32\\schtasks.exe SCHTASKS  /Create /SC HOURLY /MO 1 /TN a174c1ef10e2077451f5b6dda83242a1 /TR c:\\programdata\\1321ba6d1f\\bdif.exe"
          ],
          "write_files": [
            "C:\\programdata\\1321ba6d1f\\bdif.exe:Zone.Identifier"
          ]
        }
      }
    }
  ],
  [
    {
      "behavior": {
        "summary": {
          "write_files": [
            "C:\\Users\\comp\\AppData\\Local\\pnpsetup\\rdpencom.exe"
          ],
          "files": [
            "C:\\Windows\\SysWOW64\\WerFault.exe"
          ],
          "read_files": [
            "C:\\Users\\comp\\AppData\\Local\\Microsoft\\Windows\\Caches\\{AFBF9F1A-8EE8-4C77-AF34-C647E37CA0D9}.1.ver0x0000000000000005.db",
            "C:\\Windows\\SysWOW64\\WerFault.exe"
          ],
          "write_keys": [
            "HKEY_CURRENT_USER\\Software\\Microsoft\\Windows\\CurrentVersion\\Action Center\\Checks\\{E8433B72-5842-4d43-8645-BC2C35960837}.check.103\\CheckSetting"
          ]
        }
      }
    }
  ],
  [
    {
      "behavior": {
        "summary": {
          "executed_commands": [
            "\"C:\\Windows\\System32\\cmd.exe\" /C timeout /t 60 && SCHTASKS /Create /SC MINUTE /MO 1 /TN \"Service for windows Network Helper updates\" /TR C:\\ProgramData\\NetHelper\\Cache\\jnXchllfqrujonBblnub\\nethelper.exe /F"
          ],
          "write_files": [
            "C:\\ProgramData\\NetHelper\\Cache\\jnXchllfqrujonBblnub\\nethelper.exe"
          ]
        }
      }
    }
  ],
  [
    {
      "behavior": {
        "summary": {
          "write_files": [
            "C:\\Users\\comp\\AppData\\Roaming\\images.exe"
          ],
          "delete_files": [
            "C:\\Users\\comp\\AppData\\Roaming\\images.exe:Zone.Identifier"
          ],
          "write_keys": [
            "HKEY_CURRENT_USER\\Software\\Microsoft\\Windows\\CurrentVersion\\Run\\Images"
          ]
        }
      }
    }
  ],
  [
    {
      "behavior": {
        "summary": {
          "write_files": [
            "C:\\Users\\comp\\AppData\\Roaming\\Microsoft\\Windows\\Start Menu\\Programs\\Startup\\x.vbs"
          ],
          "delete_files": [
            "C:\\Users\\comp\\AppData\\Local\\Chrome\\SyncHost.exe"
          ],
          "mutexes": [
            "StikyNot_yakuza"
          ]
        }
      }
    }
  ],
  [
    {
      "behavior": {
        "summary": {
          "executed_commands": [
            "\"C:\\Users\\comp\\AppData\\Local\\winsta\\SystemPropertiesRemote.exe\""
          ],
          "write_files": [
            "C:\\Users\\comp\\AppData\\Local\\tcpmonui\\dwmapi.exe"
          ],
          "delete_files": [
            "C:\\Users\\comp\\AppData\\Local\\winsta\\SystemPropertiesRemote.exe:Zone.Identifier"
          ]
        }
      }
    }
  ],
  [
    {
      "behavior": {
        "summary": {
          "write_files": [
            "C:\\Users\\comp\\AppData\\Local\\Chrome\\StikyNot.exe"
          ],
          "delete_files": [
            "C:\\Users\\comp\\AppData\\Local\\Chrome\\StikyNot.exe"
          ],
          "mutexes": [
            "StikyNot_yakuza"
          ]
        }
      }
    }
  ],
  [
    {
      "behavior": {
        "summary": {
          "executed_commands": [
            "schtasks.exe /Create /TN \"Updates\\JOmRZHpjh\" /XML \"C:\\Users\\comp\\AppData\\Local\\Temp\\tmpC1C9.tmp\""
          ],
          "write_files": [
            "C:\\Users\\comp\\AppData\\Roaming\\JOmRZHpjh.exe"
          ]
        }
      }
    }
  ],
  [
    {
      "behavior": {
        "summary": {
          "executed_commands": [
            "msiexec.exe"
          ],
          "write_files": [
            "C:\\Users\\comp\\AppData\\Roaming\\Boeli\\zyqek.dll"
          ],
          "mutexes": [
            "IESQMMUTEX_0_208"
          ]
        }
      }
    }
  ],
  [
    {
      "behavior": {
        "summary": {
          "executed_commands": [
            "C:\\Users\\comp\\AppData\\Roaming\\Microsoft\\Tiafuzdii\\ikkzowxr.exe"
          ],
          "write_files": [
            "C:\\Users\\comp\\AppData\\Roaming\\Microsoft\\Tiafuzdii\\ikkzowxr.exe"
          ]
        }
      }
    }
  ],
  [
    {
      "behavior": {
        "summary": {
          "executed_commands": [
            "\"C:\\Users\\comp\\AppData\\Local\\neth\\sti.exe\""
          ],
          "write_files": [
            "C:\\Users\\comp\\AppData\\Local\\neth\\sti.exe"
          ],
          "delete_files": [
            "C:\\Users\\comp\\AppData\\Local\\NlsLexicons004e\\KBDSYR2.exe:Zone.Identifier"
          ]
        }
      }
    }
  ],
  [
    {
      "behavior": {
        "summary": {
          "executed_commands": [
            "\"C:\\Users\\comp\\AppData\\Local\\fltLib\\FirewallAPI.exe\""
          ],
          "write_files": [
            "C:\\Users\\comp\\AppData\\Local\\ktmutil\\scrptadm.exe"
          ],
          "delete_files": [
            "C:\\Users\\comp\\AppData\\Local\\ktmutil\\scrptadm.exe:Zone.Identifier"
          ],
          "read_files": [
            "C:\\Windows\\SysWOW64\\WerFault.exe"
          ]
        }
      }
    }
  ],
  [
    {
      "behavior": {
        "summary": {
          "executed_commands": [
            "\"C:\\Windows\\System32\\schtasks.exe\" /Create /TN \"Updates\\TCATfFx\" /XML \"C:\\Users\\comp\\AppData\\Local\\Temp\\tmp948F.tmp\""
          ],
          "write_files": [
            "C:\\Users\\comp\\AppData\\Roaming\\TCATfFx.exe"
          ]
        }
      }
    }
  ],
  [
    {
      "behavior": {
        "summary": {
          "write_files": [
            "C:\\Users\\comp\\AppData\\Roaming\\BF783B\\BCDB0B.exe"
          ],
          "delete_files": [
            "C:\\Users\\comp\\AppData\\Roaming\\BF783B\\BCDB0B.lck"
          ],
          "mutexes": [
            "14E11E0BF783BCDB0BD10C30"
          ]
        }
      }
    }
  ],
  [
    {
      "behavior": {
        "summary": {
          "write_files": [
            "C:\\Users\\comp\\AppData\\Local\\NlsLexicons0011\\SystemPropertiesRemote.exe"
          ],
          "delete_files": [
            "C:\\Users\\comp\\AppData\\Local\\api-ms-win-core-memory-l1-1-0\\adtschema.exe:Zone.Identifier"
          ],
          "started_services": [
            "EFS"
          ],
          "write_keys": [
            "HKEY_CURRENT_USER\\Software\\Microsoft\\Windows\\CurrentVersion\\Action Center\\Checks\\{852FB1F8-5CC6-4567-9C0E-7C330F8807C2}.check.100\\CheckSetting"
          ]
        }
      }
    }
  ],
  [
    {
      "behavior": {
        "summary": {
          "executed_commands": [
            "C:\\Users\\comp\\AppData\\Roaming\\remcos\\remcos.exe"
          ],
          "write_files": [
            "C:\\Users\\comp\\AppData\\Roaming\\CapabilityAccessHandlers\\sfc.exe"
          ]
        }
      }
    }
  ],
  [
    {
      "behavior": {
        "summary": {
          "executed_commands": [
            "C:\\Users\\comp\\AppData\\Roaming\\Microsoft\\Tiafuzdii\\ikkzowxr.exe"
          ],
          "write_files": [
            "C:\\Users\\comp\\AppData\\Roaming\\Microsoft\\Tiafuzdii\\ikkzowxr.dat",
            "C:\\Users\\comp\\AppData\\Local\\Temp\\e53a46c787b12faee954.exe"
          ]
        }
      }
    }
  ],
  [
    {
      "behavior": {
        "summary": {
          "write_files": [
            "C:\\Users\\comp\\AppData\\Roaming\\images.exe"
          ],
          "delete_files": [
            "C:\\Users\\comp\\AppData\\Roaming\\images.exe:Zone.Identifier"
          ]
        }
      }
    }
  ],
  [
    {
      "behavior": {
        "summary": {
          "executed_commands": [
            "\"C:\\Users\\comp\\AppData\\Local\\loghours\\sdohlp.exe\""
          ],
          "write_files": [
            "C:\\Users\\comp\\AppData\\Local\\loghours\\sdohlp.exe"
          ],
          "delete_files": [
            "C:\\Users\\comp\\AppData\\Local\\loghours\\sdohlp.exe:Zone.Identifier"
          ]
        }
      }
    }
  ],
  [
    {
      "behavior": {
        "summary": {
          "executed_commands": [
            "\"C:\\Windows\\System32\\schtasks.exe\" /Create /TN \"Updates\\QphdVKOLwmtW\" /XML \"C:\\Users\\comp\\AppData\\Local\\Temp\\tmpB527.tmp\""
          ],
          "write_files": [
            "C:\\Users\\comp\\AppData\\Roaming\\QphdVKOLwmtW.exe"
          ]
        }
      }
    }
  ],
  [
    {
      "behavior": {
        "summary": {
          "write_files": [
            "C:\\Users\\comp\\AppData\\Roaming\\b565c8e1e81796db1340.exe"
          ],
          "mutexes": [
            "Global\\syncronize_1BT1SRA"
          ]
        }
      }
    }
  ],
  [
    {
      "behavior": {
        "summary": {
          "write_files": [
            "C:\\Users\\comp\\AppData\\Local\\70e9afab-f443-4156-bc81-783fa962ad4b\\5fba5879d38cea0fd0f9.exe"
          ],
          "mutexes": [
            "IESQMMUTEX_0_208"
          ]
        }
      }
    }
  ],
  [
    {
      "behavior": {
        "summary": {
          "write_files": [
            "C:\\Users\\comp\\AppData\\Roaming\\60B249AD-226D-4B72-91E9-758951B2FB48\\DSL Service\\dslsvc.exe"
          ],
          "delete_files": [
            "C:\\Users\\comp\\AppData\\Roaming\\60B249AD-226D-4B72-91E9-758951B2FB48\\DSL Service\\dslsvc.exe"
          ],
          "write_keys": [
            "HKEY_CURRENT_USER\\Software\\Microsoft\\Windows\\CurrentVersion\\Run\\DSL Service"
          ]
        }
      }
    }
  ],
  [
    {
      "behavior": {
        "summary": {
          "executed_commands": [
            "C:\\Users\\comp\\AppData\\Roaming\\Client.exe "
          ],
          "write_files": [
            "C:\\Users\\comp\\AppData\\Roaming\\Client.exe"
          ]
        }
      }
    }
  ],
  [
    {
      "behavior": {
        "summary": {
          "executed_commands": [
            "\"C:\\Windows\\system32\\schtasks.exe\" /create /tn {9E554C6E-7D11-4FC0-AFA1-FF49DBC84412} /tr \"\\\"C:\\Users\\comp\\AppData\\Roaming\\Microsoft\\Tiafuzdii\\ikkzowxr.exe\\\"\" /sc HOURLY /mo 5 /F"
          ],
          "write_files": [
            "C:\\Users\\comp\\AppData\\Roaming\\Microsoft\\Tiafuzdii\\ikkzowxr.exe"
          ]
        }
      }
    }
  ],
  [
    {
      "behavior": {
        "summary": {
          "write_files": [
            "C:\\Users\\comp\\AppData\\Local\\tzres\\KBDINBE1.exe"
          ],
          "delete_files": [
            "C:\\Users\\comp\\AppData\\Local\\tzres\\KBDINBE1.exe:Zone.Identifier"
          ],
          "read_files": [
            "C:\\Users\\comp\\AppData\\Local\\Microsoft\\Windows\\Caches\\{AFBF9F1A-8EE8-4C77-AF34-C647E37CA0D9}.1.ver0x0000000000000003.db",
            "C:\\Windows\\SysWOW64\\WerFault.exe"
          ]
        }
      }
    }
  ],
  [
    {
      "behavior": {
        "summary": {
          "write_files": [
            "C:\\Users\\comp\\AppData\\Roaming\\ProPlayer\\Player.exe.exe"
          ]
        }
      }
    }
  ],
  [
    {
      "behavior": {
        "summary": {
          "executed_commands": [
            "\"C:\\Users\\comp\\AppData\\Local\\comcat\\ntoskrnl.exe\""
          ],
          "write_files": [
            "C:\\Users\\comp\\AppData\\Local\\mmcndmgr\\sethc.exe"
          ],
          "delete_files": [
            "C:\\Users\\comp\\AppData\\Local\\comcat\\ntoskrnl.exe:Zone.Identifier"
          ]
        }
      }
    }
  ],
  [
    {
      "behavior": {
        "summary": {
          "executed_commands": [
            "C:\\Users\\comp\\AppData\\Local\\Chrome\\StikyNot.exe"
          ],
          "write_files": [
            "C:\\Users\\comp\\AppData\\Local\\Chrome\\C:\\Users\\comp\\AppData\\Local\\Chrome\\StikyNot.exe"
          ],
          "delete_files": [
            "C:\\Users\\comp\\AppData\\Local\\Chrome\\StikyNot.exe"
          ]
        }
      }
    }
  ],
  [
    {
      "behavior": {
        "summary": {
          "write_files": [
            "C:\\Users\\comp\\AppData\\Roaming\\Begeo\\ifoxhyk.dll"
          ],
          "mutexes": [
            "{BBE5476A-7D35-7263-87F1-120E195938AC}"
          ]
        }
      }
    }
  ],
  [
    {
      "behavior": {
        "summary": {
          "executed_commands": [
            "netsh firewall add allowedprogram \"C:\\Users\\comp\\AppData\\Local\\Temp\\google Chrome.exe\" \"google Chrome.exe\" ENABLE"
          ],
          "write_files": [
            "C:\\Users\\comp\\AppData\\Roaming\\Microsoft\\Windows\\Start Menu\\Programs\\Startup\\57c574cac01912135fb3df2e2ce85188.exe"
          ]
        }
      }
    }
  ],
  [
    {
      "behavior": {
        "summary": {
          "write_files": [
            "C:\\Users\\comp\\AppData\\Roaming\\Microsoft\\Tiafuzdii\\ikkzowxr.exe"
          ],
          "mutexes": [
            "IESQMMUTEX_0_208"
          ],
          "write_keys": [
            "HKEY_CURRENT_USER\\Software\\Microsoft\\Windows\\CurrentVersion\\Run\\dhvev"
          ]
        }
      }
    }
  ],
  [
    {
      "behavior": {
        "summary": {
          "executed_commands": [
            "C:\\Users\\comp\\AppData\\Roaming\\Microsoft\\Tiafuzdii\\ikkzowxr.exe"
          ],
          "write_files": [
            "C:\\Users\\comp\\AppData\\Roaming\\Microsoft\\Tiafuzdii\\ikkzowxr.exe"
          ]
        }
      }
    }
  ],
  [
    {
      "behavior": {
        "summary": {
          "executed_commands": [
            "\"C:\\Users\\comp\\AppData\\Local\\efscore\\pnpsetup.exe\""
          ],
          "write_files": [
            "C:\\Users\\comp\\AppData\\Local\\efscore\\pnpsetup.exe"
          ],
          "delete_files": [
            "C:\\Users\\comp\\AppData\\Local\\efscore\\pnpsetup.exe:Zone.Identifier"
          ]
        }
      }
    }
  ],
  [
    {
      "behavior": {
        "summary": {
          "write_files": [
            "C:\\Users\\comp\\AppData\\Roaming\\Microsoft\\Windows\\Start Menu\\Programs\\Startup\\4e949fee5aa2228d2cb60b9ace125c0d.exe"
          ],
          "write_keys": [
            "HKEY_CURRENT_USER\\Software\\4e949fee5aa2228d2cb60b9ace125c0d\\[kl]"
          ]
        }
      }
    }
  ],
  [
    {
      "behavior": {
        "summary": {
          "write_files": [
            "C:\\Users\\comp\\AppData\\Roaming\\Microsoft\\Windows\\Start Menu\\Programs\\Startup\\CastSrv.url",
            "C:\\Program Files\\VideoLAN\\VLC\\plugins\\services_discovery\\libupnp_plugin.dll"
          ]
        }
      }
    }
  ],
  [
    {
      "behavior": {
        "summary": {
          "write_files": [
            "C:\\Users\\comp\\AppData\\Roaming\\Microsoft\\Windows\\Start Menu\\Programs\\Startup\\programs.bat:start"
          ],
          "delete_files": [
            "C:\\Users\\comp\\AppData\\Roaming\\images.exe:Zone.Identifier"
          ]
        }
      }
    }
  ],
  [
    {
      "behavior": {
        "summary": {
          "write_files": [
            "C:\\Users\\comp\\AppData\\Local\\fltLib\\mycomput.exe"
          ],
          "delete_files": [
            "C:\\Users\\comp\\AppData\\Local\\acledit\\accessibilitycpl.exe:Zone.Identifier"
          ],
          "mutexes": [
            "IESQMMUTEX_0_208"
          ]
        }
      }
    }
  ],
  [
    {
      "behavior": {
        "summary": {
          "write_files": [
            "C:\\Users\\comp\\AppData\\Local\\p2pnetsh\\XpsFilt.exe"
          ],
          "delete_files": [
            "C:\\Users\\comp\\AppData\\Local\\p2pnetsh\\XpsFilt.exe:Zone.Identifier"
          ],
          "read_files": [
            "C:\\Users\\comp\\AppData\\Local\\Microsoft\\Windows\\Caches\\{AFBF9F1A-8EE8-4C77-AF34-C647E37CA0D9}.1.ver0x0000000000000003.db",
            "C:\\Windows\\SysWOW64\\WerFault.exe"
          ]
        }
      }
    }
  ],
  [
    {
      "behavior": {
        "summary": {
          "executed_commands": [
            "C:\\Users\\comp\\AppData\\Local\\Chrome\\StikyNot.exe"
          ],
          "write_files": [
            "C:\\Users\\comp\\AppData\\Local\\Chrome\\StikyNot.exe"
          ],
          "mutexes": [
            "StikyNot_yakuza"
          ]
        }
      }
    }
  ],
  [
    {
      "behavior": {
        "summary": {
          "executed_commands": [
            "\"C:\\Users\\comp\\AppData\\Local\\Temp\\ed0854c940f926f1e0ff.exe\""
          ],
          "write_files": [
            "C:\\Users\\comp\\AppData\\Roaming\\BF783B\\BCDB0B.lck"
          ],
          "delete_files": [
            "C:\\Users\\comp\\AppData\\Roaming\\BF783B\\BCDB0B.lck"
          ],
          "mutexes": [
            "14E11E0BF783BCDB0BD10C30"
          ]
        }
      }
    }
  ],
  [
    {
      "behavior": {
        "summary": {
          "executed_commands": [
            "\"C:\\Users\\comp\\AppData\\Local\\DisplaySwitch\\dxdiagn.exe\""
          ],
          "write_files": [
            "C:\\Users\\comp\\AppData\\Local\\DisplaySwitch\\dxdiagn.exe"
          ],
          "delete_files": [
            "C:\\Users\\comp\\AppData\\Local\\DisplaySwitch\\dxdiagn.exe:Zone.Identifier"
          ],
          "read_files": [
            "C:\\Windows\\SysWOW64\\WerFault.exe"
          ]
        }
      }
    }
  ],
  [
    {
      "behavior": {
        "summary": {
          "executed_commands": [
            "C:\\Users\\comp\\AppData\\Roaming\\Microsoft\\Tiafuzdii\\ikkzowxr.exe"
          ],
          "write_files": [
            "C:\\Users\\comp\\AppData\\Roaming\\Microsoft\\Tiafuzdii\\ikkzowxr.dat"
          ],
          "mutexes": [
            "Global\\{E6C47FBA-9E19-4A7E-8C8C-D0F29534EA2B}"
          ]
        }
      }
    }
  ],
  [
    {
      "behavior": {
        "summary": {
          "executed_commands": [
            "\"C:\\Windows\\SysWOW64\\diskperf.exe\""
          ],
          "write_files": [
            "C:\\Users\\comp\\AppData\\Local\\Chrome\\C:\\Users\\comp\\AppData\\Local\\Chrome\\SyncHost.exe"
          ],
          "mutexes": [
            "StikyNot_yakuza"
          ],
          "write_keys": [
            "HKEY_CURRENT_USER\\Software\\Microsoft\\Windows\\CurrentVersion\\Run\\Microsoft OneDrive"
          ]
        }
      }
    }
  ],
  [
    {
      "behavior": {
        "summary": {
          "write_files": [
            "C:\\Users\\comp\\AppData\\Roaming\\Microsoft\\Windows\\Start Menu\\Programs\\Startup\\x.vbs"
          ],
          "delete_files": [
            "C:\\Users\\comp\\AppData\\Local\\Chrome\\StikyNot.exe"
          ]
        }
      }
    }
  ],
  [
    {
      "behavior": {
        "summary": {
          "executed_commands": [
            "\"C:\\Windows\\System32\\schtasks.exe\" /Create /TN \"Updates\\sFYajHxfXj\" /XML \"C:\\Users\\comp\\AppData\\Local\\Temp\\tmpB555.tmp\""
          ],
          "write_files": [
            "C:\\Users\\comp\\AppData\\Roaming\\sFYajHxfXj.exe"
          ]
        }
      }
    }
  ],
  [
    {
      "behavior": {
        "summary": {
          "write_files": [
            "C:\\Users\\comp\\AppData\\Local\\ocsetup\\crypt32.exe"
          ],
          "delete_files": [
            "C:\\Users\\comp\\AppData\\Local\\ocsetup\\crypt32.exe:Zone.Identifier"
          ],
          "read_files": [
            "C:\\Windows\\SysWOW64\\WerFault.exe"
          ]
        }
      }
    }
  ],
  [
    {
      "behavior": {
        "summary": {
          "executed_commands": [
            "\"C:\\Windows\\SysWOW64\\diskperf.exe\""
          ],
          "write_files": [
            "W:\\42e612b7a1aa5f89a704.exe",
            "C:\\Users\\comp\\AppData\\Local\\Chrome\\C:\\Users\\comp\\AppData\\Local\\Chrome\\StikyNot.exe"
          ],
          "write_keys": [
            "HKEY_CURRENT_USER\\Software\\Microsoft\\Windows\\CurrentVersion\\Run\\Microsoft OneDrive"
          ]
        }
      }
    }
  ],
  [
    {
      "behavior": {
        "summary": {
          "write_files": [
            "C:\\Users\\comp\\AppData\\Local\\timeout\\winver.exe"
          ],
          "delete_files": [
            "C:\\Users\\comp\\AppData\\Local\\timeout\\winver.exe:Zone.Identifier"
          ],
          "mutexes": [
            "IESQMMUTEX_0_208"
          ]
        }
      }
    }
  ],
  [
    {
      "behavior": {
        "summary": {
          "executed_commands": [
            "C:\\Users\\comp\\AppData\\Roaming\\Microsoft\\Tiafuzdii\\ikkzowxr.exe /C"
          ],
          "write_files": [
            "C:\\Users\\comp\\AppData\\Roaming\\Microsoft\\Tiafuzdii\\ikkzowxr.exe"
          ]
        }
      }
    }
  ],
  [
    {
      "behavior": {
        "summary": {
          "write_files": [
            "C:\\Users\\comp\\AppData\\Local\\netplwiz\\clb.exe"
          ],
          "read_files": [
            "C:\\Users\\comp\\AppData\\Local\\Microsoft\\Windows\\Caches\\{AFBF9F1A-8EE8-4C77-AF34-C647E37CA0D9}.1.ver0x0000000000000003.db",
            "C:\\Windows\\SysWOW64\\WerFault.exe"
          ],
          "write_keys": [
            "HKEY_CURRENT_USER\\Software\\Microsoft\\Windows\\CurrentVersion\\Action Center\\Checks\\{852FB1F8-5CC6-4567-9C0E-7C330F8807C2}.check.100\\CheckSetting"
          ]
        }
      }
    }
  ],
  [
    {
      "behavior": {
        "summary": {
          "write_files": [
            "C:\\Users\\comp\\AppData\\Local\\Chrome\\C:\\Users\\comp\\AppData\\Local\\Chrome\\SyncHost.exe"
          ],
          "read_files": [
            "C:\\Windows\\system\\explorer.exe"
          ],
          "mutexes": [
            "StikyNot_yakuza"
          ],
          "write_keys": [
            "HKEY_CURRENT_USER\\Software\\Microsoft\\Windows\\CurrentVersion\\Run\\Microsoft OneDrive"
          ]
        }
      }
    }
  ]
]
