[
  [
    {
      "behavior": {
        "summary": {
          "executed_commands": [
            "\"C:\\Users\\comp\\AppData\\Local\\shfolder\\appidapi.exe\""
          ],
          "write_files": [
            "C:\\Users\\comp\\AppData\\Local\\KBDIC\\user.exe"
          ],
          "mutexes": [
            "IESQMMUTEX_0_208"
          ],
          "write_keys": [
            "HKEY_CURRENT_USER\\Software\\Microsoft\\Windows\\CurrentVersion\\Internet Settings\\Wpad\\WpadLastNetwork"
          ]
        }
      }
    }
  ],
  [
    {
      "behavior": {
        "summary": {
          "executed_commands": [
            "\"C:\\Users\\comp\\AppData\\Local\\Temp\\server.exe\""
          ],
          "write_files": [
            "C:\\Users\\comp\\AppData\\Local\\Temp\\server.exe"
          ],
          "delete_files": [
            "C:\\Users\\comp\\AppData\\Roaming\\Microsoft\\CLR Security Config\\v2.0.50727.312\\security.config.cch.2656.30025312"
          ],
          "write_keys": [
            "HKEY_CURRENT_USER\\Software\\Microsoft\\Windows\\CurrentVersion\\Run\\e82659d4d80247971005752945638b8c"
          ],
          "read_keys": [
            "HKEY_CURRENT_USER\\Software\\Microsoft\\Windows\\CurrentVersion\\Explorer\\MountPoints2\\CPC\\Volume\\{5f0c3476-f160-11ea-9f0e-806e6f6e6963}\\Generation"
          ]
        }
      }
    }
  ],
  [
    {
      "behavior": {
        "summary": {
          "write_files": [
            "C:\\Users\\comp\\AppData\\Roaming\\Microsoft\\Tiafuzdii\\ikkzowxr.exe"
          ],
          "mutexes": [
            "Global\\{E6C47FBA-9E19-4A7E-8C8C-D0F29534EA2B}"
          ],
          "write_keys": [
            "HKEY_CURRENT_USER\\Software\\Microsoft\\Windows\\CurrentVersion\\Internet Settings\\Wpad\\{ADBB83E0-BA05-4247-B12D-9D6DC0F8831F}\\WpadNetworkName"
          ]
        }
      }
    }
  ],
  [
    {
      "behavior": {
        "summary": {
          "executed_commands": [
            "C:\\Users\\comp\\AppData\\Roaming\\Microsoft\\Tiafuzdii\\ikkzowxr.exe"
          ],
          "write_files": [
            "C:\\Users\\comp\\AppData\\Roaming\\Microsoft\\Tiafuzdii\\ikkzowxr.exe"
          ],
          "write_keys": [
            "HKEY_CURRENT_USER\\Software\\Microsoft\\Windows\\CurrentVersion\\Internet Settings\\Connections\\DefaultConnectionSettings"
          ],
          "read_keys": [
            "HKEY_CURRENT_USER\\Software\\Microsoft\\Windows\\CurrentVersion\\Explorer\\MountPoints2\\CPC\\Volume\\{5f0c3475-f160-11ea-9f0e-806e6f6e6963}\\Data",
            "HKEY_LOCAL_MACHINE\\SYSTEM\\ControlSet001\\services\\Tcpip\\Parameters\\Interfaces\\{3DF8548A-CA81-417C-AD72-445187C06A79}\\MaxNumberOfAddressesToRegister"
          ]
        }
      }
    }
  ],
  [
    {
      "behavior": {
        "summary": {
          "executed_commands": [
            "\"C:\\Users\\comp\\AppData\\Local\\prevhost\\icardie.exe\""
          ],
          "write_files": [
            "\\??\\PIPE\\efsrpc",
            "C:\\Users\\comp\\AppData\\Local\\msvfw32\\KBDINDEV.exe"
          ],
          "read_files": [
            "C:\\Windows\\SysWOW64\\WerFault.exe"
          ],
          "write_keys": [
            "HKEY_CURRENT_USER\\Software\\Microsoft\\Windows\\CurrentVersion\\Action Center\\Checks\\{E8433B72-5842-4d43-8645-BC2C35960837}.check.102\\CheckSetting"
          ]
        }
      }
    }
  ],
  [
    {
      "behavior": {
        "summary": {
          "executed_commands": [
            "\"C:\\Users\\comp\\AppData\\Roaming\\Windows Objects\\wmihostwin.exe\" unk2"
          ],
          "write_files": [
            "C:\\Users\\comp\\AppData\\Roaming\\Windows Objects\\wmisecure64.exe"
          ],
          "delete_files": [
            "C:\\Users\\comp\\AppData\\Roaming\\Microsoft\\CLR Security Config\\v2.0.50727.312\\security.config.cch.2056.33670312"
          ],
          "mutexes": [
            "IESQMMUTEX_0_208"
          ]
        }
      }
    }
  ],
  [
    {
      "behavior": {
        "summary": {
          "executed_commands": [
            "\"C:\\Users\\comp\\AppData\\Local\\WSHTCPIP\\raschap.exe\""
          ],
          "write_files": [
            "\\??\\PIPE\\efsrpc",
            "C:\\Users\\comp\\AppData\\Local\\WSHTCPIP\\raschap.exe"
          ],
          "read_files": [
            "C:\\Windows\\SysWOW64\\WerFault.exe"
          ],
          "write_keys": [
            "HKEY_CURRENT_USER\\Software\\Microsoft\\Windows\\CurrentVersion\\Action Center\\Checks\\{852FB1F8-5CC6-4567-9C0E-7C330F8807C2}.check.101\\CheckSetting"
          ],
          "read_keys": [
            "HKEY_CURRENT_USER\\Software\\Microsoft\\Windows\\CurrentVersion\\Explorer\\MountPoints2\\CPC\\Volume\\{5f0c3476-f160-11ea-9f0e-806e6f6e6963}\\Generation",
            "HKEY_LOCAL_MACHINE\\SOFTWARE\\Microsoft\\Windows\\CurrentVersion\\Internet Settings\\Zones\\4\\1004"
          ]
        }
      }
    }
  ],
  [
    {
      "behavior": {
        "summary": {
          "executed_commands": [
            "C:\\Users\\comp\\AppData\\Local\\Temp\\JNEwqQ.exe"
          ],
          "write_files": [
            "C:\\Users\\comp\\AppData\\Local\\Temp\\0e0b1caf.exe"
          ],
          "mutexes": [
            "IESQMMUTEX_0_208"
          ],
          "write_keys": [
            "HKEY_CURRENT_USER\\Software\\Microsoft\\Windows\\CurrentVersion\\Internet Settings\\Wpad\\{7A88E0A6-3E28-4435-B7F6-CF6C06D28E17}\\WpadDecisionTime"
          ]
        }
      }
    }
  ],
  [
    {
      "behavior": {
        "summary": {
          "executed_commands": [
            "C:\\Users\\comp\\AppData\\Local\\Temp\\System32-64.exe "
          ],
          "write_files": [
            "C:\\Users\\comp\\AppData\\Local\\Temp\\System32-64.exe"
          ],
          "delete_files": [
            "C:\\Users\\comp\\AppData\\Roaming\\Microsoft\\CLR Security Config\\v2.0.50727.312\\security.config.cch.2900.24026109"
          ]
        }
      }
    }
  ],
  [
    {
      "behavior": {
        "summary": {
          "write_files": [
            "C:\\Users\\comp\\AppData\\Local\\api-ms-win-core-profile-l1-1-0\\mciseq.exe"
          ],
          "delete_files": [
            "C:\\Users\\comp\\AppData\\Local\\sxstrace\\msihnd.exe:Zone.Identifier"
          ],
          "mutexes": [
            "Local\\WinSpl64To32Mutex_ecc9_0_2000"
          ],
          "read_keys": [
            "HKEY_CURRENT_USER\\Software\\Microsoft\\Windows\\CurrentVersion\\Explorer\\MountPoints2\\CPC\\Volume\\{5f0c3479-f160-11ea-9f0e-806e6f6e6963}\\Data"
          ]
        }
      }
    }
  ],
  [
    {
      "behavior": {
        "summary": {
          "executed_commands": [
            "C:\\Users\\comp\\AppData\\Roaming\\Microsoft\\Tiafuzdii\\ikkzowxr.exe"
          ],
          "write_files": [
            "C:\\Users\\comp\\AppData\\Roaming\\Microsoft\\Tiafuzdii\\ikkzowxr.dat"
          ],
          "mutexes": [
            "Global\\{E5356632-2BBA-4C08-9A7F-B995913B15BB}"
          ]
        }
      }
    }
  ],
  [
    {
      "behavior": {
        "summary": {
          "executed_commands": [
            "C:\\ProgramData\\systemd.exe "
          ],
          "write_files": [
            "C:\\ProgramData\\systemd.exe"
          ],
          "delete_files": [
            "C:\\Users\\comp\\AppData\\Roaming\\Microsoft\\CLR Security Config\\v2.0.50727.312\\security.config.cch.2816.12021343"
          ],
          "resolved_apis": [
            "advapi32.dll.RegSetValueExW"
          ],
          "read_keys": [
            "HKEY_LOCAL_MACHINE\\SOFTWARE\\MICROSOFT\\Fusion\\NativeImagesIndex\\v2.0.50727_32\\IL\\7950e2c5\\69be3dec\\a1\\SIG",
            "HKEY_CURRENT_USER\\Software\\Microsoft\\Windows\\CurrentVersion\\Explorer\\MountPoints2\\CPC\\Volume\\{5f0c3475-f160-11ea-9f0e-806e6f6e6963}\\Generation"
          ]
        }
      }
    }
  ],
  [
    {
      "behavior": {
        "summary": {
          "executed_commands": [
            "C:\\Users\\comp\\AppData\\Roaming\\Microsoft\\Tiafuzdii\\ikkzowxr.exe"
          ],
          "write_files": [
            "C:\\Users\\comp\\AppData\\Roaming\\Microsoft\\Tiafuzdii\\ikkzowxr.exe"
          ],
          "mutexes": [
            "IESQMMUTEX_0_208"
          ]
        }
      }
    }
  ],
  [
    {
      "behavior": {
        "summary": {
          "executed_commands": [
            "C:\\Users\\comp\\AppData\\Local\\Temp\\0d5cff13fe3a2ea1b98c.exe"
          ],
          "write_files": [
            "C:\\Users\\comp\\AppData\\Local\\Chrome\\C:\\Users\\comp\\AppData\\Local\\Chrome\\SyncHost.exe"
          ],
          "write_keys": [
            "HKEY_CURRENT_USER\\Software\\Microsoft\\Windows\\CurrentVersion\\Run\\Microsoft OneDrive"
          ]
        }
      }
    }
  ],
  [
    {
      "behavior": {
        "summary": {
          "executed_commands": [
            "\"C:\\Users\\comp\\AppData\\Local\\kbdgeoqw\\upnphost.exe\""
          ],
          "write_files": [
            "C:\\Users\\comp\\AppData\\Local\\WMADMOE\\puiapi.exe"
          ],
          "mutexes": [
            "IESQMMUTEX_0_208"
          ]
        }
      }
    }
  ],
  [
    {
      "behavior": {
        "summary": {
          "executed_commands": [
            "\"C:\\Users\\comp\\AppData\\Local\\shgina\\kbd101b.exe\""
          ],
          "write_files": [
            "C:\\Users\\comp\\AppData\\Local\\cmifw\\apircl.exe"
          ],
          "mutexes": [
            "IESQMMUTEX_0_208"
          ],
          "write_keys": [
            "HKEY_CURRENT_USER\\Software\\Microsoft\\Windows\\CurrentVersion\\Internet Settings\\Wpad\\{5BE5D642-96BC-4358-B880-1B42B62B3C07}\\WpadNetworkName"
          ]
        }
      }
    }
  ],
  [
    {
      "behavior": {
        "summary": {
          "executed_commands": [
            "\"C:\\Users\\comp\\AppData\\Local\\NlsData0009\\sxstrace.exe\""
          ],
          "write_files": [
            "C:\\Users\\comp\\AppData\\Local\\cmpbk32\\ntdsapi.exe"
          ],
          "mutexes": [
            "IESQMMUTEX_0_208"
          ],
          "write_keys": [
            "HKEY_CURRENT_USER\\Software\\Microsoft\\Windows\\CurrentVersion\\Internet Settings\\Connections\\DefaultConnectionSettings"
          ],
          "read_keys": [
            "HKEY_CURRENT_USER\\Software\\Microsoft\\Windows\\CurrentVersion\\Explorer\\MountPoints2\\CPC\\Volume\\{5f0c3475-f160-11ea-9f0e-806e6f6e6963}\\Generation"
          ]
        }
      }
    }
  ],
  [
    {
      "behavior": {
        "summary": {
          "executed_commands": [
            "C:\\Users\\comp\\AppData\\Roaming\\Microsoft\\Tiafuzdii\\ikkzowxr.exe"
          ],
          "write_files": [
            "C:\\Users\\comp\\AppData\\Roaming\\Microsoft\\Tiafuzdii\\ikkzowxr.exe"
          ],
          "mutexes": [
            "Global\\{E5356632-2BBA-4C08-9A7F-B995913B15BB}"
          ]
        }
      }
    }
  ],
  [
    {
      "behavior": {
        "summary": {
          "executed_commands": [
            "C:\\Users\\comp\\AppData\\Local\\Chrome\\StikyNot.exe"
          ],
          "write_files": [
            "C:\\Users\\comp\\AppData\\Local\\Chrome\\StikyNot.exe"
          ],
          "mutexes": [
            "StikyNot_yakuza"
          ],
          "write_keys": [
            "HKEY_CURRENT_USER\\Software\\Microsoft\\Windows\\CurrentVersion\\Run\\Microsoft OneDrive"
          ]
        }
      }
    }
  ],
  [
    {
      "behavior": {
        "summary": {
          "executed_commands": [
            "\"C:\\Users\\comp\\AppData\\Local\\xwtpdui\\loadperf.exe\""
          ],
          "write_files": [
            "C:\\Users\\comp\\AppData\\Local\\xwtpdui\\loadperf.exe"
          ],
          "resolved_apis": [
            "comctl32.dll.#338"
          ],
          "started_services": [
            "EFS"
          ],
          "read_keys": [
            "HKEY_CURRENT_USER\\Software\\Microsoft\\Windows\\CurrentVersion\\Explorer\\MountPoints2\\CPC\\Volume\\{5f0c3475-f160-11ea-9f0e-806e6f6e6963}\\Generation",
            "HKEY_LOCAL_MACHINE\\SOFTWARE\\Microsoft\\Windows\\CurrentVersion\\Policies\\Explorer\\NoSimpleStartMenu"
          ]
        }
      }
    }
  ],
  [
    {
      "behavior": {
        "summary": {
          "executed_commands": [
            "C:\\Users\\comp\\AppData\\Roaming\\Install\\Host.exe "
          ],
          "write_files": [
            "C:\\Users\\comp\\AppData\\Roaming\\Install\\Host.exe"
          ],
          "write_keys": [
            "HKEY_CURRENT_USER\\Software\\NetWire\\HostId"
          ],
          "read_keys": [
            "HKEY_CURRENT_USER\\Software\\Microsoft\\Windows\\CurrentVersion\\Explorer\\MountPoints2\\CPC\\Volume\\{5f0c3476-f160-11ea-9f0e-806e6f6e6963}\\Data"
          ]
        }
      }
    }
  ],
  [
    {
      "behavior": {
        "summary": {
          "executed_commands": [
            "C:\\Users\\comp\\AppData\\Local\\Temp\\313234f7.bat "
          ],
          "write_files": [
            "C:\\Users\\comp\\AppData\\Local\\Temp\\JNEwqQ.exe"
          ],
          "keys": [
            "HKEY_LOCAL_MACHINE\\SOFTWARE\\Wow6432Node\\Microsoft\\Command Processor\\CompletionChar"
          ],
          "mutexes": [
            "IESQMMUTEX_0_208"
          ]
        }
      }
    }
  ],
  [
    {
      "behavior": {
        "summary": {
          "executed_commands": [
            "C:\\Users\\comp\\AppData\\Roaming\\Microsoft\\Tiafuzdii\\ikkzowxr.exe"
          ],
          "write_files": [
            "C:\\Users\\comp\\AppData\\Roaming\\Microsoft\\Tiafuzdii\\ikkzowxr.exe"
          ],
          "mutexes": [
            "IESQMMUTEX_0_208"
          ]
        }
      }
    }
  ],
  [
    {
      "behavior": {
        "summary": {
          "executed_commands": [
            "C:\\Users\\comp\\AppData\\Local\\Chrome\\StikyNot.exe"
          ],
          "write_files": [
            "C:\\Users\\comp\\AppData\\Local\\Chrome\\C:\\Users\\comp\\AppData\\Local\\Chrome\\StikyNot.exe"
          ],
          "mutexes": [
            "StikyNot_yakuza"
          ],
          "read_keys": [
            "HKEY_LOCAL_MACHINE\\SOFTWARE\\Microsoft\\Windows\\CurrentVersion\\Policies\\Explorer\\NoPropertiesMyComputer",
            "HKEY_CURRENT_USER\\Software\\Microsoft\\Windows\\CurrentVersion\\Explorer\\MountPoints2\\CPC\\Volume\\{5f0c3479-f160-11ea-9f0e-806e6f6e6963}\\Generation"
          ]
        }
      }
    }
  ],
  [
    {
      "behavior": {
        "summary": {
          "write_files": [
            "C:\\Users\\comp\\AppData\\Roaming\\Microsoft\\Tiafuzdii\\ikkzowxr.exe"
          ],
          "mutexes": [
            "Global\\{E6C47FBA-9E19-4A7E-8C8C-D0F29534EA2B}",
            "IESQMMUTEX_0_208"
          ],
          "write_keys": [
            "HKEY_CURRENT_USER\\Software\\Microsoft\\Windows\\CurrentVersion\\Run\\ofvtrn"
          ]
        }
      }
    }
  ],
  [
    {
      "behavior": {
        "summary": {
          "executed_commands": [
            "C:\\Users\\comp\\AppData\\Roaming\\Microsoft\\Tiafuzdii\\ikkzowxr.exe /C"
          ],
          "write_files": [
            "C:\\Users\\comp\\AppData\\Roaming\\Microsoft\\Tiafuzdii\\ikkzowxr.dat"
          ],
          "mutexes": [
            "Global\\{A42BA924-B417-4B83-AD34-6F16594B05DA}"
          ],
          "read_keys": [
            "HKEY_CURRENT_USER\\Software\\Microsoft\\Windows\\CurrentVersion\\Explorer\\MountPoints2\\CPC\\Volume\\{5f0c3476-f160-11ea-9f0e-806e6f6e6963}\\Generation"
          ]
        }
      }
    }
  ],
  [
    {
      "behavior": {
        "summary": {
          "executed_commands": [
            "C:\\Users\\comp\\AppData\\Roaming\\Microsoft\\Tiafuzdii\\ikkzowxr.exe"
          ],
          "write_files": [
            "C:\\Users\\comp\\AppData\\Local\\Temp\\~ikkzowxr.tmp"
          ],
          "mutexes": [
            "IESQMMUTEX_0_208"
          ]
        }
      }
    }
  ],
  [
    {
      "behavior": {
        "summary": {
          "executed_commands": [
            "\"C:\\Users\\comp\\AppData\\Local\\AuditPolicyGPInterop\\dhcpsapi.exe\""
          ],
          "write_files": [
            "\\??\\PIPE\\efsrpc",
            "C:\\Users\\comp\\AppData\\Local\\msdart\\msident.exe"
          ],
          "delete_files": [
            "C:\\Users\\comp\\AppData\\Local\\msdart\\msident.exe:Zone.Identifier"
          ],
          "resolved_apis": [
            "advapi32.dll.SetSecurityDescriptorDacl"
          ]
        }
      }
    }
  ],
  [
    {
      "behavior": {
        "summary": {
          "executed_commands": [
            "C:\\Users\\comp\\AppData\\Local\\Temp\\JNEwqQ.exe"
          ],
          "write_files": [
            "C:\\Program Files (x86)\\Google\\Update\\Download\\{8A69D345-D564-463C-AFF1-A69D9E530F96}\\85.0.4183.83\\85.0.4183.83_chrome_installer.exe",
            "C:\\Users\\comp\\Desktop\\28137-18601-10869.exe"
          ],
          "mutexes": [
            "IESQMMUTEX_0_208"
          ]
        }
      }
    }
  ],
  [
    {
      "behavior": {
        "summary": {
          "executed_commands": [
            "C:\\Users\\comp\\AppData\\Local\\Temp\\budha.exe "
          ],
          "write_files": [
            "C:\\Users\\comp\\AppData\\Local\\Temp\\budha.exe"
          ],
          "delete_files": [
            "C:\\Documents and Settings\\Mini\\LOCALS~1\\Temp\\Temporary Directory 1 for 2013111512381802850.zip\\2013111812398784524.exe"
          ],
          "resolved_apis": [
            "comctl32.dll.#321"
          ],
          "read_keys": [
            "HKEY_LOCAL_MACHINE\\SOFTWARE\\Wow6432Node\\Microsoft\\Windows NT\\CurrentVersion\\DRIVERS32\\midi3",
            "HKEY_CURRENT_USER\\Software\\Microsoft\\Windows\\CurrentVersion\\Explorer\\MountPoints2\\CPC\\Volume\\{5f0c3475-f160-11ea-9f0e-806e6f6e6963}\\Data"
          ]
        }
      }
    }
  ],
  [
    {
      "behavior": {
        "summary": {
          "executed_commands": [
            "C:\\Users\\comp\\AppData\\Roaming\\Microsoft\\Tiafuzdii\\ikkzowxr.exe"
          ],
          "write_files": [
            "C:\\Users\\comp\\AppData\\Roaming\\Microsoft\\Tiafuzdii\\ikkzowxr.exe"
          ],
          "mutexes": [
            "IESQMMUTEX_0_208"
          ]
        }
      }
    }
  ],
  [
    {
      "behavior": {
        "summary": {
          "executed_commands": [
            "\"C:\\Users\\comp\\AppData\\Local\\irclass\\d3d10_1core.exe\""
          ],
          "write_files": [
            "C:\\Users\\comp\\AppData\\Local\\irclass\\d3d10_1core.exe"
          ],
          "delete_files": [
            "C:\\Users\\comp\\AppData\\Local\\irclass\\d3d10_1core.exe:Zone.Identifier"
          ],
          "read_keys": [
            "HKEY_CURRENT_USER\\Software\\Microsoft\\Windows\\CurrentVersion\\Explorer\\Advanced\\ShowTypeOverlay"
          ]
        }
      }
    }
  ],
  [
    {
      "behavior": {
        "summary": {
          "executed_commands": [
            "C:\\Users\\comp\\AppData\\Local\\Temp\\JNEwqQ.exe"
          ],
          "write_files": [
            "C:\\Program Files (x86)\\Google\\Update\\1.3.36.32\\GoogleUpdateOnDemand.exe",
            "C:\\tmp_2qrlboi\\bin\\loader_x64.exe",
            "C:\\Users\\comp\\Desktop\\2861-21315-30288.exe"
          ],
          "read_files": [
            "C:\\tmp_2qrlboi\\bin\\oldloader_x64.exe"
          ],
          "mutexes": [
            "IESQMMUTEX_0_208"
          ],
          "read_keys": [
            "HKEY_CURRENT_USER\\Software\\Microsoft\\Windows\\CurrentVersion\\Explorer\\MountPoints2\\CPC\\Volume\\{5f0c3475-f160-11ea-9f0e-806e6f6e6963}\\Generation",
            "HKEY_LOCAL_MACHINE\\SOFTWARE\\Wow6432Node\\Microsoft\\Command Processor\\DelayedExpansion"
          ]
        }
      }
    }
  ],
  [
    {
      "behavior": {
        "summary": {
          "executed_commands": [
            "\"C:\\Users\\comp\\AppData\\Roaming\\Microsoft\\Tiafuzdii\\ikkzowxr.exe\" /W"
          ],
          "write_files": [
            "C:\\Users\\comp\\AppData\\Roaming\\Microsoft\\Tiafuzdii\\ikkzowxr.exe"
          ],
          "mutexes": [
            "IESQMMUTEX_0_208"
          ]
        }
      }
    }
  ],
  [
    {
      "behavior": {
        "summary": {
          "executed_commands": [
            "\"C:\\Users\\comp\\AppData\\Local\\mmcndmgr\\KBDAZEL.exe\""
          ],
          "write_files": [
            "C:\\Users\\comp\\AppData\\Local\\mmcndmgr\\KBDAZEL.exe"
          ],
          "delete_files": [
            "C:\\Users\\comp\\AppData\\Local\\mmcndmgr\\KBDAZEL.exe:Zone.Identifier"
          ],
          "read_files": [
            "C:\\Windows\\SysWOW64\\WerFault.exe"
          ]
        }
      }
    }
  ],
  [
    {
      "behavior": {
        "summary": {
          "executed_commands": [
            "\"C:\\Users\\comp\\AppData\\Local\\appmgmts\\mfmjpegdec.exe\""
          ],
          "write_files": [
            "C:\\Users\\comp\\AppData\\Local\\appmgmts\\mfmjpegdec.exe"
          ],
          "mutexes": [
            "IESQMMUTEX_0_208"
          ],
          "write_keys": [
            "HKEY_CURRENT_USER\\Software\\Microsoft\\Windows\\CurrentVersion\\Explorer\\SessionInfo\\1\\WHCIconStartup"
          ]
        }
      }
    }
  ],
  [
    {
      "behavior": {
        "summary": {
          "executed_commands": [
            "C:\\Users\\comp\\AppData\\Local\\Temp\\JNEwqQ.exe"
          ],
          "write_files": [
            "C:\\Users\\comp\\AppData\\Local\\Temp\\JNEwqQ.exe"
          ],
          "read_files": [
            "C:\\Program Files\\Mozilla Firefox\\minidump-analyzer.exe"
          ],
          "mutexes": [
            "IESQMMUTEX_0_208"
          ]
        }
      }
    }
  ],
  [
    {
      "behavior": {
        "summary": {
          "executed_commands": [
            "C:\\Users\\comp\\AppData\\Local\\Chrome\\StikyNot.exe"
          ],
          "write_files": [
            "C:\\Users\\comp\\AppData\\Local\\Chrome\\C:\\Users\\comp\\AppData\\Local\\Chrome\\StikyNot.exe",
            "Y:\\StikyNot.exe"
          ],
          "write_keys": [
            "HKEY_CURRENT_USER\\Software\\Microsoft\\Windows\\CurrentVersion\\Run\\Microsoft OneDrive"
          ]
        }
      }
    }
  ],
  [
    {
      "behavior": {
        "summary": {
          "executed_commands": [
            "C:\\Users\\comp\\AppData\\Local\\Temp\\vnc.exe "
          ],
          "write_files": [
            "C:\\Users\\comp\\AppData\\Local\\Temp\\vnc.exe"
          ],
          "mutexes": [
            "IESQMMUTEX_0_208"
          ],
          "write_keys": [
            "HKEY_CURRENT_USER\\Software\\Microsoft\\Windows\\CurrentVersion\\Internet Settings\\Wpad\\{90CB5B4D-F590-47BD-9408-C427E2AC863F}\\WpadNetworkName"
          ]
        }
      }
    }
  ],
  [
    {
      "behavior": {
        "summary": {
          "executed_commands": [
            "\"C:\\Users\\comp\\AppData\\Local\\Temp\\loli.exe\""
          ],
          "write_files": [
            "C:\\Users\\comp\\AppData\\Local\\Temp\\JPEG.exe"
          ],
          "mutexes": [
            "e460dc8d9634539854ab71cd72901ab4"
          ],
          "read_keys": [
            "HKEY_CURRENT_USER\\Software\\Microsoft\\Windows\\CurrentVersion\\Explorer\\MountPoints2\\CPC\\Volume\\{5f0c3475-f160-11ea-9f0e-806e6f6e6963}\\Generation",
            "HKEY_LOCAL_MACHINE\\SYSTEM\\ControlSet001\\services\\napagent\\LocalConfig\\Tracing Level"
          ]
        }
      }
    }
  ],
  [
    {
      "behavior": {
        "summary": {
          "executed_commands": [
            "C:\\Users\\comp\\AppData\\Local\\Temp\\037e2179.bat "
          ],
          "write_files": [
            "C:\\Users\\comp\\AppData\\Local\\Temp\\JNEwqQ.exe"
          ],
          "mutexes": [
            "IESQMMUTEX_0_208"
          ]
        }
      }
    }
  ],
  [
    {
      "behavior": {
        "summary": {
          "executed_commands": [
            "C:\\Users\\comp\\AppData\\Local\\Temp\\Trojan.exe "
          ],
          "write_files": [
            "C:\\Users\\comp\\AppData\\Local\\Temp\\Trojan.exe"
          ],
          "mutexes": [
            "5cd8f17f4086744065eb0992a09e05a2"
          ]
        }
      }
    }
  ],
  [
    {
      "behavior": {
        "summary": {
          "executed_commands": [
            "\"C:\\Users\\comp\\AppData\\Roaming\\Microsoft\\Tiafuzdii\\ikkzowxr.exe\" /W"
          ],
          "write_files": [
            "C:\\Users\\comp\\AppData\\Local\\Temp\\1f5c36da5a61ae77cd1a.exe"
          ],
          "mutexes": [
            "Global\\{E5356632-2BBA-4C08-9A7F-B995913B15BB}"
          ]
        }
      }
    }
  ],
  [
    {
      "behavior": {
        "summary": {
          "executed_commands": [
            "\"C:\\Users\\comp\\AppData\\Roaming\\Microsoft\\Tiafuzdii\\ikkzowxr.exe\" /W"
          ],
          "write_files": [
            "C:\\Users\\comp\\AppData\\Roaming\\Microsoft\\Tiafuzdii\\ikkzowxr.dat"
          ],
          "mutexes": [
            "IESQMMUTEX_0_208"
          ]
        }
      }
    }
  ],
  [
    {
      "behavior": {
        "summary": {
          "executed_commands": [
            "C:\\Users\\comp\\AppData\\Roaming\\Ssvchost.exe "
          ],
          "write_files": [
            "C:\\Users\\comp\\AppData\\Roaming\\Ssvchost.exe"
          ],
          "delete_files": [
            "C:\\Users\\comp\\AppData\\Roaming\\Microsoft\\CLR Security Config\\v2.0.50727.312\\security.config.cch.2868.32424703"
          ],
          "write_keys": [
            "HKEY_CURRENT_USER\\Environment\\SEE_MASK_NOZONECHECKS"
          ],
          "read_keys": [
            "HKEY_CURRENT_USER\\Software\\Microsoft\\Windows\\CurrentVersion\\Explorer\\MountPoints2\\CPC\\Volume\\{5f0c3475-f160-11ea-9f0e-806e6f6e6963}\\Generation",
            "HKEY_LOCAL_MACHINE\\SYSTEM\\ControlSet001\\services\\napagent\\Qecs\\79623\\Enabled"
          ]
        }
      }
    }
  ],
  [
    {
      "behavior": {
        "summary": {
          "executed_commands": [
            "\"C:\\Users\\comp\\AppData\\Local\\wavemsp\\StorageContextHandler.exe\""
          ],
          "write_files": [
            "\\??\\PIPE\\efsrpc",
            "C:\\Users\\comp\\AppData\\Local\\diantz\\winsta.exe"
          ],
          "read_files": [
            "C:\\Windows\\SysWOW64\\WerFault.exe"
          ],
          "read_keys": [
            "HKEY_CURRENT_USER\\Software\\Microsoft\\Windows\\CurrentVersion\\Explorer\\MountPoints2\\CPC\\Volume\\{5f0c3475-f160-11ea-9f0e-806e6f6e6963}\\Generation",
            "HKEY_CURRENT_USER\\Software\\Microsoft\\Windows\\CurrentVersion\\Action Center\\Checks\\{E8433B72-5842-4d43-8645-BC2C35960837}.check.106\\CheckSetting"
          ]
        }
      }
    }
  ],
  [
    {
      "behavior": {
        "summary": {
          "executed_commands": [
            "C:\\84555685\\oxkfvtmp.pif hlggsq.xwk"
          ],
          "write_files": [
            "C:\\Users\\comp\\AppData\\Local\\Temp\\RegSvcs.exe"
          ],
          "delete_files": [
            "C:\\84555685\\__tmp_rar_sfx_access_check_4820531"
          ],
          "mutexes": [
            "DefaultTabtip-MainUI"
          ],
          "write_keys": [
            "HKEY_CURRENT_USER\\Software\\Microsoft\\Windows\\CurrentVersion\\Run\\Windows"
          ],
          "read_keys": [
            "HKEY_CURRENT_USER\\Software\\Microsoft\\Windows\\CurrentVersion\\Explorer\\MountPoints2\\CPC\\Volume\\{5f0c3476-f160-11ea-9f0e-806e6f6e6963}\\Generation",
            "HKEY_LOCAL_MACHINE\\SYSTEM\\ControlSet001\\services\\crypt32\\DebugHeapFlags"
          ]
        }
      }
    }
  ],
  [
    {
      "behavior": {
        "summary": {
          "executed_commands": [
            "\"C:\\Users\\comp\\AppData\\Roaming\\Microsoft\\Tiafuzdii\\ikkzowxr.exe\" /W"
          ],
          "write_files": [
            "C:\\Users\\comp\\AppData\\Local\\Temp\\90c4e2761c05d7960a9b.exe"
          ],
          "mutexes": [
            "IESQMMUTEX_0_208"
          ],
          "write_keys": [
            "HKEY_CURRENT_USER\\Software\\Microsoft\\Windows\\CurrentVersion\\Run\\icatcc"
          ]
        }
      }
    }
  ],
  [
    {
      "behavior": {
        "summary": {
          "executed_commands": [
            "C:\\Users\\comp\\AppData\\Roaming\\Microsoft\\Tiafuzdii\\ikkzowxr.exe"
          ],
          "write_files": [
            "C:\\Users\\comp\\AppData\\Roaming\\Microsoft\\Tiafuzdii\\ikkzowxr.exe"
          ],
          "mutexes": [
            "IESQMMUTEX_0_208"
          ]
        }
      }
    }
  ],
  [
    {
      "behavior": {
        "summary": {
          "executed_commands": [
            "C:\\Users\\comp\\AppData\\Roaming\\Microsoft\\Tiafuzdii\\ikkzowxr.exe"
          ],
          "write_files": [
            "C:\\Users\\comp\\AppData\\Local\\Temp\\e28fd94d327ccd4e1107.exe"
          ],
          "mutexes": [
            "Global\\{A42BA924-B417-4B83-AD34-6F16594B05DA}"
          ],
          "write_keys": [
            "HKEY_CURRENT_USER\\Software\\Microsoft\\Windows\\CurrentVersion\\Internet Settings\\Wpad\\{6A0A1C62-ED12-4D8F-A743-28920CC79237}\\WpadDecisionTime"
          ]
        }
      }
    }
  ],
  [
    {
      "behavior": {
        "summary": {
          "executed_commands": [
            "\"C:\\Users\\comp\\AppData\\Roaming\\Microsoft\\Tiafuzdii\\ikkzowxr.exe\" /W"
          ],
          "write_files": [
            "C:\\Users\\comp\\AppData\\Local\\Temp\\~ikkzowxr.tmp"
          ],
          "mutexes": [
            "Global\\{E5356632-2BBA-4C08-9A7F-B995913B15BB}"
          ]
        }
      }
    }
  ],
  [
    {
      "behavior": {
        "summary": {
          "executed_commands": [
            "\"C:\\Users\\comp\\AppData\\Local\\NlsLexicons003e\\ComputerDefaults.exe\""
          ],
          "write_files": [
            "\\??\\PIPE\\efsrpc",
            "C:\\Users\\comp\\AppData\\Local\\whoami\\SyncHostps.exe"
          ],
          "delete_files": [
            "C:\\Users\\comp\\AppData\\Local\\whoami\\SyncHostps.exe:Zone.Identifier"
          ]
        }
      }
    }
  ],
  [
    {
      "behavior": {
        "summary": {
          "executed_commands": [
            "C:\\Users\\comp\\AppData\\Roaming\\Microsoft\\Tiafuzdii\\ikkzowxr.exe"
          ],
          "write_files": [
            "C:\\Users\\comp\\AppData\\Roaming\\Microsoft\\Tiafuzdii\\ikkzowxr.exe"
          ],
          "mutexes": [
            "Global\\{A42BA924-B417-4B83-AD34-6F16594B05DA}"
          ]
        }
      }
    }
  ],
  [
    {
      "behavior": {
        "summary": {
          "executed_commands": [
            "\"C:\\Users\\comp\\AppData\\Local\\api-ms-win-core-timezone-l1-1-0\\usbui.exe\""
          ],
          "write_files": [
            "C:\\Users\\comp\\AppData\\Local\\api-ms-win-core-timezone-l1-1-0\\usbui.exe"
          ],
          "resolved_apis": [
            "advapi32.dll.SetSecurityDescriptorDacl"
          ]
        }
      }
    }
  ],
  [
    {
      "behavior": {
        "summary": {
          "executed_commands": [
            "\"C:\\Users\\comp\\AppData\\Local\\iertutil\\cryptxml.exe\""
          ],
          "write_files": [
            "\\??\\PIPE\\efsrpc",
            "C:\\Users\\comp\\AppData\\Local\\iertutil\\cryptxml.exe"
          ],
          "read_files": [
            "C:\\Windows\\SysWOW64\\WerFault.exe"
          ],
          "write_keys": [
            "HKEY_CURRENT_USER\\Software\\Microsoft\\Windows\\CurrentVersion\\Explorer\\SessionInfo\\1\\WHCIconStartup"
          ],
          "read_keys": [
            "HKEY_CURRENT_USER\\Software\\Microsoft\\Windows\\CurrentVersion\\Explorer\\MountPoints2\\CPC\\Volume\\{5f0c3475-f160-11ea-9f0e-806e6f6e6963}\\Data",
            "HKEY_LOCAL_MACHINE\\SOFTWARE\\Microsoft\\Windows\\CurrentVersion\\Internet Settings\\Zones\\1\\1000"
          ]
        }
      }
    }
  ],
  [
    {
      "behavior": {
        "summary": {
          "executed_commands": [
            "C:\\Users\\comp\\leiojug.exe "
          ],
          "write_files": [
            "C:\\Users\\comp\\leiojug.exe"
          ],
          "mutexes": [
            "c"
          ],
          "write_keys": [
            "HKEY_CURRENT_USER\\Software\\Microsoft\\Windows\\CurrentVersion\\Explorer\\Advanced\\ShowSuperHidden"
          ]
        }
      }
    }
  ],
  [
    {
      "behavior": {
        "summary": {
          "executed_commands": [
            "\"C:\\Users\\comp\\AppData\\Local\\cryptext\\KBDAZEL.exe\""
          ],
          "write_files": [
            "\\??\\PIPE\\efsrpc",
            "C:\\Users\\comp\\AppData\\Local\\cryptext\\KBDAZEL.exe"
          ],
          "delete_files": [
            "C:\\Users\\comp\\AppData\\Local\\AuditPolicyGPInterop\\rtffilt.exe:Zone.Identifier"
          ],
          "read_files": [
            "C:\\Windows\\SysWOW64\\WerFault.exe"
          ],
          "write_keys": [
            "HKEY_CURRENT_USER\\Software\\Microsoft\\Windows\\CurrentVersion\\Action Center\\Checks\\{852FB1F8-5CC6-4567-9C0E-7C330F8807C2}.check.100\\CheckSetting"
          ],
          "read_keys": [
            "HKEY_CURRENT_USER\\Software\\Microsoft\\Windows\\CurrentVersion\\Explorer\\Advanced\\ShowInfoTip"
          ]
        }
      }
    }
  ],
  [
    {
      "behavior": {
        "summary": {
          "executed_commands": [
            "\"C:\\Users\\comp\\AppData\\Local\\NlsData0046\\MuiUnattend.exe\""
          ],
          "write_files": [
            "\\??\\PIPE\\efsrpc",
            "C:\\Users\\comp\\AppData\\Local\\NlsData0046\\MuiUnattend.exe"
          ],
          "delete_files": [
            "C:\\Users\\comp\\AppData\\Local\\Temp\\32d2f9e22defb2067e09.exe"
          ],
          "read_files": [
            "C:\\Windows\\SysWOW64\\WerFault.exe"
          ]
        }
      }
    }
  ],
  [
    {
      "behavior": {
        "summary": {
          "executed_commands": [
            "\"C:\\Users\\comp\\AppData\\Local\\WcnEapPeerProxy\\f3ahvoas.exe\""
          ],
          "write_files": [
            "\\??\\PIPE\\efsrpc",
            "C:\\Users\\comp\\AppData\\Local\\WcnEapPeerProxy\\f3ahvoas.exe"
          ],
          "delete_files": [
            "C:\\Users\\comp\\AppData\\Local\\WcnEapPeerProxy\\f3ahvoas.exe"
          ],
          "read_keys": [
            "HKEY_CURRENT_USER\\Software\\Microsoft\\Windows\\CurrentVersion\\Explorer\\MountPoints2\\CPC\\Volume\\{5f0c3475-f160-11ea-9f0e-806e6f6e6963}\\Generation",
            "HKEY_LOCAL_MACHINE\\SOFTWARE\\MICROSOFT\\Windows\\CurrentVersion\\Explorer\\MyComputer\\NameSpace\\DelegateFolders\\{35786D3C-B075-49b9-88DD-029876E11C01}\\SuppressionPolicy"
          ]
        }
      }
    }
  ],
  [
    {
      "behavior": {
        "summary": {
          "executed_commands": [
            "\"C:\\Users\\comp\\AppData\\Local\\provthrd\\adsldpc.exe\""
          ],
          "write_files": [
            "C:\\Users\\comp\\AppData\\Local\\msyuv\\wlgpclnt.exe"
          ],
          "mutexes": [
            "IESQMMUTEX_0_208"
          ]
        }
      }
    }
  ],
  [
    {
      "behavior": {
        "summary": {
          "executed_commands": [
            "\"C:\\Users\\comp\\AppData\\Local\\dpapiprovider\\KBDINDEV.exe\""
          ],
          "write_files": [
            "C:\\Users\\comp\\AppData\\Local\\rundll32\\NlsLexicons002a.exe"
          ],
          "delete_files": [
            "C:\\Users\\comp\\AppData\\Local\\dpapiprovider\\KBDINDEV.exe:Zone.Identifier"
          ],
          "read_files": [
            "C:\\Windows\\SysWOW64\\WerFault.exe"
          ]
        }
      }
    }
  ],
  [
    {
      "behavior": {
        "summary": {
          "executed_commands": [
            "\"C:\\Users\\comp\\AppData\\Local\\winrscmd\\NapiNSP.exe\""
          ],
          "write_files": [
            "\\??\\PIPE\\efsrpc",
            "C:\\Users\\comp\\AppData\\Local\\winrscmd\\NapiNSP.exe"
          ],
          "delete_files": [
            "C:\\Users\\comp\\AppData\\Local\\winrscmd\\NapiNSP.exe:Zone.Identifier"
          ],
          "resolved_apis": [
            "comctl32.dll.#385"
          ],
          "read_keys": [
            "HKEY_CURRENT_USER\\Software\\Microsoft\\Windows\\CurrentVersion\\Explorer\\MountPoints2\\CPC\\Volume\\{5f0c3476-f160-11ea-9f0e-806e6f6e6963}\\Generation",
            "HKEY_CURRENT_USER\\Software\\Microsoft\\Windows\\CurrentVersion\\Action Center\\Checks\\{E8433B72-5842-4d43-8645-BC2C35960837}.check.104\\CheckSetting"
          ]
        }
      }
    }
  ],
  [
    {
      "behavior": {
        "summary": {
          "executed_commands": [
            "\"C:\\Users\\comp\\AppData\\Roaming\\Ruvou\\uraxu.exe\""
          ],
          "write_files": [
            "C:\\Users\\comp\\AppData\\Roaming\\Ruvou\\uraxu.exe"
          ],
          "mutexes": [
            "IESQMMUTEX_0_208"
          ]
        }
      }
    }
  ],
  [
    {
      "behavior": {
        "summary": {
          "executed_commands": [
            "\"C:\\Users\\comp\\AppData\\Local\\wmpsrcwp\\qedit.exe\""
          ],
          "write_files": [
            "\\??\\PIPE\\efsrpc",
            "C:\\Users\\comp\\AppData\\Local\\wmpsrcwp\\qedit.exe"
          ],
          "delete_files": [
            "C:\\Users\\comp\\AppData\\Local\\wmpsrcwp\\qedit.exe:Zone.Identifier"
          ],
          "read_files": [
            "C:\\Windows\\SysWOW64\\WerFault.exe"
          ]
        }
      }
    }
  ],
  [
    {
      "behavior": {
        "summary": {
          "executed_commands": [
            "\"C:\\Users\\comp\\AppData\\Local\\QCLIPROV\\mciseq.exe\""
          ],
          "write_files": [
            "C:\\Users\\comp\\AppData\\Local\\QCLIPROV\\mciseq.exe"
          ],
          "mutexes": [
            "IESQMMUTEX_0_208"
          ],
          "write_keys": [
            "HKEY_CURRENT_USER\\Software\\Microsoft\\Windows\\CurrentVersion\\Internet Settings\\Wpad\\{1BD56EEB-5FA0-48A2-B28D-F06E6A8E236B}\\WpadDecision"
          ]
        }
      }
    }
  ],
  [
    {
      "behavior": {
        "summary": {
          "executed_commands": [
            "C:\\Users\\comp\\AppData\\Local\\Temp\\FPSboost.exe "
          ],
          "write_files": [
            "C:\\Users\\comp\\AppData\\Local\\Temp\\FPSboost.exe"
          ],
          "delete_files": [
            "C:\\Users\\comp\\AppData\\Local\\Temp\\__tmp_rar_sfx_access_check_26428546"
          ],
          "mutexes": [
            "Global\\.net clr networking"
          ]
        }
      }
    }
  ],
  [
    {
      "behavior": {
        "summary": {
          "executed_commands": [
            "\"C:\\Users\\comp\\Svchost.exe\""
          ],
          "write_files": [
            "C:\\Users\\comp\\Svchost.exe"
          ],
          "delete_files": [
            "C:\\Users\\comp\\AppData\\Roaming\\Microsoft\\CLR Security Config\\v2.0.50727.312\\security.config.cch.2980.3626203"
          ],
          "mutexes": [
            "37d6ea9276d24b2d0fa12451b8b22b86"
          ]
        }
      }
    }
  ],
  [
    {
      "behavior": {
        "summary": {
          "executed_commands": [
            "\"C:\\Users\\comp\\AppData\\Local\\KBDA2\\ACCTRES.exe\""
          ],
          "write_files": [
            "C:\\Users\\comp\\AppData\\Local\\bitsperf\\IPBusEnumProxy.exe"
          ],
          "delete_files": [
            "C:\\Users\\comp\\AppData\\Local\\KBDA2\\ACCTRES.exe:Zone.Identifier"
          ],
          "read_files": [
            "C:\\Windows\\SysWOW64\\WerFault.exe"
          ],
          "read_keys": [
            "HKEY_CURRENT_USER\\Software\\Microsoft\\Windows\\CurrentVersion\\Explorer\\MountPoints2\\CPC\\Volume\\{5f0c3476-f160-11ea-9f0e-806e6f6e6963}\\Generation",
            "HKEY_LOCAL_MACHINE\\SOFTWARE\\Microsoft\\Windows\\CurrentVersion\\SideBySide\\PreferExternalManifest"
          ]
        }
      }
    }
  ],
  [
    {
      "behavior": {
        "summary": {
          "executed_commands": [
            "C:\\Users\\comp\\AppData\\Local\\Temp\\b322ad765e2d30ad82b1.exe /C"
          ],
          "write_files": [
            "C:\\Users\\comp\\AppData\\Roaming\\Microsoft\\Tiafuzdii\\ikkzowxr.exe"
          ],
          "mutexes": [
            "IESQMMUTEX_0_208"
          ],
          "write_keys": [
            "HKEY_CURRENT_USER\\Software\\Microsoft\\Windows\\CurrentVersion\\Run\\izrlh"
          ]
        }
      }
    }
  ],
  [
    {
      "behavior": {
        "summary": {
          "executed_commands": [
            "\"C:\\Users\\comp\\AppData\\Local\\oledlg\\WWanAPI.exe\""
          ],
          "write_files": [
            "C:\\Users\\comp\\AppData\\Local\\oledlg\\WWanAPI.exe"
          ],
          "mutexes": [
            "IESQMMUTEX_0_208"
          ]
        }
      }
    }
  ],
  [
    {
      "behavior": {
        "summary": {
          "executed_commands": [
            "C:\\Users\\comp\\43183237\\smevvevxd.pif htaxb.are"
          ],
          "write_files": [
            "C:\\Users\\comp\\AppData\\Local\\Temp\\RegSvcs.exe"
          ],
          "delete_files": [
            "C:\\Users\\comp\\43183237\\__tmp_rar_sfx_access_check_14427593"
          ],
          "delete_keys": [
            "HKEY_CURRENT_USER\\Software\\Microsoft\\Windows\\CurrentVersion\\Internet Settings\\ZoneMap\\ProxyBypass"
          ],
          "mutexes": [
            "IESQMMUTEX_0_208"
          ],
          "read_keys": [
            "HKEY_LOCAL_MACHINE\\SOFTWARE\\Microsoft\\Windows\\CurrentVersion\\Policies\\Explorer\\NoNetCrawling"
          ]
        }
      }
    }
  ]
]
