[
  [
    {
      "behavior": {
        "summary": {
          "resolved_apis": [
            "gdiplus.dll.GdipLoadImageFromStream"
          ],
          "read_files": [
            "C:\\Users\\comp\\AppData\\Roaming\\Microsoft\\CLR Security Config\\v2.0.50727.312\\security.config.cch"
          ],
          "mutexes": [
            "Global\\CLR_CASOFF_MUTEX"
          ]
        }
      }
    }
  ],
  [
    {
      "behavior": {
        "summary": {
          "delete_files": [
            "C:\\Users\\comp\\AppData\\Roaming\\Microsoft\\CLR Security Config\\v2.0.50727.312\\security.config.cch.2916.13225750"
          ],
          "keys": [
            "HKEY_LOCAL_MACHINE\\SOFTWARE\\MICROSOFT\\Fusion\\NativeImagesIndex\\v2.0.50727_32\\IL\\75638fee\\27002c8f\\a3\\SIG"
          ],
          "mutexes": [
            "Global\\.net clr networking"
          ],
          "read_keys": [
            "HKEY_LOCAL_MACHINE\\SOFTWARE\\Classes\\Wow6432Node\\CLSID\\{1B1CAD8C-2DAB-11D2-B604-00104B703EFD}\\InprocServer32\\(Default)"
          ]
        }
      }
    }
  ],
  [
    {
      "behavior": {
        "summary": {
          "resolved_apis": [
            "gdi32.dll.GetTextFaceAliasW",
            "ole32.dll.CoUninitialize"
          ],
          "files": [
            "C:\\Users\\comp\\AppData\\Local\\Temp\\3a61c2e77a0e22e3d795.exe"
          ],
          "read_files": [
            "C:\\Users\\comp\\AppData\\Local\\Temp\\3a61c2e77a0e22e3d795.exe"
          ],
          "keys": [
            "HKEY_LOCAL_MACHINE\\SOFTWARE\\Wow6432Node\\Microsoft\\Windows\\Windows Error Reporting\\WMR\\Disable",
            "HKEY_LOCAL_MACHINE\\SOFTWARE\\Microsoft\\Windows NT\\CurrentVersion\\LanguagePack\\SurrogateFallback"
          ],
          "read_keys": [
            "HKEY_LOCAL_MACHINE\\SOFTWARE\\Wow6432Node\\Microsoft\\.NETFramework\\CLRLoadLogDir",
            "HKEY_LOCAL_MACHINE\\SOFTWARE\\Microsoft\\Windows NT\\CurrentVersion\\LanguagePack\\SurrogateFallback\\Plane7"
          ]
        }
      }
    }
  ],
  [
    {
      "behavior": {
        "summary": {
          "write_files": [
            "C:\\Users\\comp\\AppData\\Local\\Temp\\contribute\\sbssystemconfigurationinstall.dll"
          ],
          "delete_files": [
            "C:\\Users\\comp\\AppData\\Local\\Temp\\nsh6169.tmp"
          ],
          "resolved_apis": [
            "ole32.dll.CoUnmarshalInterface"
          ],
          "read_keys": [
            "HKEY_CURRENT_USER\\Software\\Microsoft\\Windows\\CurrentVersion\\Explorer\\MountPoints2\\CPC\\Volume\\{5f0c3475-f160-11ea-9f0e-806e6f6e6963}\\Data"
          ]
        }
      }
    }
  ],
  [
    {
      "behavior": {
        "summary": {
          "read_files": [
            "C:\\Users\\comp\\AppData\\Roaming\\Microsoft\\Network\\Connections\\Pbk\\_hiddenPbk\\rasphone.pbk"
          ],
          "mutexes": [
            "Local\\ZoneAttributeCacheCounterMutex"
          ]
        }
      }
    }
  ],
  [
    {
      "behavior": {
        "summary": {
          "delete_files": [
            "C:\\Users\\comp\\AppData\\Local\\dssenh\\wmdrmsdk.exe"
          ],
          "resolved_apis": [
            "ole32.dll.CoMarshalInterface",
            "kernel32.dll.GetUserDefaultUILanguage"
          ],
          "read_files": [
            "C:\\Windows\\SysWOW64\\shell32.dll"
          ],
          "keys": [
            "HKEY_CURRENT_USER\\Software\\Microsoft\\Windows\\CurrentVersion\\Internet Settings\\Zones\\4",
            "HKEY_LOCAL_MACHINE\\SOFTWARE\\Classes\\CLSID\\{7007ACC7-3202-11D1-AAD2-00805FC1270E}\\ShellFolder\\MapNetDriveVerbs"
          ],
          "write_keys": [
            "HKEY_CURRENT_USER\\Software\\Microsoft\\Windows\\CurrentVersion\\Action Center\\Checks\\{C8E6F269-B90A-4053-A3BE-499AFCEC98C4}.check.0\\CheckSetting"
          ],
          "read_keys": [
            "HKEY_LOCAL_MACHINE\\SOFTWARE\\Classes\\Drive\\shellex\\FolderExtensions\\{fbeb8a05-beee-4442-804e-409d6c4515e9}\\DriveMask",
            "HKEY_CURRENT_USER\\Software\\Microsoft\\Windows\\CurrentVersion\\Explorer\\Advanced\\Hidden",
            "HKEY_CURRENT_USER\\Software\\Microsoft\\Windows\\CurrentVersion\\Internet Settings\\Zones\\4\\1803",
            "HKEY_LOCAL_MACHINE\\SOFTWARE\\Classes\\Interface\\{B722BCCB-4E68-101B-A2BC-00AA00404770}\\ProxyStubClsid32\\(Default)"
          ]
        }
      }
    }
  ],
  [
    {
      "behavior": {
        "summary": {
          "read_files": [
            "C:\\Windows\\winsxs\\x86_microsoft.windows.common-controls_6595b64144ccf1df_5.82.7601.18837_none_ec86b8d6858ec0bc\\comctl32.dll"
          ],
          "mutexes": [
            "Global\\CLR_CASOFF_MUTEX"
          ],
          "read_keys": [
            "HKEY_LOCAL_MACHINE\\SOFTWARE\\Classes\\Wow6432Node\\Interface\\{423EC01E-2E35-11D2-B604-00104B703EFD}\\ProxyStubClsid32\\(Default)"
          ]
        }
      }
    }
  ],
  [
    {
      "behavior": {
        "summary": {
          "keys": [
            "HKEY_CURRENT_USER\\Software\\Microsoft\\Windows\\CurrentVersion\\App Paths\\ff76611591d2b7bd32b1.exe"
          ],
          "mutexes": [
            "14DEAD30-2F66-41c2-AF94-9165F67460B9"
          ],
          "write_keys": [
            "HKEY_CURRENT_USER\\Software\\Microsoft\\Windows\\CurrentVersion\\Action Center\\Checks\\{C8E6F269-B90A-4053-A3BE-499AFCEC98C4}.check.0\\CheckSetting"
          ],
          "read_keys": [
            "HKEY_LOCAL_MACHINE\\SOFTWARE\\Classes\\Drive\\shellex\\FolderExtensions\\{fbeb8a05-beee-4442-804e-409d6c4515e9}\\DriveMask",
            "HKEY_CURRENT_USER\\Software\\Microsoft\\Windows\\CurrentVersion\\Explorer\\Advanced\\NoNetCrawling"
          ]
        }
      }
    }
  ],
  [
    {
      "behavior": {
        "summary": {
          "write_files": [
            "C:\\Users\\comp\\AppData\\Local\\Microsoft\\Windows\\History\\History.IE5\\index.dat"
          ],
          "resolved_apis": [
            "comctl32.dll.HIMAGELIST_QueryInterface"
          ],
          "read_files": [
            "C:\\Windows\\System32\\ieframe.dll"
          ],
          "read_keys": [
            "HKEY_CURRENT_USER\\Software\\Microsoft\\Windows\\CurrentVersion\\Internet Settings\\5.0\\Cache\\Extensible Cache\\MSHist012020090720200908\\CacheLimit"
          ]
        }
      }
    }
  ],
  [
    {
      "behavior": {
        "summary": {
          "read_files": [
            "C:\\Windows\\Fonts\\staticcache.dat"
          ],
          "keys": [
            "HKEY_CURRENT_USER\\Software\\Microsoft\\Installer\\Assemblies\\Global",
            "HKEY_LOCAL_MACHINE\\SOFTWARE\\Wow6432Node\\Microsoft\\Internet Explorer\\MAIN\\FeatureControl\\FEATURE_HTTP_USERNAME_PASSWORD_DISABLE\\b3afdbf1c149216584a2.exe"
          ],
          "read_keys": [
            "HKEY_LOCAL_MACHINE\\SOFTWARE\\Wow6432Node\\Microsoft\\.NETFramework\\DbgJITDebugLaunchSetting"
          ]
        }
      }
    }
  ],
  [
    {
      "behavior": {
        "summary": {
          "resolved_apis": [
            "advapi32.dll.RegCloseKey",
            "kernel32.dll.GetUserDefaultUILanguage"
          ],
          "read_files": [
            "C:\\Windows\\Fonts\\staticcache.dat"
          ],
          "keys": [
            "HKEY_LOCAL_MACHINE\\SOFTWARE\\Wow6432Node\\Microsoft\\CTF\\EnableAnchorContext"
          ],
          "mutexes": [
            "CicLoadWinStaWinSta0"
          ],
          "read_keys": [
            "HKEY_LOCAL_MACHINE\\SOFTWARE\\Wow6432Node\\Microsoft\\.NETFramework\\InstallRoot"
          ]
        }
      }
    }
  ],
  [
    {
      "behavior": {
        "summary": {
          "keys": [
            "HKEY_CURRENT_USER\\Software\\Microsoft\\Windows\\CurrentVersion\\Internet Settings\\Wpad\\{EBDD93DF-7CC7-4631-B927-16D55DE80011}\\WpadDecisionTime"
          ],
          "mutexes": [
            "IESQMMUTEX_0_208"
          ],
          "write_keys": [
            "HKEY_CURRENT_USER\\Software\\Microsoft\\Windows\\CurrentVersion\\Internet Settings\\Wpad\\{EBDD93DF-7CC7-4631-B927-16D55DE80011}\\WpadDecisionTime"
          ],
          "read_keys": [
            "HKEY_LOCAL_MACHINE\\SOFTWARE\\Classes\\Wow6432Node\\Interface\\{2A1C9EB2-DF62-4154-B800-63278FCB8037}\\ProxyStubClsid32\\(Default)",
            "HKEY_LOCAL_MACHINE\\SOFTWARE\\Policies\\Microsoft\\Windows NT\\DNSClient\\UpdateSecurityLevel"
          ]
        }
      }
    }
  ],
  [
    {
      "behavior": {
        "summary": {
          "executed_commands": [
            "C:\\Windows\\system32\\cmd.exe /c \"\"C:\\Users\\comp\\AppData\\Local\\Temp\\2ee44be8.bat\" \""
          ],
          "read_files": [
            "C:\\Users\\comp\\Desktop\\26328-9350-2664.exe"
          ],
          "keys": [
            "HKEY_LOCAL_MACHINE\\SOFTWARE\\Classes\\Wow6432Node\\CLSID\\{B196B286-BAB4-101A-B69C-00AA00341D07}\\InprocServer32\\InprocServer32",
            "HKEY_CURRENT_USER\\Software\\Microsoft\\Windows\\CurrentVersion\\Internet Settings\\Wpad\\{F76B84C4-979C-40C3-8B9C-C9823097EF49}\\WpadDecisionTime",
            "HKEY_CURRENT_USER\\Software\\Microsoft\\Windows\\CurrentVersion\\Explorer\\MountPoints2\\CPC\\Volume\\{5f0c3475-f160-11ea-9f0e-806e6f6e6963}\\Generation"
          ],
          "mutexes": [
            "IESQMMUTEX_0_208"
          ],
          "write_keys": [
            "HKEY_CURRENT_USER\\Software\\Microsoft\\Windows\\CurrentVersion\\Internet Settings\\Wpad\\{F76B84C4-979C-40C3-8B9C-C9823097EF49}\\WpadDecisionTime"
          ],
          "read_keys": [
            "HKEY_LOCAL_MACHINE\\SOFTWARE\\Classes\\Wow6432Node\\Interface\\{8A40A45D-055C-4B62-ABD7-6D613E2CEAEC}\\ProxyStubClsid32\\(Default)",
            "HKEY_CURRENT_USER\\Software\\Microsoft\\Windows\\CurrentVersion\\Internet Settings\\Wpad\\WpadLastNetwork"
          ]
        }
      }
    }
  ],
  [
    {
      "behavior": {
        "summary": {
          "read_files": [
            "C:\\Users\\comp\\AppData\\Roaming\\Microsoft\\Network\\Connections\\Pbk\\_hiddenPbk\\rasphone.pbk"
          ],
          "write_keys": [
            "HKEY_CURRENT_USER\\Software\\Microsoft\\Windows\\CurrentVersion\\Internet Settings\\Wpad\\{1BD56EEB-5FA0-48A2-B28D-F06E6A8E236B}\\WpadDecisionReason"
          ],
          "read_keys": [
            "HKEY_CURRENT_USER\\Software\\Microsoft\\Windows\\CurrentVersion\\Explorer\\MountPoints2\\CPC\\Volume\\{5f0c3476-f160-11ea-9f0e-806e6f6e6963}\\Data"
          ]
        }
      }
    }
  ],
  [
    {
      "behavior": {
        "summary": {
          "write_files": [
            "C:\\Users\\comp\\AppData\\Local\\ifsutilx\\KBDWOL.exe"
          ],
          "resolved_apis": [
            "ole32.dll.CoRevokeInitializeSpy"
          ],
          "read_keys": [
            "HKEY_CURRENT_USER\\Software\\Microsoft\\Windows\\CurrentVersion\\Explorer\\MountPoints2\\CPC\\Volume\\{5f0c3475-f160-11ea-9f0e-806e6f6e6963}\\Data",
            "HKEY_CURRENT_USER\\Software\\Microsoft\\Windows\\CurrentVersion\\Explorer\\Advanced\\NoNetCrawling",
            "HKEY_LOCAL_MACHINE\\SOFTWARE\\Classes\\CLSID\\{7007ACC7-3202-11D1-AAD2-00805FC1270E}\\ShellFolder\\RestrictedAttributes"
          ]
        }
      }
    }
  ],
  [
    {
      "behavior": {
        "summary": {
          "delete_files": [
            "C:\\Users\\comp\\AppData\\Local\\WSManHTTPConfig\\rasctrs.exe"
          ],
          "keys": [
            "HKEY_CURRENT_USER\\Software\\Microsoft\\Windows\\CurrentVersion\\Internet Settings\\Zones\\4\\1806"
          ],
          "write_keys": [
            "HKEY_CURRENT_USER\\Software\\Microsoft\\Windows\\CurrentVersion\\Action Center\\Checks\\{C8E6F269-B90A-4053-A3BE-499AFCEC98C4}.check.0\\CheckSetting"
          ],
          "read_keys": [
            "HKEY_LOCAL_MACHINE\\SOFTWARE\\Classes\\CLSID\\{7007ACC7-3202-11D1-AAD2-00805FC1270E}\\ShellFolder\\MapNetDriveVerbs"
          ]
        }
      }
    }
  ],
  [
    {
      "behavior": {
        "summary": {
          "delete_files": [
            "C:\\Users\\comp\\AppData\\Local\\Temp\\6011c76680c1c35bf525.exe"
          ],
          "keys": [
            "HKEY_CURRENT_USER\\Software\\Microsoft\\Windows\\CurrentVersion\\Explorer\\Advanced\\HideIcons"
          ],
          "write_keys": [
            "HKEY_CURRENT_USER\\Software\\Microsoft\\Windows\\CurrentVersion\\Action Center\\Checks\\{C8E6F269-B90A-4053-A3BE-499AFCEC98C4}.check.0\\CheckSetting"
          ],
          "read_keys": [
            "HKEY_LOCAL_MACHINE\\SOFTWARE\\Classes\\Interface\\{B722BCCB-4E68-101B-A2BC-00AA00404770}\\ProxyStubClsid32\\(Default)"
          ]
        }
      }
    }
  ],
  [
    {
      "behavior": {
        "summary": {
          "executed_commands": [
            "\"C:\\Users\\comp\\AppData\\Local\\grpconv\\nddeapi.exe\""
          ],
          "write_files": [
            "C:\\Users\\comp\\AppData\\Local\\usp10\\sqmapi.exe"
          ],
          "delete_files": [
            "C:\\Users\\comp\\AppData\\Local\\usp10\\sqmapi.exe"
          ],
          "resolved_apis": [
            "propsys.dll.PSCreatePropertyStoreFromObject"
          ],
          "read_files": [
            "C:\\Users\\comp\\AppData\\Local\\Temp\\d15f37cf341085147c65.exe"
          ],
          "keys": [
            "HKEY_LOCAL_MACHINE\\SOFTWARE\\Classes\\exefile\\DocObject",
            "HKEY_CURRENT_USER\\Software\\Policies\\Microsoft\\Windows\\CurrentVersion\\Internet Settings\\Zones\\4"
          ],
          "write_keys": [
            "HKEY_CURRENT_USER\\Software\\Microsoft\\Windows\\CurrentVersion\\Action Center\\Checks\\{C8E6F269-B90A-4053-A3BE-499AFCEC98C4}.check.0\\CheckSetting"
          ],
          "read_keys": [
            "HKEY_LOCAL_MACHINE\\SOFTWARE\\Classes\\CLSID\\{7007ACC7-3202-11D1-AAD2-00805FC1270E}\\ShellFolder\\HideOnDesktopPerUser",
            "HKEY_CURRENT_USER\\Software\\Microsoft\\Windows\\CurrentVersion\\Action Center\\Providers\\EventLog\\{DAB69A6A-4D2A-4D44-94BF-E0091898C881}\\LastKnownState"
          ]
        }
      }
    }
  ],
  [
    {
      "behavior": {
        "summary": {
          "executed_commands": [
            "\"C:\\Users\\comp\\AppData\\Local\\Temp\\70337774.bat\"",
            "C:\\Users\\comp\\AppData\\Local\\Temp\\70337774.bat "
          ],
          "resolved_apis": [
            "kernel32.dll.GetFileTime"
          ],
          "read_files": [
            "C:\\Users\\comp\\Desktop\\7763-7021-25711.exe"
          ],
          "keys": [
            "HKEY_LOCAL_MACHINE\\SOFTWARE\\Classes\\Wow6432Node\\CLSID\\{B196B286-BAB4-101A-B69C-00AA00341D07}\\InprocHandler32",
            "HKEY_CURRENT_USER\\Software\\Microsoft\\Windows\\CurrentVersion\\Internet Settings\\Wpad\\{1BD56EEB-5FA0-48A2-B28D-F06E6A8E236B}\\WpadDecisionTime",
            "HKEY_LOCAL_MACHINE\\SOFTWARE\\Microsoft\\Windows\\CurrentVersion\\ShellCompatibility\\Applications\\JNEwqQ.exe"
          ],
          "mutexes": [
            "IESQMMUTEX_0_208"
          ],
          "write_keys": [
            "HKEY_CURRENT_USER\\Software\\Microsoft\\Windows\\CurrentVersion\\Internet Settings\\Wpad\\{1BD56EEB-5FA0-48A2-B28D-F06E6A8E236B}\\WpadDecisionReason"
          ],
          "read_keys": [
            "HKEY_LOCAL_MACHINE\\SOFTWARE\\Classes\\Wow6432Node\\Interface\\{8A40A45D-055C-4B62-ABD7-6D613E2CEAEC}\\ProxyStubClsid32\\(Default)",
            "HKEY_LOCAL_MACHINE\\SOFTWARE\\Wow6432Node\\Microsoft\\Tracing\\JNEwqQ_RASAPI32\\FileDirectory"
          ]
        }
      }
    }
  ],
  [
    {
      "behavior": {
        "summary": {
          "executed_commands": [
            "\"C:\\Users\\comp\\AppData\\Local\\qedwipes\\ieakui.exe\""
          ],
          "write_files": [
            "C:\\Users\\comp\\AppData\\Local\\imm32\\netsh.exe"
          ],
          "resolved_apis": [
            "comctl32.dll.HIMAGELIST_QueryInterface"
          ],
          "read_files": [
            "C:\\Windows\\WindowsShell.Manifest"
          ],
          "keys": [
            "HKEY_CURRENT_USER\\Software\\Microsoft\\Windows\\CurrentVersion\\Action Center\\Checks\\{E8433B72-5842-4d43-8645-BC2C35960837}.check.106"
          ],
          "write_keys": [
            "HKEY_CURRENT_USER\\Software\\Microsoft\\Windows\\CurrentVersion\\Action Center\\Checks\\{C8E6F269-B90A-4053-A3BE-499AFCEC98C4}.check.0\\CheckSetting"
          ]
        }
      }
    }
  ],
  [
    {
      "behavior": {
        "summary": {
          "executed_commands": [
            "\"C:\\Users\\comp\\AppData\\Local\\Temp\\f4369bd3bcd98f957248.exe\""
          ],
          "resolved_apis": [
            "ntdll.dll.NtGetCurrentProcessorNumber"
          ],
          "read_files": [
            "C:\\Windows\\Microsoft.NET\\Framework\\v2.0.50727\\Culture.dll"
          ],
          "keys": [
            "HKEY_LOCAL_MACHINE\\SOFTWARE\\MICROSOFT\\Fusion\\NativeImagesIndex\\v2.0.50727_32\\IL\\f6e8397\\3e045c21\\8f\\LastModTime"
          ],
          "mutexes": [
            "Global\\.net clr networking"
          ],
          "read_keys": [
            "HKEY_LOCAL_MACHINE\\SOFTWARE\\MICROSOFT\\Fusion\\NativeImagesIndex\\v2.0.50727_32\\NI\\1c22df2f\\4f99a7c9\\6a\\MissingDependencies"
          ]
        }
      }
    }
  ],
  [
    {
      "behavior": {
        "summary": {
          "write_files": [
            "\\Device\\KsecDD"
          ],
          "delete_files": [
            "C:\\Users\\comp\\AppData\\Local\\Temp\\log6FA2.tmp"
          ],
          "resolved_apis": [
            "ole32.dll.CoCreateInstance"
          ],
          "read_files": [
            "\\Device\\KsecDD"
          ],
          "keys": [
            "HKEY_LOCAL_MACHINE\\SOFTWARE\\MICROSOFT\\Rpc\\Extensions\\RemoteRpcDll"
          ],
          "read_keys": [
            "HKEY_LOCAL_MACHINE\\SOFTWARE\\Classes\\Wow6432Node\\CLSID\\{3E5FC7F9-9A51-4367-9063-A120244FBEC7}\\(Default)"
          ]
        }
      }
    }
  ],
  [
    {
      "behavior": {
        "summary": {
          "resolved_apis": [
            "kernel32.dll.LoadLibraryA"
          ],
          "read_files": [
            "C:\\Users\\comp\\AppData\\Roaming\\Microsoft\\Network\\Connections\\Pbk\\_hiddenPbk\\rasphone.pbk"
          ],
          "keys": [
            "HKEY_CURRENT_USER\\Software\\Microsoft\\Windows\\CurrentVersion\\Internet Settings\\Wpad\\{1BD56EEB-5FA0-48A2-B28D-F06E6A8E236B}\\WpadNetworkName"
          ],
          "mutexes": [
            "UFC2C88E-B72D679B-BC855F8C-B62522C7-27588002B"
          ],
          "write_keys": [
            "HKEY_CURRENT_USER\\Software\\Microsoft\\Windows\\CurrentVersion\\Internet Settings\\Wpad\\{1BD56EEB-5FA0-48A2-B28D-F06E6A8E236B}\\WpadDecisionReason"
          ],
          "read_keys": [
            "HKEY_LOCAL_MACHINE\\SOFTWARE\\Wow6432Node\\Microsoft\\Windows NT\\CurrentVersion\\ProductName"
          ]
        }
      }
    }
  ],
  [
    {
      "behavior": {
        "summary": {
          "resolved_apis": [
            "kernel32.dll.GetUserDefaultUILanguage",
            "gdi32.dll.GetFontAssocStatus"
          ],
          "read_files": [
            "C:\\Users\\comp\\AppData\\Local\\Temp\\fba34c7dafedbf6ebaa4.exe.config",
            "C:\\Windows\\Fonts\\staticcache.dat"
          ],
          "keys": [
            "HKEY_CURRENT_USER\\Software\\Microsoft\\.NETFramework\\Policy\\Upgrades"
          ]
        }
      }
    }
  ],
  [
    {
      "behavior": {
        "summary": {
          "files": [
            "C:\\Windows\\Microsoft.NET\\Framework\\v2.0.50727\\fusion.localgac"
          ],
          "read_files": [
            "C:\\Windows\\Microsoft.NET\\Framework\\v2.0.50727\\CONFIG\\enterprisesec.config"
          ],
          "keys": [
            "HKEY_LOCAL_MACHINE\\SOFTWARE\\Policies\\Microsoft\\Windows\\Windows Error Reporting\\DontSendAdditionalData"
          ],
          "mutexes": [
            "Global\\76cd8071-3abe-11eb-a824-4e7c77f3845b"
          ],
          "read_keys": [
            "HKEY_LOCAL_MACHINE\\SOFTWARE\\Microsoft\\Fusion\\PublisherPolicy\\Default\\Latest",
            "HKEY_LOCAL_MACHINE\\SOFTWARE\\Microsoft\\Fusion\\NativeImagesIndex\\v2.0.50727_32\\IL\\3ced59c5\\3dc46903\\9c\\DisplayName",
            "HKEY_CURRENT_USER\\Software\\Microsoft\\Windows\\Windows Error Reporting\\ForceQueue"
          ]
        }
      }
    }
  ],
  [
    {
      "behavior": {
        "summary": {
          "resolved_apis": [
            "oleaut32.dll.#286"
          ],
          "read_files": [
            "C:\\Windows\\System32\\en-US\\tzres.dll.mui"
          ],
          "mutexes": [
            "Global\\.net clr networking"
          ]
        }
      }
    }
  ],
  [
    {
      "behavior": {
        "summary": {
          "read_files": [
            "C:\\Windows\\assembly\\NativeImages_v2.0.50727_32\\index1e1.dat"
          ],
          "keys": [
            "HKEY_LOCAL_MACHINE\\SOFTWARE\\Classes\\Installer\\Assemblies\\C:|Users|comp|AppData|Local|Temp|8987fe5728f9a2463b31.exe",
            "HKEY_LOCAL_MACHINE\\SOFTWARE\\Microsoft\\Windows\\Windows Error Reporting\\ForceQueue"
          ],
          "mutexes": [
            "Global\\97bb6ad3-4168-11eb-a9f9-124d6da3b739"
          ],
          "read_keys": [
            "HKEY_LOCAL_MACHINE\\SOFTWARE\\Policies\\Microsoft\\PCHealth\\ErrorReporting\\ForceQueueMode",
            "HKEY_CURRENT_USER\\Software\\Microsoft\\Windows\\Windows Error Reporting\\ForceQueue"
          ]
        }
      }
    }
  ],
  [
    {
      "behavior": {
        "summary": {
          "executed_commands": [
            "C:\\Windows\\system32\\cmd.exe /c \"\"C:\\Users\\comp\\AppData\\Local\\Temp\\69da577b.bat\" \""
          ],
          "delete_files": [
            "C:\\Users\\comp\\AppData\\Local\\Temp\\69da577b.bat"
          ],
          "resolved_apis": [
            "winhttp.dll.WinHttpCloseHandle",
            "kernel32.dll.GetModuleFileNameA"
          ],
          "files": [
            "C:\\tmp3mcdce7o\\bin\\loader.exe"
          ],
          "read_files": [
            "C:\\Users\\comp\\AppData\\Roaming\\Microsoft\\Network\\Connections\\Pbk\\_hiddenPbk\\rasphone.pbk"
          ],
          "keys": [
            "HKEY_CURRENT_USER\\Software\\Microsoft\\Windows\\CurrentVersion\\Internet Settings\\Wpad\\{EBDD93DF-7CC7-4631-B927-16D55DE80011}\\WpadDecisionTime",
            "HKEY_LOCAL_MACHINE\\SOFTWARE\\Wow6432Node\\Microsoft\\Tracing\\JNEwqQ_RASMANCS\\MaxFileSize"
          ],
          "write_keys": [
            "HKEY_CURRENT_USER\\Software\\Microsoft\\Windows\\CurrentVersion\\Internet Settings\\Wpad\\{EBDD93DF-7CC7-4631-B927-16D55DE80011}\\WpadDecisionReason"
          ],
          "read_keys": [
            "HKEY_CURRENT_USER\\Software\\Microsoft\\Windows\\CurrentVersion\\Internet Settings\\Wpad\\WpadLastNetwork"
          ]
        }
      }
    }
  ],
  [
    {
      "behavior": {
        "summary": {
          "write_files": [
            "C:\\Users\\comp\\AppData\\Roaming\\Microsoft\\Windows\\Cookies\\index.dat"
          ],
          "read_files": [
            "C:\\Users\\comp\\AppData\\Roaming\\Microsoft\\Network\\Connections\\Pbk\\_hiddenPbk\\rasphone.pbk"
          ]
        }
      }
    }
  ],
  [
    {
      "behavior": {
        "summary": {
          "resolved_apis": [
            "oleaut32.dll.VarParseNumFromStr",
            "ole32.dll.CoCreateInstanceEx"
          ],
          "files": [
            "C:\\Windows\\sysnative\\C_949.NLS",
            "C:\\Windows\\sysnative\\C_950.NLS"
          ],
          "mutexes": [
            "CicLoadWinStaWinSta0"
          ],
          "read_keys": [
            "HKEY_LOCAL_MACHINE\\SOFTWARE\\Wow6432Node\\Microsoft\\Windows\\Windows Error Reporting\\WMR\\Disable",
            "HKEY_LOCAL_MACHINE\\SYSTEM\\ControlSet001\\Control\\Nls\\CodePage\\950"
          ]
        }
      }
    }
  ],
  [
    {
      "behavior": {
        "summary": {
          "keys": [
            "HKEY_LOCAL_MACHINE\\SOFTWARE\\Microsoft\\Fusion\\PublisherPolicy\\Default\\policy.2.0.System.Web__b03f5f7f11d50a3a",
            "HKEY_CURRENT_USER\\Software\\Microsoft\\Windows\\Windows Error Reporting\\ForceQueue"
          ],
          "mutexes": [
            "Global\\CLR_CASOFF_MUTEX",
            "Global\\7cbc3a63-3abe-11eb-a824-4e7c77f3845b"
          ],
          "read_keys": [
            "HKEY_LOCAL_MACHINE\\SOFTWARE\\Wow6432Node\\Microsoft\\.NETFramework\\OnlyUseLatestCLR",
            "HKEY_LOCAL_MACHINE\\SOFTWARE\\Microsoft\\Fusion\\NativeImagesIndex\\v2.0.50727_32\\IL\\2b1a4e4\\23e7306f\\4b\\DisplayName"
          ]
        }
      }
    }
  ],
  [
    {
      "behavior": {
        "summary": {
          "read_files": [
            "C:\\Windows\\Fonts\\staticcache.dat"
          ],
          "keys": [
            "HKEY_CURRENT_USER\\Software\\Microsoft\\.NETFramework\\Policy\\Upgrades"
          ],
          "mutexes": [
            "CicLoadWinStaWinSta0"
          ],
          "read_keys": [
            "HKEY_LOCAL_MACHINE\\SOFTWARE\\Wow6432Node\\Microsoft\\.NETFramework\\InstallRoot",
            "HKEY_LOCAL_MACHINE\\SOFTWARE\\Wow6432Node\\Microsoft\\Windows\\Windows Error Reporting\\WMR\\Disable"
          ]
        }
      }
    }
  ],
  [
    {
      "behavior": {
        "summary": {
          "write_keys": [
            "HKEY_CURRENT_USER\\Software\\Microsoft\\Windows\\CurrentVersion\\Action Center\\Checks\\{C8E6F269-B90A-4053-A3BE-499AFCEC98C4}.check.0\\CheckSetting"
          ],
          "read_keys": [
            "HKEY_CURRENT_USER\\Software\\Microsoft\\Windows\\CurrentVersion\\Action Center\\Providers\\EventLog\\{945a8954-c147-4acd-923f-40c45405a658}\\LastKnownState"
          ]
        }
      }
    }
  ],
  [
    {
      "behavior": {
        "summary": {
          "read_files": [
            "C:\\Users\\comp\\AppData\\Local\\Temp\\fac7a4da80de5a4be0eb.exe"
          ],
          "keys": [
            "HKEY_LOCAL_MACHINE\\Software\\Microsoft\\.NETFramework\\Policy\\Upgrades"
          ],
          "mutexes": [
            "CicLoadWinStaWinSta0"
          ],
          "read_keys": [
            "HKEY_LOCAL_MACHINE\\SOFTWARE\\Wow6432Node\\Microsoft\\Windows\\Windows Error Reporting\\WMR\\Disable"
          ]
        }
      }
    }
  ],
  [
    {
      "behavior": {
        "summary": {
          "write_keys": [
            "HKEY_CURRENT_USER\\Software\\Microsoft\\Windows\\CurrentVersion\\Action Center\\Checks\\{C8E6F269-B90A-4053-A3BE-499AFCEC98C4}.check.0\\CheckSetting"
          ],
          "read_keys": [
            "HKEY_CURRENT_USER\\Software\\Microsoft\\Windows\\CurrentVersion\\Explorer\\Advanced\\SeparateProcess"
          ]
        }
      }
    }
  ],
  [
    {
      "behavior": {
        "summary": {
          "write_files": [
            "C:\\Users\\comp\\AppData\\Local\\WerFault\\cmcfg32.exe"
          ],
          "delete_files": [
            "C:\\Users\\comp\\AppData\\Local\\LocationApi\\dmsynth.exe"
          ],
          "keys": [
            "HKEY_LOCAL_MACHINE\\Software\\Policies\\Microsoft\\Windows\\CurrentVersion\\Internet Settings\\Zones\\0",
            "HKEY_CURRENT_USER\\Software\\Microsoft\\Windows\\CurrentVersion\\Action Center\\Checks\\{E8433B72-5842-4d43-8645-BC2C35960837}.check.103"
          ],
          "read_keys": [
            "HKEY_CURRENT_USER\\Software\\Microsoft\\Windows\\CurrentVersion\\Explorer\\Advanced\\NoNetCrawling",
            "HKEY_LOCAL_MACHINE\\SOFTWARE\\MICROSOFT\\WINDOWS NT\\CURRENTVERSION\\GRE_Initialize\\DisableMetaFiles",
            "HKEY_LOCAL_MACHINE\\SOFTWARE\\Classes\\CLSID\\{20D04FE0-3AEA-1069-A2D8-08002B30309D}\\System.HideOnDesktop",
            "HKEY_CURRENT_USER\\Software\\Microsoft\\Windows\\CurrentVersion\\Action Center\\Checks\\{DAB69A6A-4D2A-4D44-94BF-E0091898C881}.check.100\\CheckSetting"
          ]
        }
      }
    }
  ],
  [
    {
      "behavior": {
        "summary": {
          "resolved_apis": [
            "advapi32.dll.CryptExportKey"
          ],
          "files": [
            "C:\\Users"
          ],
          "read_files": [
            "C:\\Windows\\winsxs\\x86_microsoft.windows.c..-controls.resources_6595b64144ccf1df_6.0.7600.16385_en-us_581cd2bf5825dde9\\Comctl32.dll.mui"
          ],
          "keys": [
            "HKEY_LOCAL_MACHINE\\Software\\Microsoft\\.NETFramework",
            "HKEY_LOCAL_MACHINE\\SOFTWARE\\Microsoft\\Fusion\\DisableMSIPeek"
          ],
          "mutexes": [
            "Global\\df456086-3bf1-11eb-9104-7aaed4ab00fa"
          ],
          "read_keys": [
            "HKEY_LOCAL_MACHINE\\SOFTWARE\\Microsoft\\Windows\\Windows Error Reporting\\DontSendAdditionalData"
          ]
        }
      }
    }
  ],
  [
    {
      "behavior": {
        "summary": {
          "read_files": [
            "C:\\Users\\comp\\AppData\\Roaming\\Microsoft\\CLR Security Config\\v2.0.50727.312\\security.config"
          ],
          "keys": [
            "HKEY_LOCAL_MACHINE\\SOFTWARE\\Policies\\Microsoft\\Windows\\Windows Error Reporting\\ForceQueue"
          ],
          "mutexes": [
            "Global\\83c5e7f8-4167-11eb-9512-4e7c77f3845b"
          ],
          "read_keys": [
            "HKEY_LOCAL_MACHINE\\SOFTWARE\\Microsoft\\Fusion\\PublisherPolicy\\Default\\index4",
            "HKEY_LOCAL_MACHINE\\SOFTWARE\\Microsoft\\Fusion\\NativeImagesIndex\\v2.0.50727_32\\IL\\3ced59c5\\3dc46903\\9c\\DisplayName",
            "HKEY_CURRENT_USER\\Software\\Microsoft\\Windows\\Windows Error Reporting\\DontShowUI"
          ]
        }
      }
    }
  ],
  [
    {
      "behavior": {
        "summary": {
          "files": [
            "C:\\Users\\comp\\AppData\\Local\\DeviceCenter\\KBDFC.exe"
          ],
          "read_files": [
            "C:\\Windows\\SysWOW64\\shell32.dll"
          ],
          "keys": [
            "HKEY_LOCAL_MACHINE\\SOFTWARE\\Classes\\CLSID\\{A4A1A128-768F-41E0-BF75-E4FDDD701CBA}\\InprocHandler32",
            "HKEY_CURRENT_USER\\Software\\Microsoft\\Windows\\CurrentVersion\\App Paths\\dbnetlib.exe"
          ],
          "write_keys": [
            "HKEY_CURRENT_USER\\Software\\Microsoft\\Windows\\CurrentVersion\\Action Center\\Checks\\{C8E6F269-B90A-4053-A3BE-499AFCEC98C4}.check.0\\CheckSetting"
          ],
          "read_keys": [
            "HKEY_CURRENT_USER\\Software\\Microsoft\\Windows\\CurrentVersion\\Action Center\\ReNotifyCount"
          ]
        }
      }
    }
  ],
  [
    {
      "behavior": {
        "summary": {
          "keys": [
            "HKEY_CURRENT_USER\\Software\\Classes\\AppID\\276a602f80ffef482b33.exe"
          ],
          "mutexes": [
            "Global\\CLR_CASOFF_MUTEX"
          ],
          "read_keys": [
            "HKEY_LOCAL_MACHINE\\SOFTWARE\\MICROSOFT\\Fusion\\GACChangeNotification\\Default\\System.Drawing,2.0.0.0,,b03f5f7f11d50a3a,MSIL"
          ]
        }
      }
    }
  ],
  [
    {
      "behavior": {
        "summary": {
          "executed_commands": [
            "\"C:\\Users\\comp\\AppData\\Local\\Temp\\674501da.bat\"",
            "C:\\Users\\comp\\AppData\\Local\\Temp\\674501da.bat "
          ],
          "delete_files": [
            "C:\\Users\\comp\\AppData\\Local\\Temp\\674501da.bat"
          ],
          "resolved_apis": [
            "kernel32.dll.VirtualQuery",
            "kernel32.dll.SortGetHandle",
            "kernel32.dll.IsDebuggerPresent"
          ],
          "read_files": [
            "C:\\tmpgtkang3w\\bin\\psexec.exe"
          ],
          "keys": [
            "HKEY_CURRENT_USER\\Software\\Microsoft\\Windows\\CurrentVersion\\Internet Settings\\Wpad\\{3EF4DDC6-E53F-4DE5-9BA6-0D779182D71D}",
            "HKEY_LOCAL_MACHINE\\SOFTWARE\\Wow6432Node\\Microsoft\\Tracing\\JNEwqQ_RASAPI32\\EnableFileTracing"
          ],
          "mutexes": [
            "IESQMMUTEX_0_208"
          ],
          "write_keys": [
            "HKEY_CURRENT_USER\\Software\\Microsoft\\Windows\\CurrentVersion\\Internet Settings\\Wpad\\{3EF4DDC6-E53F-4DE5-9BA6-0D779182D71D}\\WpadDecisionTime"
          ],
          "read_keys": [
            "HKEY_LOCAL_MACHINE\\SOFTWARE\\Classes\\Wow6432Node\\Interface\\{8A40A45D-055C-4B62-ABD7-6D613E2CEAEC}\\ProxyStubClsid32\\(Default)",
            "HKEY_CURRENT_USER\\Software\\Microsoft\\Windows\\CurrentVersion\\Internet Settings\\Wpad\\WpadLastNetwork",
            "HKEY_CURRENT_USER\\Software\\Microsoft\\Command Processor\\EnableExtensions"
          ]
        }
      }
    }
  ],
  [
    {
      "behavior": {
        "summary": {
          "resolved_apis": [
            "kernel32.dll.GetUserDefaultUILanguage",
            "gdi32.dll.GetFontAssocStatus",
            "ole32.dll.CoRegisterInitializeSpy"
          ],
          "files": [
            "C:\\Users\\comp\\AppData\\Local\\Temp\\025088f7c1db9c5f9472.exe.config",
            "C:\\Windows\\System32\\mscorrc.dll"
          ],
          "read_files": [
            "C:\\Windows\\Fonts\\staticcache.dat"
          ],
          "keys": [
            "HKEY_LOCAL_MACHINE\\SOFTWARE\\Microsoft\\Windows NT\\CurrentVersion\\FontLink\\SystemLink"
          ],
          "mutexes": [
            "CicLoadWinStaWinSta0",
            "Local\\MSCTF.CtfMonitorInstMutexDefault1"
          ]
        }
      }
    }
  ],
  [
    {
      "behavior": {
        "summary": {
          "resolved_apis": [
            "ole32.dll.CoCreateInstance"
          ],
          "files": [
            "C:\\Users\\comp\\AppData\\Local\\Microsoft\\Windows\\Caches\\{AFBF9F1A-8EE8-4C77-AF34-C647E37CA0D9}.1.ver0x0000000000000003.db"
          ],
          "keys": [
            "HKEY_LOCAL_MACHINE\\SOFTWARE\\Classes\\CLSID\\{7007ACC7-3202-11D1-AAD2-00805FC1270E}\\ShellFolder\\WantsFORPARSING",
            "HKEY_CURRENT_USER\\Software\\Microsoft\\Windows\\CurrentVersion\\Internet Settings\\Wpad\\{1BD56EEB-5FA0-48A2-B28D-F06E6A8E236B}\\WpadDecisionReason"
          ],
          "write_keys": [
            "HKEY_CURRENT_USER\\Software\\Microsoft\\Windows\\CurrentVersion\\Internet Settings\\Wpad\\{1BD56EEB-5FA0-48A2-B28D-F06E6A8E236B}\\WpadNetworkName"
          ],
          "read_keys": [
            "HKEY_CURRENT_USER\\Software\\Microsoft\\Windows\\CurrentVersion\\Action Center\\Providers\\EventLog\\{DAB69A6A-4D2A-4D44-94BF-E0091898C881}\\LastKnownState",
            "HKEY_LOCAL_MACHINE\\SOFTWARE\\Classes\\Wow6432Node\\Interface\\{8A40A45D-055C-4B62-ABD7-6D613E2CEAEC}\\ProxyStubClsid32\\(Default)",
            "HKEY_LOCAL_MACHINE\\SOFTWARE\\Classes\\Wow6432Node\\Interface\\{2A1C9EB2-DF62-4154-B800-63278FCB8037}\\ProxyStubClsid32\\(Default)"
          ]
        }
      }
    }
  ],
  [
    {
      "behavior": {
        "summary": {
          "delete_files": [
            "C:\\Windows\\Microsoft.NET\\Framework\\v2.0.50727\\CONFIG\\enterprisesec.config.cch.2916.34825609",
            "C:\\Users\\comp\\AppData\\Roaming\\Microsoft\\CLR Security Config\\v2.0.50727.312\\security.config.cch.2916.34825640"
          ],
          "files": [
            "C:\\Windows\\assembly\\GAC_MSIL\\System.Configuration\\2.0.0.0__b03f5f7f11d50a3a\\System.Configuration.INI"
          ],
          "read_files": [
            "C:\\Windows\\System32\\dnsapi.dll"
          ],
          "keys": [
            "HKEY_LOCAL_MACHINE\\SOFTWARE\\Classes\\Wow6432Node\\CLSID\\{1B1CAD8C-2DAB-11D2-B604-00104B703EFD}\\InprocServer32\\InprocServer32",
            "HKEY_CURRENT_USER\\Software\\Classes\\Local Settings\\MuiCache\\5\\52C64B7E\\@%SystemRoot%\\system32\\tsgqec.dll,-100"
          ],
          "mutexes": [
            "Global\\CLR_CASOFF_MUTEX"
          ],
          "read_keys": [
            "HKEY_LOCAL_MACHINE\\SOFTWARE\\Classes\\Wow6432Node\\CLSID\\{1B1CAD8C-2DAB-11D2-B604-00104B703EFD}\\InprocServer32\\(Default)",
            "HKEY_LOCAL_MACHINE\\SOFTWARE\\MICROSOFT\\Fusion\\GACChangeNotification\\Default\\System.Data.SqlXml,2.0.0.0,,b77a5c561934e089,MSIL",
            "HKEY_LOCAL_MACHINE\\SYSTEM\\ControlSet001\\services\\napagent\\Qecs\\79617\\Description"
          ]
        }
      }
    }
  ],
  [
    {
      "behavior": {
        "summary": {
          "write_files": [
            "C:\\Users\\comp\\AppData\\Local\\Temp\\tmpG482.tmp"
          ],
          "delete_files": [
            "C:\\Users\\comp\\AppData\\Local\\Temp\\baa0b105bc19ddaf3c03.exe"
          ],
          "resolved_apis": [
            "wminet_utils.dll.SpawnInstance"
          ],
          "files": [
            "C:\\Windows\\winsxs\\x86_microsoft.vc80.crt_1fc8b3b9a1e18e3b_8.0.50727.4940_none_d08cc06a442b34fc\\msvcr80.dll",
            "C:\\Windows\\Microsoft.NET\\Framework\\v2.0.50727\\en-US\\mscorrc.dll"
          ],
          "read_files": [
            "\\Device\\KsecDD"
          ],
          "keys": [
            "HKEY_LOCAL_MACHINE\\SOFTWARE\\Classes\\Wow6432Node\\CLSID\\{1B1CAD8C-2DAB-11D2-B604-00104B703EFD}\\InprocServer32\\InprocServer32",
            "HKEY_LOCAL_MACHINE\\SYSTEM\\ControlSet001\\services\\Dnscache\\Parameters\\DnsTest"
          ],
          "mutexes": [
            "Global\\.net clr networking"
          ],
          "read_keys": [
            "HKEY_LOCAL_MACHINE\\SOFTWARE\\Microsoft\\Fusion\\NativeImagesIndex\\v2.0.50727_32\\NI\\1c22df2f\\4f99a7c9\\6a\\NIDependencies",
            "HKEY_LOCAL_MACHINE\\SOFTWARE\\Microsoft\\Fusion\\NativeImagesIndex\\v2.0.50727_32\\IL\\424bd4d8\\1c83327b\\a5\\LastModTime",
            "HKEY_LOCAL_MACHINE\\SOFTWARE\\Classes\\Wow6432Node\\CLSID\\{1B1CAD8C-2DAB-11D2-B604-00104B703EFD}\\(Default)",
            "HKEY_LOCAL_MACHINE\\SOFTWARE\\Wow6432Node\\Microsoft\\WBEM\\CIMOM\\EnableObjectValidation"
          ]
        }
      }
    }
  ],
  [
    {
      "behavior": {
        "summary": {
          "read_files": [
            "C:\\Users\\comp\\AppData\\Roaming\\Microsoft\\Network\\Connections\\Pbk\\_hiddenPbk\\rasphone.pbk"
          ],
          "read_keys": [
            "HKEY_CURRENT_USER\\Software\\Microsoft\\Windows\\CurrentVersion\\Internet Settings\\ProxyServer"
          ]
        }
      }
    }
  ],
  [
    {
      "behavior": {
        "summary": {
          "resolved_apis": [
            "advapi32.dll.RegCloseKey"
          ],
          "read_files": [
            "\\Device\\KsecDD"
          ],
          "keys": [
            "HKEY_LOCAL_MACHINE\\SOFTWARE\\Wow6432Node\\Microsoft\\Windows\\Windows Error Reporting\\WMR\\Disable"
          ],
          "read_keys": [
            "HKEY_LOCAL_MACHINE\\SOFTWARE\\Wow6432Node\\Microsoft\\.NETFramework\\InstallRoot",
            "HKEY_LOCAL_MACHINE\\SOFTWARE\\Wow6432Node\\Microsoft\\Windows\\Windows Error Reporting\\WMR\\Disable"
          ]
        }
      }
    }
  ],
  [
    {
      "behavior": {
        "summary": {
          "executed_commands": [
            "C:\\Users\\comp\\AppData\\Local\\Temp\\3d04240a.bat "
          ],
          "read_files": [
            "C:\\Users\\comp\\AppData\\Roaming\\Microsoft\\Network\\Connections\\Pbk\\_hiddenPbk\\rasphone.pbk"
          ],
          "keys": [
            "HKEY_CURRENT_USER\\Software\\Microsoft\\Windows\\CurrentVersion\\Internet Settings\\Wpad\\{6C84B9D3-0FFE-4DE9-B4B6-7F62141C2575}\\WpadNetworkName"
          ],
          "write_keys": [
            "HKEY_CURRENT_USER\\Software\\Microsoft\\Windows\\CurrentVersion\\Internet Settings\\Wpad\\{6C84B9D3-0FFE-4DE9-B4B6-7F62141C2575}\\WpadDecisionReason"
          ],
          "read_keys": [
            "HKEY_LOCAL_MACHINE\\SOFTWARE\\Classes\\Wow6432Node\\Interface\\{8A40A45D-055C-4B62-ABD7-6D613E2CEAEC}\\ProxyStubClsid32\\(Default)",
            "HKEY_CURRENT_USER\\Software\\Microsoft\\Windows\\CurrentVersion\\Internet Settings\\Wpad\\WpadLastNetwork"
          ]
        }
      }
    }
  ],
  [
    {
      "behavior": {
        "summary": {
          "resolved_apis": [
            "ole32.dll.CoCreateInstanceEx"
          ],
          "files": [
            "C:\\Windows\\sysnative\\C_936.NLS"
          ],
          "mutexes": [
            "CicLoadWinStaWinSta0"
          ],
          "read_keys": [
            "HKEY_LOCAL_MACHINE\\SYSTEM\\ControlSet001\\Control\\Nls\\CodePage\\949"
          ]
        }
      }
    }
  ],
  [
    {
      "behavior": {
        "summary": {
          "write_files": [
            "C:\\Users\\comp\\AppData\\Roaming\\1koylqky.ktv.zip"
          ],
          "delete_files": [
            "C:\\Users\\comp\\AppData\\Roaming\\1koylqky.ktv\\Firefox\\Profiles\\meg25bin.default-release"
          ],
          "resolved_apis": [
            "sxs.dll.SxsLookupClrGuid"
          ],
          "files": [
            "C:\\Windows\\assembly\\GAC_32\\mscorlib\\2.0.0.0__b77a5c561934e089\\oleaut32.dll"
          ],
          "mutexes": [
            "Global\\CLR_CASOFF_MUTEX"
          ],
          "read_keys": [
            "HKEY_LOCAL_MACHINE\\SOFTWARE\\Wow6432Node\\Microsoft\\.NETFramework\\CLRLoadLogDir",
            "HKEY_LOCAL_MACHINE\\SOFTWARE\\Microsoft\\Fusion\\NativeImagesIndex\\v2.0.50727_32\\IL\\3ced59c5\\3dc46903\\9c\\Status",
            "HKEY_LOCAL_MACHINE\\SOFTWARE\\Microsoft\\Fusion\\GACChangeNotification\\Default\\System.Windows.Forms,2.0.0.0,,b77a5c561934e089,MSIL",
            "HKEY_LOCAL_MACHINE\\SYSTEM\\ControlSet001\\services\\Tcpip\\Parameters\\Interfaces\\{846ee342-7039-11de-9d20-806e6f6e6963}\\DisableDynamicUpdate"
          ]
        }
      }
    }
  ],
  [
    {
      "behavior": {
        "summary": {
          "resolved_apis": [
            "ole32.dll.CoRegisterInitializeSpy"
          ],
          "read_files": [
            "C:\\Users\\comp\\AppData\\Roaming\\Microsoft\\Network\\Connections\\Pbk\\_hiddenPbk\\rasphone.pbk"
          ],
          "keys": [
            "HKEY_LOCAL_MACHINE\\system\\CurrentControlSet\\control\\NetworkProvider\\HwOrder",
            "HKEY_CLASSES_ROOT\\.exe\\OpenWithProgids",
            "HKEY_CURRENT_USER\\Software\\Microsoft\\Windows\\CurrentVersion\\Internet Settings\\Wpad\\{3858ED7C-C620-495E-AF00-789775272AB5}\\WpadDecisionReason"
          ],
          "mutexes": [
            "IESQMMUTEX_0_208"
          ],
          "write_keys": [
            "HKEY_CURRENT_USER\\Software\\Microsoft\\Windows\\CurrentVersion\\Internet Settings\\Wpad\\{3858ED7C-C620-495E-AF00-789775272AB5}\\WpadDecision"
          ],
          "read_keys": [
            "HKEY_LOCAL_MACHINE\\SOFTWARE\\Classes\\CLSID\\{7007ACC7-3202-11D1-AAD2-00805FC1270E}\\ShellFolder\\CallForAttributes",
            "HKEY_CURRENT_USER\\Software\\Microsoft\\Windows\\CurrentVersion\\Shell Extensions\\Cached\\{7007ACC7-3202-11D1-AAD2-00805FC1270E} {000214E6-0000-0000-C000-000000000046} 0xFFFF",
            "HKEY_CURRENT_USER\\Software\\Microsoft\\Windows\\CurrentVersion\\Action Center\\Checks\\{01979c6a-42fa-414c-b8aa-eee2c8202018}.check.101\\CheckSetting",
            "HKEY_LOCAL_MACHINE\\SOFTWARE\\Classes\\Wow6432Node\\Interface\\{8A40A45D-055C-4B62-ABD7-6D613E2CEAEC}\\ProxyStubClsid32\\(Default)",
            "HKEY_LOCAL_MACHINE\\SOFTWARE\\Classes\\Wow6432Node\\Interface\\{2A1C9EB2-DF62-4154-B800-63278FCB8037}\\ProxyStubClsid32\\(Default)"
          ]
        }
      }
    }
  ],
  [
    {
      "behavior": {
        "summary": {
          "resolved_apis": [
            "comctl32.dll.CCGetScrollInfo"
          ],
          "files": [
            "C:\\Users\\comp\\AppData\\Local\\whoami\\SyncHostps.exe.Local\\"
          ],
          "read_files": [
            "C:\\Users\\comp\\AppData\\Roaming\\Microsoft\\Network\\Connections\\Pbk\\_hiddenPbk\\rasphone.pbk"
          ],
          "keys": [
            "HKEY_CURRENT_USER\\Software\\Microsoft\\Windows\\CurrentVersion\\Internet Settings\\Wpad\\{0D47AFA6-B826-4DBC-AFE4-7001BB15CBDB}\\WpadNetworkName"
          ],
          "write_keys": [
            "HKEY_CURRENT_USER\\Software\\Microsoft\\Windows\\CurrentVersion\\Internet Settings\\Wpad\\{0D47AFA6-B826-4DBC-AFE4-7001BB15CBDB}\\WpadDecisionReason"
          ],
          "read_keys": [
            "HKEY_CURRENT_USER\\Software\\Microsoft\\Windows\\CurrentVersion\\Explorer\\Advanced\\Filter",
            "HKEY_LOCAL_MACHINE\\SOFTWARE\\Classes\\Wow6432Node\\Interface\\{2A1C9EB2-DF62-4154-B800-63278FCB8037}\\ProxyStubClsid32\\(Default)"
          ]
        }
      }
    }
  ],
  [
    {
      "behavior": {
        "summary": {
          "delete_files": [
            "C:\\Users\\comp\\AppData\\Local\\Temp\\42856ee2d8599b42d168.exe"
          ],
          "read_files": [
            "C:\\Users\\comp\\AppData\\Roaming\\BF783B\\BCDB0B.lck"
          ]
        }
      }
    }
  ],
  [
    {
      "behavior": {
        "summary": {
          "delete_files": [
            "C:\\Windows\\Microsoft.NET\\Framework\\v2.0.50727\\CONFIG\\enterprisesec.config.cch.2932.30024890",
            "C:\\Users\\comp\\AppData\\Roaming\\Microsoft\\CLR Security Config\\v2.0.50727.312\\security.config.cch.2932.30024921"
          ],
          "resolved_apis": [
            "kernel32.dll.GetCurrentProcess",
            "gdi32.dll.GdiRealizationInfo",
            "cryptsp.dll.CryptDestroyKey",
            "ole32.dll.CoGetMarshalSizeMax"
          ],
          "files": [
            "C:\\Windows\\winsxs\\x86_microsoft.vc80.crt_1fc8b3b9a1e18e3b_8.0.50727.4940_none_d08cc06a442b34fc",
            "C:\\Windows\\Microsoft.NET\\Framework\\v2.0.50727\\CONFIG\\security.config.cch.2932.30024890"
          ],
          "read_files": [
            "C:\\Users\\comp\\AppData\\Local\\Temp\\2df514e021d7b92b4c12.exe"
          ],
          "keys": [
            "HKEY_LOCAL_MACHINE\\SOFTWARE\\Wow6432Node\\Microsoft\\.NETFramework\\Policy\\AppPatch",
            "HKEY_LOCAL_MACHINE\\SOFTWARE\\Microsoft\\Windows NT\\CurrentVersion\\Image File Execution Options\\DevOverrideEnable",
            "HKEY_LOCAL_MACHINE\\SOFTWARE\\Microsoft\\Windows NT\\CurrentVersion\\LanguagePack\\DataStore_V1.0"
          ],
          "mutexes": [
            "Global\\CLR_CASOFF_MUTEX",
            "nzXUQhCzupjQoqYjPljDVTDb"
          ],
          "read_keys": [
            "HKEY_LOCAL_MACHINE\\SOFTWARE\\Wow6432Node\\Microsoft\\.NETFramework\\OnlyUseLatestCLR",
            "HKEY_LOCAL_MACHINE\\SOFTWARE\\Microsoft\\Fusion\\PublisherPolicy\\Default\\index4",
            "HKEY_LOCAL_MACHINE\\SOFTWARE\\Microsoft\\Fusion\\NativeImagesIndex\\v2.0.50727_32\\NI\\1c22df2f\\4f99a7c9\\6a\\MissingDependencies",
            "HKEY_LOCAL_MACHINE\\SOFTWARE\\Microsoft\\OLE\\AppCompat\\RaiseDefaultAuthnLevel"
          ]
        }
      }
    }
  ],
  [
    {
      "behavior": {
        "summary": {
          "executed_commands": [
            "\"C:\\Users\\comp\\AppData\\Local\\Temp\\b0d360976e94a2c0da9e.exe\""
          ],
          "resolved_apis": [
            "ole32.dll.CoGetClassObject"
          ],
          "mutexes": [
            "Global\\.net clr networking"
          ],
          "read_keys": [
            "HKEY_LOCAL_MACHINE\\SOFTWARE\\Wow6432Node\\Microsoft\\.NETFramework\\GCStressStartAtJit",
            "HKEY_LOCAL_MACHINE\\SOFTWARE\\Microsoft\\Fusion\\NativeImagesIndex\\v2.0.50727_32\\NI\\6f06001f\\475dce40\\1c\\ConfigString"
          ]
        }
      }
    }
  ],
  [
    {
      "behavior": {
        "summary": {
          "read_files": [
            "C:\\Users\\comp\\Desktop\\18218-10663-22098.exe"
          ],
          "keys": [
            "HKEY_LOCAL_MACHINE\\SYSTEM\\ControlSet001\\Control\\Nls\\Sorting\\Versions\\00060101.00060101",
            "HKEY_CURRENT_USER\\Software\\Microsoft\\Windows\\CurrentVersion\\Internet Settings\\Wpad\\{6A0A1C62-ED12-4D8F-A743-28920CC79237}\\WpadDecision",
            "HKEY_CURRENT_USER\\Software\\Microsoft\\Windows\\CurrentVersion\\Explorer\\MountPoints2\\CPC\\Volume\\{5f0c3475-f160-11ea-9f0e-806e6f6e6963}\\Data"
          ],
          "mutexes": [
            "IESQMMUTEX_0_208"
          ],
          "write_keys": [
            "HKEY_CURRENT_USER\\Software\\Microsoft\\Windows\\CurrentVersion\\Internet Settings\\Wpad\\{6A0A1C62-ED12-4D8F-A743-28920CC79237}\\WpadDecision"
          ],
          "read_keys": [
            "HKEY_LOCAL_MACHINE\\SOFTWARE\\Classes\\Wow6432Node\\Interface\\{8A40A45D-055C-4B62-ABD7-6D613E2CEAEC}\\ProxyStubClsid32\\(Default)",
            "HKEY_CURRENT_USER\\Software\\Microsoft\\Windows\\CurrentVersion\\Internet Settings\\AutoProxyDetectType",
            "HKEY_LOCAL_MACHINE\\SOFTWARE\\Wow6432Node\\Microsoft\\Tracing\\JNEwqQ_RASAPI32\\FileTracingMask"
          ]
        }
      }
    }
  ],
  [
    {
      "behavior": {
        "summary": {
          "delete_files": [
            "C:\\Users\\comp\\AppData\\Local\\MuiUnattend\\perfhost.exe:Zone.Identifier"
          ],
          "files": [
            "C:\\Users\\comp\\AppData\\Local\\MuiUnattend\\perfhost.exe:Zone.Identifier"
          ],
          "read_files": [
            "C:\\Windows\\sysnative\\timedate.cpl.3.Manifest"
          ],
          "keys": [
            "HKEY_LOCAL_MACHINE\\SOFTWARE\\Classes\\CLSID\\{7007ACC7-3202-11D1-AAD2-00805FC1270E}\\SortOrderIndex",
            "HKEY_CURRENT_USER\\Software\\Microsoft\\Windows\\CurrentVersion\\Action Center\\Checks\\{E8433B72-5842-4d43-8645-BC2C35960837}.check.101\\CheckSetting",
            "HKEY_CURRENT_USER\\Software\\Microsoft\\Windows\\CurrentVersion\\Internet Settings\\Wpad\\{7A88E0A6-3E28-4435-B7F6-CF6C06D28E17}\\WpadNetworkName"
          ],
          "write_keys": [
            "HKEY_CURRENT_USER\\Software\\Microsoft\\Windows\\CurrentVersion\\Internet Settings\\Wpad\\{7A88E0A6-3E28-4435-B7F6-CF6C06D28E17}\\WpadDecision"
          ],
          "read_keys": [
            "HKEY_LOCAL_MACHINE\\SOFTWARE\\Classes\\Wow6432Node\\CLSID\\{20D04FE0-3AEA-1069-A2D8-08002B30309D}\\ShellFolder\\RestrictedAttributes",
            "HKEY_CURRENT_USER\\Software\\Microsoft\\Windows\\CurrentVersion\\Explorer\\Advanced\\HideIcons",
            "HKEY_CURRENT_USER\\Software\\Microsoft\\Windows\\CurrentVersion\\Explorer\\Advanced\\ShowTypeOverlay",
            "HKEY_LOCAL_MACHINE\\SOFTWARE\\Microsoft\\Windows\\CurrentVersion\\Internet Settings\\Zones\\1\\1000",
            "HKEY_CURRENT_USER\\Software\\Microsoft\\Windows\\CurrentVersion\\Action Center\\Providers\\EventLog\\{945a8954-c147-4acd-923f-40c45405a658}\\LastKnownState",
            "HKEY_LOCAL_MACHINE\\SOFTWARE\\Classes\\Wow6432Node\\Interface\\{2A1C9EB2-DF62-4154-B800-63278FCB8037}\\ProxyStubClsid32\\(Default)",
            "HKEY_CURRENT_USER\\Software\\Microsoft\\Windows\\CurrentVersion\\Internet Settings\\Wpad\\WpadLastNetwork",
            "HKEY_LOCAL_MACHINE\\SOFTWARE\\Wow6432Node\\Microsoft\\Tracing\\perfhost_RASAPI32\\EnableConsoleTracing"
          ]
        }
      }
    }
  ],
  [
    {
      "behavior": {
        "summary": {
          "write_files": [
            "\\Device\\Http\\Communication"
          ],
          "delete_files": [
            "C:\\Users\\comp\\AppData\\Roaming\\Microsoft\\CLR Security Config\\v2.0.50727.312\\security.config.cch.2932.1224281"
          ],
          "resolved_apis": [
            "kernel32.dll.RemoveVectoredContinueHandler",
            "kernel32.dll.GetUserDefaultUILanguage",
            "kernel32.dll.CreatePipe"
          ],
          "read_files": [
            "C:\\Windows\\Microsoft.NET\\Framework\\v2.0.50727\\mscorjit.dll"
          ],
          "keys": [
            "HKEY_LOCAL_MACHINE\\SOFTWARE\\Classes\\Wow6432Node\\Interface\\{423EC01E-2E35-11D2-B604-00104B703EFD}\\ProxyStubClsid32",
            "HKEY_CURRENT_USER\\Software\\Classes\\Local Settings\\MuiCache\\5\\52C64B7E\\@%SystemRoot%\\system32\\tsgqec.dll,-100"
          ],
          "mutexes": [
            "Global\\.net clr networking"
          ],
          "read_keys": [
            "HKEY_LOCAL_MACHINE\\SOFTWARE\\Microsoft\\Fusion\\NativeImagesIndex\\v2.0.50727_32\\IL\\19ab8d57\\c91dbb2\\a6\\LastModTime"
          ]
        }
      }
    }
  ],
  [
    {
      "behavior": {
        "summary": {
          "delete_files": [
            "C:\\Windows\\Microsoft.NET\\Framework\\v2.0.50727\\CONFIG\\enterprisesec.config.cch.3000.10848656"
          ],
          "read_files": [
            "C:\\Users\\comp\\AppData\\Local\\Google\\Chrome\\User Data\\Local State"
          ],
          "mutexes": [
            "Global\\.net clr networking"
          ]
        }
      }
    }
  ],
  [
    {
      "behavior": {
        "summary": {
          "resolved_apis": [
            "ole32.dll.CoCreateInstanceEx",
            "ole32.dll.CoReleaseServerProcess"
          ],
          "read_files": [
            "C:\\Windows\\WindowsShell.Manifest"
          ],
          "keys": [
            "HKEY_LOCAL_MACHINE\\Software\\Microsoft\\Windows\\Windows Error Reporting\\WMR",
            "HKEY_CURRENT_USER\\Software\\Borland\\Delphi\\Locales"
          ],
          "mutexes": [
            "CicLoadWinStaWinSta0"
          ],
          "read_keys": [
            "HKEY_LOCAL_MACHINE\\SOFTWARE\\Wow6432Node\\Microsoft\\Windows\\CurrentVersion\\DevicePath"
          ]
        }
      }
    }
  ],
  [
    {
      "behavior": {
        "summary": {
          "resolved_apis": [
            "kernel32.dll.GetUserDefaultUILanguage",
            "ole32.dll.CoInitializeEx"
          ],
          "keys": [
            "HKEY_CURRENT_USER\\Software\\Microsoft\\.NETFramework\\Policy\\Upgrades"
          ],
          "mutexes": [
            "CicLoadWinStaWinSta0"
          ],
          "read_keys": [
            "HKEY_LOCAL_MACHINE\\SOFTWARE\\Wow6432Node\\Microsoft\\.NETFramework\\InstallRoot"
          ]
        }
      }
    }
  ]
]
