[
  [
    {
      "behavior": {
        "summary": {
          "write_files": [
            "C:\\Users\\comp\\AppData\\Local\\Temp\\tmp9412.tmp"
          ],
          "delete_files": [
            "C:\\Windows\\Microsoft.NET\\Framework\\v2.0.50727\\CONFIG\\security.config.cch.2976.27626078"
          ],
          "resolved_apis": [
            "advapi32.dll.ConvertSidToStringSidW",
            "kernel32.dll.GetProcAddress",
            "wminet_utils.dll.GetQualifierSet"
          ],
          "files": [
            "C:\\Users\\comp\\AppData\\Local\\Temp\\en\\Lazarus.resources\\Lazarus.resources.exe",
            "C:\\Users\\comp\\AppData\\Local\\Tencent\\QQBrowser\\User Data\\Default\\EncryptedStorage"
          ],
          "keys": [
            "HKEY_LOCAL_MACHINE\\SOFTWARE\\Classes\\Wow6432Node\\Interface\\{9556DC99-828C-11CF-A37E-00AA003240C7}\\ProxyStubClsid32\\(Default)",
            "HKEY_LOCAL_MACHINE\\SYSTEM\\ControlSet001\\services\\Tcpip\\Parameters\\Interfaces\\{3DF8548A-CA81-417C-AD72-445187C06A79}\\DisableAdapterDomainName",
            "HKEY_LOCAL_MACHINE\\SYSTEM\\ControlSet001\\services\\Tcpip\\Parameters\\Interfaces\\{3DF8548A-CA81-417C-AD72-445187C06A79}\\MaxNumberOfAddressesToRegister",
            "HKEY_CURRENT_USER\\Software\\Microsoft\\Office\\16.0\\Outlook\\Profiles\\Outlook\\9375CFF0413111d3B88A00104B2A6676",
            "HKEY_CURRENT_USER\\Software\\RimArts\\B2\\Settings"
          ],
          "mutexes": [
            "Global\\CLR_CASOFF_MUTEX",
            "Global\\.net clr networking"
          ],
          "write_keys": [
            "HKEY_LOCAL_MACHINE\\SOFTWARE\\Wow6432Node\\Microsoft\\Tracing\\767e18bdba1b16f112fa_RASAPI32\\EnableConsoleTracing"
          ],
          "read_keys": [
            "HKEY_LOCAL_MACHINE\\SOFTWARE\\Microsoft\\Windows NT\\CurrentVersion\\LanguagePack\\SurrogateFallback\\Plane15",
            "HKEY_LOCAL_MACHINE\\SOFTWARE\\Microsoft\\Fusion\\NativeImagesIndex\\v2.0.50727_32\\IL\\f6e8397\\3e045c21\\8f\\LastModTime",
            "HKEY_LOCAL_MACHINE\\SYSTEM\\ControlSet001\\services\\Tcpip\\Parameters\\DisableWanDynamicUpdate"
          ]
        }
      }
    }
  ],
  [
    {
      "behavior": {
        "summary": {
          "write_files": [
            "\\Device\\Http\\Communication"
          ],
          "delete_files": [
            "C:\\Windows\\Microsoft.NET\\Framework\\v2.0.50727\\CONFIG\\security.config.cch.2932.12024796"
          ],
          "resolved_apis": [
            "kernel32.dll.CreateProcessA",
            "wminet_utils.dll.CompareTo"
          ],
          "files": [
            "C:\\Windows\\winsxs\\x86_microsoft.vc80.crt_1fc8b3b9a1e18e3b_8.0.50727.4940_none_d08cc06a442b34fc"
          ],
          "keys": [
            "HKEY_CURRENT_USER\\Software\\Microsoft\\Installer\\Assemblies\\C:|Users|comp|AppData|Local|Temp|7aa143c3f67105e841d5.exe",
            "HKEY_LOCAL_MACHINE\\SOFTWARE\\Classes\\Wow6432Node\\Interface\\{1C1C45EE-4395-11D2-B60B-00104B703EFD}\\ProxyStubClsid32\\(Default)"
          ],
          "write_keys": [
            "HKEY_CURRENT_USER\\Software\\Classes\\Local Settings\\MuiCache\\5\\52C64B7E\\@%SystemRoot%\\system32\\napipsec.dll,-2"
          ],
          "read_keys": [
            "HKEY_LOCAL_MACHINE\\SOFTWARE\\Microsoft\\SQMClient\\Windows\\DisabledProcesses\\F6C4EC9A",
            "HKEY_LOCAL_MACHINE\\SOFTWARE\\Microsoft\\Windows NT\\CurrentVersion\\PeerDist\\Service\\Enable"
          ]
        }
      }
    }
  ],
  [
    {
      "behavior": {
        "summary": {
          "executed_commands": [
            "\"C:\\Users\\comp\\AppData\\Local\\Temp\\a95bb180b0d9bb5f2a3b.exe\""
          ],
          "delete_files": [
            "C:\\Users\\comp\\AppData\\Roaming\\Microsoft\\CLR Security Config\\v2.0.50727.312\\security.config.cch.2656.32425734"
          ],
          "resolved_apis": [
            "gdi32.dll.GetStockObject",
            "bcrypt.dll.BCryptGetFipsAlgorithmMode",
            "kernel32.dll.GetThreadContext",
            "wminet_utils.dll.CreateClassEnumWmi",
            "kernel32.dll.GetProcessTimes",
            "advapi32.dll.RegCreateKeyExW"
          ],
          "files": [
            "C:\\Windows\\Microsoft.NET\\Framework\\v2.0.50727\\CONFIG\\enterprisesec.config",
            "\\Device\\KsecDD",
            "C:\\Windows\\winsxs\\x86_microsoft.windows.gdiplus_6595b64144ccf1df_1.1.7601.23894_none_5c0be957a009922e\\GdiPlus.dll"
          ],
          "read_files": [
            "C:\\Windows\\System32\\en-US\\eapqec.dll.mui"
          ],
          "keys": [
            "HKEY_CURRENT_USER\\Software\\Microsoft\\.NETFramework",
            "HKEY_LOCAL_MACHINE\\SOFTWARE\\Microsoft\\Fusion\\GACChangeNotification\\Default\\System.Drawing,2.0.0.0,,b03f5f7f11d50a3a,MSIL",
            "HKEY_LOCAL_MACHINE\\SOFTWARE\\Microsoft\\Fusion\\NativeImagesIndex\\v2.0.50727_32\\NI\\1c22df2f\\4f99a7c9\\6a\\ILDependencies",
            "HKEY_LOCAL_MACHINE\\SOFTWARE\\Classes\\Installer\\Assemblies\\C:|Users|comp|AppData|Local|Temp|a95bb180b0d9bb5f2a3b.exe",
            "HKEY_LOCAL_MACHINE\\System\\CurrentControlSet\\Services\\Tcpip\\Parameters\\Interfaces\\{846EE342-7039-11DE-9D20-806E6F6E6963}"
          ],
          "mutexes": [
            "Global\\.net clr networking"
          ],
          "read_keys": [
            "HKEY_LOCAL_MACHINE\\SOFTWARE\\Microsoft\\Fusion\\NoClientChecks",
            "HKEY_LOCAL_MACHINE\\SOFTWARE\\Microsoft\\Fusion\\NativeImagesIndex\\v2.0.50727_32\\NI\\5a8de2c3\\2b1a4e4\\5b\\ConfigString",
            "HKEY_LOCAL_MACHINE\\SYSTEM\\ControlSet001\\services\\Dnscache\\Parameters\\UseEdns",
            "HKEY_LOCAL_MACHINE\\SYSTEM\\ControlSet001\\services\\Dnscache\\Parameters\\ServerPriorityTimeLimit",
            "HKEY_LOCAL_MACHINE\\SYSTEM\\ControlSet001\\services\\NetBT\\Parameters\\NodeType"
          ]
        }
      }
    }
  ],
  [
    {
      "behavior": {
        "summary": {
          "executed_commands": [
            "C:\\Windows\\Microsoft.NET\\Framework\\v2.0.50727\\MSBuild.exe \"{path}\""
          ],
          "write_files": [
            "C:\\Users\\comp\\AppData\\Roaming\\60B249AD-226D-4B72-91E9-758951B2FB48\\DSL Service\\dslsvc.exe"
          ],
          "resolved_apis": [
            "advapi32.dll.RegEnumKeyExW",
            "kernel32.dll.GetFullPathNameW",
            "advapi32.dll.CryptAcquireContextA",
            "kernel32.dll.GetFileAttributesExW",
            "dui70.dll.?Register@ClassInfoBase@DirectUI@@QAEJXZ",
            "dui70.dll.?OnPropertyChanged@CCBase@DirectUI@@UAEXPBUPropertyInfo@2@HPAVValue@2@1@Z",
            "kernel32.dll.CreateFileMappingW"
          ],
          "files": [
            "C:\\Users\\comp\\AppData\\Roaming\\Microsoft\\CLR Security Config\\v2.0.50727.312\\security.config.cch",
            "C:\\Users\\comp\\AppData\\Local\\Temp\\28a44d1e835114aaab99.INI",
            "C:\\Windows\\assembly\\NativeImages_v2.0.50727_32\\System.Windows.Forms\\22aeb10b1d8cdd66bdccfa0958340c6f\\System.Windows.Forms.ni.dll",
            "C:\\Windows\\winsxs\\x86_microsoft.windows.gdiplus_6595b64144ccf1df_1.1.7601.23894_none_5c0be957a009922e\\GdiPlus.dll",
            "C:\\Users\\comp\\AppData\\Roaming\\60B249AD-226D-4B72-91E9-758951B2FB48\\catalog.dat"
          ],
          "read_files": [
            "C:\\Windows\\Microsoft.NET\\Framework\\v2.0.50727\\diasymreader.dll"
          ],
          "keys": [
            "HKEY_LOCAL_MACHINE\\SOFTWARE\\Wow6432Node\\Microsoft\\.NETFramework\\OnlyUseLatestCLR",
            "HKEY_LOCAL_MACHINE\\SOFTWARE\\Microsoft\\Fusion\\NativeImagesIndex\\v2.0.50727_32\\IL\\475dce40\\67f29a3e\\a4\\SIG",
            "HKEY_LOCAL_MACHINE\\SOFTWARE\\Microsoft\\Fusion\\NativeImagesIndex\\v2.0.50727_32\\IL\\19ab8d57\\c91dbb2\\a6\\Modules",
            "HKEY_LOCAL_MACHINE\\SOFTWARE\\Microsoft\\Fusion\\NativeImagesIndex\\v2.0.50727_32\\IL\\3f50fe4f\\17907762\\a7\\Modules",
            "HKEY_LOCAL_MACHINE\\SOFTWARE\\Microsoft\\Fusion\\GACChangeNotification\\Default\\System.Runtime.Remoting,2.0.0.0,,b77a5c561934e089,MSIL",
            "HKEY_CURRENT_USER\\Software\\Microsoft\\Windows\\Windows Error Reporting\\Consent\\DefaultConsent",
            "HKEY_LOCAL_MACHINE\\SOFTWARE\\Microsoft\\Windows\\Windows Error Reporting\\Consent\\CLR20r3",
            "HKEY_LOCAL_MACHINE\\Software\\Microsoft\\CTF\\TIP\\{0000897b-83df-4b96-be07-0fb58b01c4a4}\\LanguageProfile\\0x00000000\\{0001bea3-ed56-483d-a2e2-aeae25577436}",
            "HKEY_LOCAL_MACHINE\\SOFTWARE\\Microsoft\\Fusion\\NativeImagesIndex\\v2.0.50727_32\\NI\\6faf58\\19ab8d57\\1e\\Status"
          ],
          "mutexes": [
            "Global\\bb3bb3ae-3abd-11eb-8795-7aaed4ab00fa",
            "CicLoadWinStaWinSta0"
          ],
          "read_keys": [
            "HKEY_LOCAL_MACHINE\\SOFTWARE\\Microsoft\\Fusion\\GACChangeNotification\\Default\\System.Management,2.0.0.0,,b03f5f7f11d50a3a,MSIL",
            "HKEY_LOCAL_MACHINE\\SYSTEM\\ControlSet001\\Control\\Nls\\Locale\\00000409",
            "HKEY_LOCAL_MACHINE\\SOFTWARE\\Microsoft\\Windows NT\\CurrentVersion\\LanguagePack\\SurrogateFallback\\Plane11",
            "HKEY_LOCAL_MACHINE\\SOFTWARE\\Microsoft\\Windows NT\\CurrentVersion\\Image File Execution Options\\DllNXOptions\\System.Drawing.ni.dll"
          ]
        }
      }
    }
  ],
  [
    {
      "behavior": {
        "summary": {
          "executed_commands": [
            "dw20.exe -x -s 121784"
          ],
          "resolved_apis": [
            "kernel32.dll.FlsFree",
            "advapi32.dll.CryptAcquireContextA",
            "advapi32.dll.CryptReleaseContext",
            "ntdll.dll.RtlRunDecodeUnicodeString",
            "dui70.dll.?GetGlobalIndex@ClassInfoBase@DirectUI@@UBEIXZ"
          ],
          "files": [
            "C:\\Users\\comp\\AppData\\Local\\Temp\\2c65e0c23fc1e160821f.INI",
            "C:\\Windows\\assembly\\GAC_MSIL\\System\\2.0.0.0__b77a5c561934e089\\System.INI"
          ],
          "read_files": [
            "C:\\Windows\\Microsoft.NET\\Framework\\v2.0.50727\\CONFIG\\security.config",
            "C:\\Windows\\winsxs\\x86_microsoft.windows.gdiplus_6595b64144ccf1df_1.1.7601.23894_none_5c0be957a009922e\\GdiPlus.dll"
          ],
          "keys": [
            "HKEY_LOCAL_MACHINE\\SOFTWARE\\Wow6432Node\\Microsoft\\.NETFramework\\Policy\\AppPatch",
            "HKEY_LOCAL_MACHINE\\SOFTWARE\\Microsoft\\Windows\\CurrentVersion\\Installer\\Managed\\S-1-5-21-2237850072-885592287-911325625-1000\\Installer\\Assemblies\\C:|Users|comp|AppData|Local|Temp|2c65e0c23fc1e160821f.exe",
            "HKEY_LOCAL_MACHINE\\Software\\Microsoft\\CTF\\TIP\\{0000897b-83df-4b96-be07-0fb58b01c4a4}\\LanguageProfile\\0x00000000\\{0001bea3-ed56-483d-a2e2-aeae25577436}"
          ],
          "mutexes": [
            "Global\\351ee7d8-3bf4-11eb-bcb5-4e7c77f3845b"
          ],
          "read_keys": [
            "HKEY_LOCAL_MACHINE\\SYSTEM\\ControlSet001\\Control\\CMF\\Config\\SYSTEM",
            "HKEY_LOCAL_MACHINE\\SOFTWARE\\Microsoft\\Windows NT\\CurrentVersion\\LanguagePack\\SurrogateFallback\\Plane13"
          ]
        }
      }
    }
  ],
  [
    {
      "behavior": {
        "summary": {
          "executed_commands": [
            "C:\\Users\\comp\\AppData\\Local\\Temp\\00354d04.bat "
          ],
          "write_files": [
            "C:\\Program Files\\Google\\Chrome\\Application\\85.0.4183.83\\elevation_service.exe",
            "C:\\Program Files\\Google\\Chrome\\Application\\85.0.4183.83\\Installer\\chrmstp.exe",
            "C:\\Program Files\\Mozilla Firefox\\crashreporter.exe",
            "C:\\Program Files (x86)\\Google\\Update\\1.3.36.32\\GoogleCrashHandler.exe",
            "C:\\tmp8450pcma\\bin\\rydiPBl.exe"
          ],
          "delete_files": [
            "C:\\Users\\comp\\AppData\\Local\\Temp\\00354d04.bat"
          ],
          "resolved_apis": [
            "kernel32.dll.SetFileAttributesA"
          ],
          "files": [
            "C:\\Program Files\\Windows Sidebar\\Gadgets\\RSSFeeds.Gadget\\images\\*"
          ],
          "read_files": [
            "C:\\Program Files\\Windows Defender\\MSASCui.exe",
            "C:\\tmp8450pcma\\bin\\flashplayer.exe",
            "C:\\tmpkpyunpkg\\bin\\signtool.exe"
          ],
          "keys": [
            "HKEY_LOCAL_MACHINE\\SOFTWARE\\Classes\\Wow6432Node\\Interface\\{26656EAA-54EB-4E6F-8F85-4F0EF901A406}\\ProxyStubClsid32",
            "HKEY_LOCAL_MACHINE\\SOFTWARE\\Classes\\Wow6432Node\\Interface\\{55272A00-42CB-11CE-8135-00AA004BB851}\\ProxyStubClsid32\\(Default)",
            "HKEY_CURRENT_USER\\Software\\Microsoft\\Windows\\CurrentVersion\\Internet Settings\\Wpad\\{189A9FFB-F02C-4C2A-A7D0-F3DE030208EE}\\WpadDecisionReason",
            "HKEY_CURRENT_USER\\Software\\Microsoft\\Windows\\CurrentVersion\\Internet Settings\\Wpad\\{189A9FFB-F02C-4C2A-A7D0-F3DE030208EE}\\WpadDecisionTime",
            "HKEY_LOCAL_MACHINE\\SOFTWARE\\Microsoft\\Windows NT\\CurrentVersion\\ProfileList\\S-1-5-21-2237850072-885592287-911325625-1000\\ProfileImagePath"
          ],
          "write_keys": [
            "HKEY_CURRENT_USER\\Software\\Microsoft\\Windows\\CurrentVersion\\Internet Settings\\Wpad\\{189A9FFB-F02C-4C2A-A7D0-F3DE030208EE}\\WpadNetworkName"
          ],
          "read_keys": [
            "HKEY_LOCAL_MACHINE\\SYSTEM\\ControlSet001\\Control\\Nls\\Sorting\\Versions\\00060101.00060101",
            "HKEY_LOCAL_MACHINE\\SOFTWARE\\Classes\\Wow6432Node\\Interface\\{26656EAA-54EB-4E6F-8F85-4F0EF901A406}\\ProxyStubClsid32\\(Default)",
            "HKEY_LOCAL_MACHINE\\SOFTWARE\\Wow6432Node\\Microsoft\\Tracing\\JNEwqQ_RASMANCS\\EnableConsoleTracing",
            "HKEY_CURRENT_USER\\Software\\Microsoft\\Windows\\CurrentVersion\\Explorer\\MountPoints2\\CPC\\Volume\\{5f0c3476-f160-11ea-9f0e-806e6f6e6963}\\Generation"
          ]
        }
      }
    }
  ],
  [
    {
      "behavior": {
        "summary": {
          "resolved_apis": [
            "kernel32.dll.GlobalAlloc",
            "kernel32.dll.lstrcpyW",
            "kernel32.dll.SetEnvironmentVariableW",
            "kernel32.dll.GetModuleHandleExW",
            "kernel32.dll.InitializeSListHead",
            "kernel32.dll.GetCPInfo",
            "advapi32.dll.CryptReleaseContext",
            "advapi32.dll.CryptAcquireContextA",
            "advapi32.dll.CredFree",
            "gdiplus.dll.GdipAlloc"
          ],
          "files": [
            "C:\\Windows\\winsxs\\x86_microsoft.windows.gdiplus_6595b64144ccf1df_1.1.7601.23894_none_5c0be957a009922e\\GdiPlus.dll",
            "C:\\Program Files\\PuTTY\\msvcr100.dll"
          ],
          "keys": [
            "HKEY_LOCAL_MACHINE\\Software\\Microsoft\\Windows\\CurrentVersion\\SideBySide\\AssemblyStorageRoots"
          ],
          "mutexes": [
            "btirweunhdtr-comp"
          ],
          "read_keys": [
            "DisableUserModeCallbackFilter"
          ]
        }
      }
    }
  ],
  [
    {
      "behavior": {
        "summary": {
          "executed_commands": [
            "C:\\Users\\comp\\AppData\\Local\\Temp\\JNEwqQ.exe",
            "\"C:\\Users\\comp\\AppData\\Local\\Temp\\509d1b0a.bat\""
          ],
          "write_files": [
            "C:\\Program Files\\Google\\Chrome\\Application\\85.0.4183.83\\Installer\\setup.exe",
            "C:\\Program Files\\Mozilla Firefox\\updater.exe",
            "C:\\Program Files (x86)\\Google\\Update\\1.3.36.32\\GoogleUpdateCore.exe",
            "C:\\tmp3mcdce7o\\bin\\flashplayer.exe",
            "C:\\tmp3mcdce7o\\bin\\oldloader.exe"
          ],
          "delete_files": [
            "C:\\Users\\comp\\AppData\\Local\\Temp\\509d1b0a.bat"
          ],
          "resolved_apis": [
            "kernel32.dll.VirtualFree",
            "cryptsp.dll.CryptAcquireContextW",
            "msvcrt.dll.strstr",
            "kernel32.dll.CreateFileMappingA",
            "kernel32.dll.SetFileAttributesA",
            "kernel32.dll.SetEndOfFile"
          ],
          "files": [
            "C:\\Program Files\\Windows Sidebar\\Gadgets\\Currency.Gadget\\images\\*",
            "C:\\Program Files (x86)\\Windows Sidebar\\Gadgets\\CPU.Gadget\\en-US\\*",
            "C:\\tmppo8l14p_\\modules\\packages\\__pycache__\\*"
          ],
          "read_files": [
            "C:\\Program Files\\Mozilla Firefox\\uninstall\\helper.exe",
            "C:\\Program Files (x86)\\Google\\Update\\1.3.36.32\\GoogleCrashHandler64.exe",
            "C:\\Users\\comp\\Desktop\\26328-9350-2664.exe",
            "C:\\Users\\comp\\Desktop\\8444-11165-5659.exe"
          ],
          "keys": [
            "HKEY_LOCAL_MACHINE\\SOFTWARE\\Classes\\Wow6432Node\\Interface\\{55272A00-42CB-11CE-8135-00AA004BB851}\\ProxyStubClsid32\\(Default)",
            "HKEY_CURRENT_USER\\Software\\Microsoft\\Windows\\CurrentVersion\\Internet Settings\\Wpad\\{EBDD93DF-7CC7-4631-B927-16D55DE80011}\\WpadDecisionReason",
            "HKEY_LOCAL_MACHINE\\SOFTWARE\\MICROSOFT\\WINDOWS NT\\CURRENTVERSION\\ProfileList\\ProgramData",
            "HKEY_LOCAL_MACHINE\\SOFTWARE\\MICROSOFT\\WINDOWS NT\\CURRENTVERSION\\ProfileList\\S-1-5-21-2237850072-885592287-911325625-1000\\ProfileImagePath"
          ],
          "mutexes": [
            "IESQMMUTEX_0_208"
          ],
          "write_keys": [
            "HKEY_CURRENT_USER\\Software\\Microsoft\\Windows\\CurrentVersion\\Internet Settings\\Wpad\\{EBDD93DF-7CC7-4631-B927-16D55DE80011}\\WpadNetworkName"
          ],
          "read_keys": [
            "HKEY_LOCAL_MACHINE\\SOFTWARE\\Classes\\Wow6432Node\\Interface\\{2A1C9EB2-DF62-4154-B800-63278FCB8037}\\ProxyStubClsid32\\(Default)",
            "HKEY_LOCAL_MACHINE\\SOFTWARE\\Wow6432Node\\Microsoft\\Tracing\\JNEwqQ_RASAPI32\\MaxFileSize",
            "HKEY_LOCAL_MACHINE\\SOFTWARE\\Wow6432Node\\Microsoft\\Tracing\\JNEwqQ_RASMANCS\\FileDirectory",
            "HKEY_CURRENT_USER\\Software\\Microsoft\\Windows\\CurrentVersion\\Explorer\\User Shell Folders\\AppData",
            "HKEY_CURRENT_USER\\Software\\Microsoft\\Windows\\CurrentVersion\\Explorer\\MountPoints2\\CPC\\Volume\\{5f0c3475-f160-11ea-9f0e-806e6f6e6963}\\Generation"
          ]
        }
      }
    }
  ],
  [
    {
      "behavior": {
        "summary": {
          "executed_commands": [
            "\"C:\\Users\\comp\\AppData\\Local\\Temp\\674501da.bat\""
          ],
          "write_files": [
            "C:\\Program Files\\Google\\Chrome\\Application\\chrome.exe",
            "C:\\Program Files\\Mozilla Firefox\\firefox.exe",
            "C:\\tmp2pjfx1w2\\bin\\flashplayer.exe",
            "C:\\tmpgtkang3w\\bin\\oldloader_x64.exe"
          ],
          "delete_files": [
            "C:\\Users\\comp\\AppData\\Local\\Temp\\26ca2cc1.exe"
          ],
          "resolved_apis": [
            "cryptsp.dll.CryptAcquireContextW",
            "kernel32.dll.SetFileAttributesA",
            "dhcpcsvc.dll.DhcpRequestParams"
          ],
          "files": [
            "C:\\Program Files (x86)\\Windows Sidebar\\Gadgets\\Clock.Gadget\\en-US\\js\\*"
          ],
          "read_files": [
            "C:\\Program Files\\Mozilla Firefox\\maintenanceservice_installer.exe",
            "C:\\Users\\comp\\AppData\\Roaming\\Microsoft\\Network\\Connections\\Pbk\\_hiddenPbk\\rasphone.pbk"
          ],
          "keys": [
            "HKEY_LOCAL_MACHINE\\SOFTWARE\\Classes\\Wow6432Node\\Interface\\{2A1C9EB2-DF62-4154-B800-63278FCB8037}\\ProxyStubClsid32\\(Default)",
            "HKEY_CURRENT_USER\\Software\\Microsoft\\Windows\\CurrentVersion\\Internet Settings\\Wpad\\{3EF4DDC6-E53F-4DE5-9BA6-0D779182D71D}\\WpadDecision",
            "HKEY_CURRENT_USER\\Software\\Microsoft\\Windows\\CurrentVersion\\Internet Settings\\Wpad\\{3EF4DDC6-E53F-4DE5-9BA6-0D779182D71D}\\WpadNetworkName",
            "HKEY_USERS\\S-1-5-21-2237850072-885592287-911325625-1000\\Software\\Microsoft\\Windows\\CurrentVersion\\Explorer\\User Shell Folders"
          ],
          "write_keys": [
            "HKEY_CURRENT_USER\\Software\\Microsoft\\Windows\\CurrentVersion\\Internet Settings\\Wpad\\{3EF4DDC6-E53F-4DE5-9BA6-0D779182D71D}\\WpadNetworkName"
          ],
          "read_keys": [
            "HKEY_LOCAL_MACHINE\\SOFTWARE\\Classes\\Wow6432Node\\Interface\\{26656EAA-54EB-4E6F-8F85-4F0EF901A406}\\ProxyStubClsid32\\(Default)",
            "HKEY_LOCAL_MACHINE\\SOFTWARE\\Wow6432Node\\Microsoft\\Tracing\\JNEwqQ_RASMANCS\\ConsoleTracingMask",
            "HKEY_LOCAL_MACHINE\\SYSTEM\\ControlSet001\\Control\\Nls\\Language Groups\\1"
          ]
        }
      }
    }
  ],
  [
    {
      "behavior": {
        "summary": {
          "executed_commands": [
            "dw20.exe -x -s 90444"
          ],
          "write_files": [
            "C:\\Users\\comp\\AppData\\Local\\GDIPFONTCACHEV1.DAT"
          ],
          "resolved_apis": [
            "kernel32.dll.GetProcAddress",
            "kernel32.dll.SetConsoleCtrlHandler",
            "kernel32.dll.GetFileAttributesExW",
            "advapi32.dll.AdjustTokenPrivileges",
            "dui70.dll.?ClassExist@ClassInfoBase@DirectUI@@SG_NPAPAUIClassInfo@2@PBQBUPropertyInfo@2@IPAU32@PAUHINSTANCE__@@PBG_N@Z",
            "dui70.dll.?HandleUiaPropertyChangingListener@Element@DirectUI@@UAEXPBUPropertyInfo@2@@Z",
            "uxtheme.dll.GetThemeFont"
          ],
          "files": [
            "C:\\Windows\\assembly\\GAC_32\\mscorlib\\2.0.0.0__b77a5c561934e089\\mscorlib.INI",
            "C:\\Users\\comp\\AppData\\Local\\GDIPFONTCACHEV1.DAT",
            "C:\\Windows\\winsxs\\x86_microsoft.windows.c..-controls.resources_6595b64144ccf1df_6.0.7600.16385_en-us_581cd2bf5825dde9"
          ],
          "read_files": [
            "C:\\Windows\\winsxs\\x86_microsoft.windows.gdiplus_6595b64144ccf1df_1.1.7601.23894_none_5c0be957a009922e\\GdiPlus.dll",
            "C:\\Windows\\assembly\\GAC_32\\mscorlib\\2.0.0.0__b77a5c561934e089\\sorttbls.nlp"
          ],
          "keys": [
            "HKEY_CURRENT_USER\\Software\\Microsoft\\.NETFramework",
            "HKEY_LOCAL_MACHINE\\SOFTWARE\\Microsoft\\Fusion\\NativeImagesIndex\\v2.0.50727_32\\IL\\6dc7d4c0\\1c74cc87\\9e\\Status",
            "HKEY_CURRENT_USER\\Software\\Microsoft\\Installer\\Assemblies\\C:|Users|comp|AppData|Local|Temp|c62df153c4d524ed7afc.exe",
            "HKEY_LOCAL_MACHINE\\SOFTWARE\\Microsoft\\Fusion\\GACChangeNotification\\Default\\System.Transactions,2.0.0.0,,b77a5c561934e089,x86",
            "HKEY_LOCAL_MACHINE\\SOFTWARE\\Microsoft\\Windows\\Windows Error Reporting\\SendEFSFiles",
            "HKEY_LOCAL_MACHINE\\SOFTWARE\\Microsoft\\Windows NT\\CurrentVersion\\LanguagePack\\SurrogateFallback\\Plane16"
          ],
          "mutexes": [
            "Global\\8cfbddaa-4167-11eb-9512-4e7c77f3845b"
          ],
          "read_keys": [
            "HKEY_LOCAL_MACHINE\\SOFTWARE\\Microsoft\\Windows NT\\CurrentVersion\\LanguagePack\\SurrogateFallback\\Plane16",
            "HKEY_LOCAL_MACHINE\\SOFTWARE\\Wow6432Node\\Microsoft\\CTF\\EnableAnchorContext"
          ]
        }
      }
    }
  ],
  [
    {
      "behavior": {
        "summary": {
          "executed_commands": [
            "dw20.exe -x -s 60660"
          ],
          "resolved_apis": [
            "kernel32.dll.CreateMemoryResourceNotification",
            "kernel32.dll.GetCurrentProcessId",
            "kernel32.dll.CloseHandle",
            "advapi32.dll.AdjustTokenPrivileges",
            "kernel32.dll.RtlCaptureContext",
            "dui70.dll.?DirectionProp@Element@DirectUI@@SGPBUPropertyInfo@2@XZ",
            "uxtheme.dll.CloseThemeData",
            "uxtheme.dll.BufferedPaintUnInit"
          ],
          "files": [
            "C:\\Windows\\assembly\\NativeImages_v2.0.50727_32\\System.Drawing\\f85964cc53acab6fa148b7c9b05e07f7\\System.Drawing.ni.dll",
            "C:\\Windows\\winsxs\\x86_microsoft.windows.gdiplus_6595b64144ccf1df_1.1.7601.23894_none_5c0be957a009922e\\GdiPlus.dll",
            "C:\\Users\\comp\\AppData\\Local\\GDIPFONTCACHEV1.DAT",
            "C:\\Windows\\Fonts\\segoeuiz.ttf"
          ],
          "read_files": [
            "C:\\Windows\\Microsoft.NET\\Framework\\v2.0.50727\\CONFIG\\enterprisesec.config",
            "C:\\Windows\\winsxs\\x86_microsoft.windows.gdiplus_6595b64144ccf1df_1.1.7601.23894_none_5c0be957a009922e\\GdiPlus.dll",
            "C:\\Windows\\Fonts\\micross.ttf"
          ],
          "keys": [
            "HKEY_LOCAL_MACHINE\\SOFTWARE\\Wow6432Node\\Microsoft\\.NETFramework\\Policy\\AppPatch",
            "HKEY_LOCAL_MACHINE\\Software\\Microsoft\\Windows NT\\CurrentVersion\\ProfileList\\S-1-5-21-2237850072-885592287-911325625-1000",
            "HKEY_LOCAL_MACHINE\\SOFTWARE\\Microsoft\\Fusion\\NativeImagesIndex\\v2.0.50727_32\\IL\\7950e2c5\\69be3dec\\a1\\DisplayName",
            "HKEY_LOCAL_MACHINE\\SOFTWARE\\Microsoft\\Fusion\\NativeImagesIndex\\v2.0.50727_32\\IL\\3f50fe4f\\17907762\\a7\\SIG",
            "HKEY_LOCAL_MACHINE\\SOFTWARE\\Microsoft\\Fusion\\PublisherPolicy\\Default\\policy.2.0.Accessibility__b03f5f7f11d50a3a",
            "HKEY_LOCAL_MACHINE\\SOFTWARE\\Microsoft\\Windows NT\\CurrentVersion\\FontSubstitutes",
            "HKEY_LOCAL_MACHINE\\SOFTWARE\\Classes\\Installer\\Assemblies\\C:|Users|comp|AppData|Local|Temp|c7a4cb30492911fff0eb.exe",
            "HKEY_LOCAL_MACHINE\\System\\CurrentControlSet\\Control\\Nls\\CustomLocale",
            "HKEY_LOCAL_MACHINE\\SOFTWARE\\Microsoft\\Windows\\Windows Error Reporting\\Consent",
            "HKEY_CURRENT_USER\\Software\\Microsoft\\Windows\\Windows Error Reporting\\MaxArchiveCount"
          ],
          "mutexes": [
            "Global\\7cca887f-3abe-11eb-a824-4e7c77f3845b"
          ],
          "read_keys": [
            "HKEY_LOCAL_MACHINE\\SOFTWARE\\Microsoft\\Fusion\\GACChangeNotification\\Default\\System.Drawing,2.0.0.0,,b03f5f7f11d50a3a,MSIL",
            "HKEY_LOCAL_MACHINE\\SOFTWARE\\Microsoft\\Windows NT\\CurrentVersion\\LanguagePack\\SurrogateFallback\\Plane2",
            "HKEY_LOCAL_MACHINE\\SOFTWARE\\Microsoft\\Reliability Analysis\\RAC\\RacWerSampleTime",
            "HKEY_LOCAL_MACHINE\\SOFTWARE\\Microsoft\\CTF\\TIP\\{0000897b-83df-4b96-be07-0fb58b01c4a4}\\LanguageProfile\\0x00000000\\{0001bea3-ed56-483d-a2e2-aeae25577436}\\Enable"
          ]
        }
      }
    }
  ],
  [
    {
      "behavior": {
        "summary": {
          "executed_commands": [
            "dw20.exe -x -s 8488"
          ],
          "resolved_apis": [
            "kernel32.dll.FlsSetValue",
            "kernel32.dll.FlsFree",
            "advapi32.dll.CryptDestroyHash",
            "advapi32.dll.LookupPrivilegeValueW",
            "kernel32.dll.GetExitCodeProcess",
            "xmllite.dll.CreateXmlReaderInputWithEncodingName",
            "advapi32.dll.RegQueryValueExA",
            "duser.dll.ForwardGadgetMessage"
          ],
          "files": [
            "C:\\Windows\\winsxs\\x86_microsoft.vc80.crt_1fc8b3b9a1e18e3b_8.0.50727.4940_none_d08cc06a442b34fc\\msvcr80.dll",
            "C:\\Users\\comp\\AppData\\Roaming\\Microsoft\\CLR Security Config\\v2.0.50727.312\\security.config.cch",
            "C:\\Users\\comp\\AppData\\Local\\Temp\\en-US\\lJR.resources.dll",
            "C:\\Users\\comp\\AppData\\Local\\Temp\\BZJhTYOEfojMqIriRDzgCXNOgCmT\\BZJhTYOEfojMqIriRDzgCXNOgCmT.dll"
          ],
          "read_files": [
            "C:\\Windows\\winsxs\\x86_microsoft.windows.gdiplus_6595b64144ccf1df_1.1.7601.23894_none_5c0be957a009922e\\GdiPlus.dll",
            "C:\\Windows\\System32\\en-US\\wer.dll.mui"
          ],
          "keys": [
            "HKEY_LOCAL_MACHINE\\SOFTWARE\\Wow6432Node\\Microsoft\\.NETFramework\\OnlyUseLatestCLR",
            "HKEY_LOCAL_MACHINE\\SOFTWARE\\Microsoft\\Fusion\\GACChangeNotification\\Default\\System.Runtime.Serialization.Formatters.Soap,2.0.0.0,,b03f5f7f11d50a3a,MSIL",
            "HKEY_CURRENT_USER\\Software\\Microsoft\\Installer\\Assemblies\\C:|Users|comp|AppData|Local|Temp|b942a8a8c29b7e624528.exe",
            "HKEY_LOCAL_MACHINE\\SOFTWARE\\Microsoft\\Windows\\Windows Error Reporting\\LoggingDisabled",
            "HKEY_CURRENT_USER\\Software\\Microsoft\\Windows\\Windows Error Reporting\\ExcludedApplications",
            "HKEY_LOCAL_MACHINE\\SOFTWARE\\Microsoft\\SQMClient\\Windows\\DisabledSessions\\MachineThrottling",
            "HKEY_LOCAL_MACHINE\\SOFTWARE\\Microsoft\\Windows NT\\CurrentVersion\\LanguagePack\\SurrogateFallback\\Plane5",
            "HKEY_LOCAL_MACHINE\\Software\\Microsoft\\CTF\\TIP\\{0000897b-83df-4b96-be07-0fb58b01c4a4}\\LanguageProfile\\0x00000000\\{0001bea3-ed56-483d-a2e2-aeae25577436}"
          ],
          "mutexes": [
            "Global\\7ceedcfe-3bf3-11eb-9565-4e7c77f3845b"
          ],
          "read_keys": [
            "HKEY_LOCAL_MACHINE\\SOFTWARE\\Microsoft\\Fusion\\LogResourceBinds",
            "HKEY_LOCAL_MACHINE\\SOFTWARE\\Microsoft\\Fusion\\NativeImagesIndex\\v2.0.50727_32\\NI\\159a66b8\\424bd4d8\\1f\\ILDependencies",
            "HKEY_LOCAL_MACHINE\\SOFTWARE\\Microsoft\\Windows\\Windows Error Reporting\\DontShowUI",
            "HKEY_LOCAL_MACHINE\\SOFTWARE\\Microsoft\\Windows\\Windows Error Reporting\\DisableQueue",
            "HKEY_LOCAL_MACHINE\\SOFTWARE\\Microsoft\\Reliability Analysis\\RAC\\RacWerSampleTime",
            "HKEY_LOCAL_MACHINE\\SOFTWARE\\Microsoft\\Windows NT\\CurrentVersion\\LanguagePack\\SurrogateFallback\\Plane4"
          ]
        }
      }
    }
  ],
  [
    {
      "behavior": {
        "summary": {
          "write_files": [
            "C:\\Users\\comp\\AppData\\Roaming\\60B249AD-226D-4B72-91E9-758951B2FB48\\DSL Service\\dslsvc.exe"
          ],
          "delete_files": [
            "C:\\Users\\comp\\AppData\\Roaming\\60B249AD-226D-4B72-91E9-758951B2FB48\\DSL Service\\dslsvc.exe"
          ],
          "keys": [
            "HKEY_CURRENT_USER\\Software\\Microsoft\\Installer\\Assemblies\\C:|Users|comp|AppData|Local|Temp|dbca819ad2c4de0144bd.exe"
          ]
        }
      }
    }
  ],
  [
    {
      "behavior": {
        "summary": {
          "executed_commands": [
            "dw20.exe -x -s 101340"
          ],
          "resolved_apis": [
            "kernel32.dll.FindAtomW",
            "gdiplus.dll.GdipCreateFontFromLogfontW",
            "duser.dll.GetGadgetTicket"
          ],
          "files": [
            "C:\\Users\\comp\\AppData\\Local\\Temp\\en-US\\QNz.resources\\QNz.resources.exe"
          ],
          "read_files": [
            "C:\\Windows\\Fonts\\msjh.ttf"
          ],
          "keys": [
            "HKEY_LOCAL_MACHINE\\SOFTWARE\\MICROSOFT\\Fusion\\NativeImagesIndex\\v2.0.50727_32\\IL\\475dce40\\67f29a3e\\a4\\SIG",
            "HKEY_LOCAL_MACHINE\\SOFTWARE\\MICROSOFT\\Fusion\\NativeImagesIndex\\v2.0.50727_32\\IL\\424bd4d8\\1c83327b\\a5\\Status",
            "HKEY_CURRENT_USER\\Software\\Microsoft\\Installer\\Assemblies\\C:|Users|comp|AppData|Local|Temp|c67e7c71c24989d799ad.exe"
          ],
          "mutexes": [
            "Global\\aaa3aa1a-4169-11eb-b6bc-be3f221313d7"
          ],
          "read_keys": [
            "HKEY_LOCAL_MACHINE\\SOFTWARE\\MICROSOFT\\Fusion\\NativeImagesIndex\\v2.0.50727_32\\IL\\4f99a7c9\\53bea2b0\\39\\LastModTime"
          ]
        }
      }
    }
  ],
  [
    {
      "behavior": {
        "summary": {
          "executed_commands": [
            "\"C:\\Windows\\system32\\notepad.exe\""
          ],
          "resolved_apis": [
            "kernel32.dll.GetStringTypeExA"
          ],
          "keys": [
            "HKEY_LOCAL_MACHINE\\SOFTWARE\\Microsoft\\Windows NT\\CurrentVersion\\LanguagePack\\SurrogateFallback\\Plane9",
            "HKEY_CURRENT_USER\\Software\\Microsoft\\Notepad\\lfCharSet"
          ],
          "mutexes": [
            "\"C:\\Users\\comp\\AppData\\Local\\Temp\\128397628f246d6d0329.exe\" "
          ]
        }
      }
    }
  ],
  [
    {
      "behavior": {
        "summary": {
          "resolved_apis": [
            "winmm.dll.mixerGetControlDetailsW",
            "kernel32.dll.LoadResource",
            "kernel32.dll.GetProcAddress"
          ],
          "read_files": [
            "C:\\Windows\\System32\\uxtheme.dll",
            "C:\\Users\\comp\\AppData\\Roaming\\Microsoft\\Network\\Connections\\Pbk\\_hiddenPbk\\rasphone.pbk"
          ],
          "keys": [
            "HKEY_LOCAL_MACHINE\\SOFTWARE\\Classes\\Wow6432Node\\Interface\\{2A1C9EB2-DF62-4154-B800-63278FCB8037}\\ProxyStubClsid32\\(Default)",
            "HKEY_CURRENT_USER\\Software\\Microsoft\\Windows\\CurrentVersion\\Internet Settings\\Wpad\\{EBDD93DF-7CC7-4631-B927-16D55DE80011}",
            "HKEY_CURRENT_USER\\Software\\Microsoft\\Windows\\CurrentVersion\\Internet Settings\\Wpad\\{EBDD93DF-7CC7-4631-B927-16D55DE80011}\\WpadDecisionTime",
            "HKEY_LOCAL_MACHINE\\SOFTWARE\\MICROSOFT\\WINDOWS NT\\CURRENTVERSION\\ProfileList\\S-1-5-21-2237850072-885592287-911325625-1000\\ProfileImagePath"
          ],
          "write_keys": [
            "HKEY_CURRENT_USER\\Software\\Microsoft\\Windows\\CurrentVersion\\Internet Settings\\Wpad\\{EBDD93DF-7CC7-4631-B927-16D55DE80011}\\WpadNetworkName"
          ],
          "read_keys": [
            "HKEY_LOCAL_MACHINE\\SOFTWARE\\MICROSOFT\\WINDOWS NT\\CURRENTVERSION\\LanguagePack\\SurrogateFallback\\Plane8",
            "HKEY_LOCAL_MACHINE\\SOFTWARE\\Wow6432Node\\Microsoft\\Tracing\\fb89126a584d7c5f4051_RASMANCS\\MaxFileSize",
            "HKEY_LOCAL_MACHINE\\SOFTWARE\\MICROSOFT\\WINDOWS NT\\CURRENTVERSION\\ProfileList\\S-1-5-21-2237850072-885592287-911325625-1000\\ProfileImagePath"
          ]
        }
      }
    }
  ],
  [
    {
      "behavior": {
        "summary": {
          "executed_commands": [
            "dw20.exe -x -s 117588"
          ],
          "write_files": [
            "C:\\Users\\comp\\AppData\\Local\\GDIPFONTCACHEV1.DAT"
          ],
          "resolved_apis": [
            "advapi32.dll.CryptReleaseContext",
            "dui70.dll.?ClassExist@ClassInfoBase@DirectUI@@SG_NPAPAUIClassInfo@2@PBQBUPropertyInfo@2@IPAU32@PAUHINSTANCE__@@PBG_N@Z"
          ],
          "files": [
            "C:\\Users\\comp\\AppData\\Local\\Temp\\32e43a42bc462576ec94.exe.config"
          ],
          "read_files": [
            "C:\\Windows\\Microsoft.NET\\Framework\\v2.0.50727\\CONFIG\\security.config"
          ],
          "keys": [
            "HKEY_CURRENT_USER\\Software\\Microsoft\\.NETFramework\\Policy\\Standards",
            "HKEY_LOCAL_MACHINE\\SOFTWARE\\MICROSOFT\\Fusion\\NativeImagesIndex\\v2.0.50727_32\\IL\\475dce40\\67f29a3e\\a4\\DisplayName",
            "HKEY_LOCAL_MACHINE\\SOFTWARE\\MICROSOFT\\Fusion\\GACChangeNotification\\Default\\System.Runtime.Serialization.Formatters.Soap,2.0.0.0,,b03f5f7f11d50a3a,MSIL",
            "HKEY_CURRENT_USER\\Software\\Microsoft\\Installer\\Assemblies\\C:|Users|comp|AppData|Local|Temp|32e43a42bc462576ec94.exe",
            "HKEY_CURRENT_USER\\Software\\Microsoft\\Windows\\Windows Error Reporting\\Consent\\DefaultOverrideBehavior"
          ],
          "mutexes": [
            "Global\\fcda54f7-3abf-11eb-a77c-be3f221313d7"
          ],
          "read_keys": [
            "HKEY_LOCAL_MACHINE\\SOFTWARE\\MICROSOFT\\Fusion\\NativeImagesIndex\\v2.0.50727_32\\IL\\7950e2c5\\69be3dec\\a1\\SIG",
            "HKEY_LOCAL_MACHINE\\SOFTWARE\\MICROSOFT\\WINDOWS NT\\CURRENTVERSION\\LanguagePack\\SurrogateFallback\\Plane16"
          ]
        }
      }
    }
  ],
  [
    {
      "behavior": {
        "summary": {
          "executed_commands": [
            "\"{path}\"",
            "C:\\Windows\\Microsoft.NET\\Framework\\v2.0.50727\\RegSvcs.exe \"{path}\""
          ],
          "write_files": [
            "C:\\Users\\comp\\AppData\\Local\\Temp\\tmp6C17.tmp"
          ],
          "resolved_apis": [
            "kernel32.dll.QueryActCtxW",
            "advapi32.dll.CryptAcquireContextA",
            "advapi32.dll.AdjustTokenPrivileges",
            "sspicli.dll.GetUserNameExW",
            "sxs.dll.SxsOleAut32MapConfiguredClsidToReferenceClsid",
            "kernel32.dll.CreateEventW",
            "kernel32.dll.FindClose",
            "nshwfp.dll.InitHelperDll"
          ],
          "files": [
            "C:\\Windows\\winsxs\\x86_microsoft.windows.gdiplus_6595b64144ccf1df_1.1.7601.23894_none_5c0be957a009922e",
            "C:\\Users\\comp\\AppData\\Local\\Temp\\en-US\\ReZer0V2.resources.exe",
            "C:\\Windows\\assembly\\GAC_MSIL\\System\\2.0.0.0__b77a5c561934e089\\ws2_32.dll"
          ],
          "read_files": [
            "C:\\Windows\\winsxs\\x86_microsoft.windows.gdiplus_6595b64144ccf1df_1.1.7601.23894_none_5c0be957a009922e\\GdiPlus.dll",
            "C:\\Windows\\Fonts\\tahoma.ttf",
            "C:\\Users\\comp\\AppData\\Roaming\\8pecxstudios\\Cyberfox\\profiles.ini"
          ],
          "keys": [
            "HKEY_LOCAL_MACHINE\\SOFTWARE\\Wow6432Node\\Microsoft\\.NETFramework\\InstallRoot",
            "HKEY_LOCAL_MACHINE\\SOFTWARE\\Microsoft\\Fusion\\NativeImagesIndex\\v2.0.50727_32\\NI\\30bc7c4f\\3f50fe4f\\20\\DisplayName",
            "HKEY_LOCAL_MACHINE\\SOFTWARE\\Microsoft\\Windows\\CurrentVersion\\Installer\\Managed\\S-1-5-21-2237850072-885592287-911325625-1000\\Installer\\Assemblies\\C:|Users|comp|AppData|Local|Temp|cc91f115d2bae877c7b2.exe",
            "HKEY_LOCAL_MACHINE\\SYSTEM\\ControlSet001\\services\\Dnscache\\Parameters\\ScreenUnreachableServers"
          ],
          "mutexes": [
            "Global\\CLR_CASOFF_MUTEX"
          ],
          "write_keys": [
            "HKEY_CURRENT_USER\\Software\\Classes\\Local Settings\\MuiCache\\5\\52C64B7E\\@%SystemRoot%\\system32\\dhcpqec.dll,-103"
          ],
          "read_keys": [
            "HKEY_LOCAL_MACHINE\\SOFTWARE\\Microsoft\\Fusion\\GACChangeNotification\\Default\\System.Deployment,2.0.0.0,,b03f5f7f11d50a3a,MSIL",
            "HKEY_LOCAL_MACHINE\\SYSTEM\\ControlSet001\\Control\\Nls\\Language Groups\\1",
            "HKEY_LOCAL_MACHINE\\SOFTWARE\\Microsoft\\Windows NT\\CurrentVersion\\LanguagePack\\SurrogateFallback\\Plane15"
          ]
        }
      }
    }
  ],
  [
    {
      "behavior": {
        "summary": {
          "write_files": [
            "C:\\Program Files\\Google\\Chrome\\Application\\chrome_proxy.exe",
            "C:\\Program Files\\Mozilla Firefox\\plugin-container.exe",
            "C:\\Program Files\\Mozilla Firefox\\updater.exe",
            "C:\\Program Files (x86)\\Google\\Update\\1.3.36.32\\GoogleUpdate.exe",
            "C:\\Program Files (x86)\\Google\\Update\\1.3.36.32\\GoogleUpdateSetup.exe",
            "C:\\Program Files (x86)\\Mozilla Maintenance Service\\maintenanceservice.exe",
            "C:\\tmp2pjfx1w2\\bin\\flashplayer.exe",
            "C:\\tmp3mcdce7o\\bin\\oldloader_x64.exe"
          ],
          "delete_files": [
            "C:\\Users\\comp\\AppData\\Local\\Temp\\JNEwqQ.exe"
          ],
          "resolved_apis": [
            "kernel32.dll.GetModuleHandleA",
            "advapi32.dll.CryptReleaseContext",
            "kernel32.dll.GetDriveTypeA",
            "kernel32.dll.ExitThread",
            "advapi32.dll.AdjustTokenPrivileges",
            "ole32.dll.CoCreateInstance",
            "setupapi.dll.CM_Get_Device_Interface_List_Size_ExW"
          ],
          "files": [
            "C:\\Program Files\\Windows Sidebar\\Gadgets\\Currency.Gadget\\images\\*"
          ],
          "read_files": [
            "C:\\Program Files\\Mozilla Firefox\\maintenanceservice.exe",
            "\\Device\\KsecDD",
            "C:\\tmp0e97frry\\bin\\flashplayer.exe",
            "C:\\Users\\comp\\AppData\\Roaming\\Microsoft\\Network\\Connections\\Pbk\\_hiddenPbk\\rasphone.pbk",
            "C:\\tmp0e97frry\\bin\\oldloader.exe",
            "C:\\Users\\comp\\AppData\\Local\\Temp\\657e7a90.bat"
          ],
          "keys": [
            "HKEY_LOCAL_MACHINE\\SOFTWARE\\Classes\\Wow6432Node\\Interface\\{55272A00-42CB-11CE-8135-00AA004BB851}\\ProxyStubClsid32",
            "HKEY_LOCAL_MACHINE\\SOFTWARE\\Classes\\Wow6432Node\\Interface\\{55272A00-42CB-11CE-8135-00AA004BB851}\\ProxyStubClsid32\\(Default)",
            "HKEY_CURRENT_USER\\Software\\Classes\\Interface\\{2A1C9EB2-DF62-4154-B800-63278FCB8037}",
            "HKEY_CURRENT_USER\\Software\\Microsoft\\Windows\\CurrentVersion\\Internet Settings\\Wpad\\{3EF4DDC6-E53F-4DE5-9BA6-0D779182D71D}\\WpadDecisionReason",
            "HKEY_CURRENT_USER\\Software\\Microsoft\\Windows\\CurrentVersion\\Internet Settings\\Wpad\\{3EF4DDC6-E53F-4DE5-9BA6-0D779182D71D}\\WpadDecisionTime",
            "HKEY_LOCAL_MACHINE\\Software\\Microsoft\\Windows NT\\CurrentVersion\\ProfileList\\S-1-5-21-2237850072-885592287-911325625-1000"
          ],
          "write_keys": [
            "HKEY_CURRENT_USER\\Software\\Microsoft\\Windows\\CurrentVersion\\Internet Settings\\Wpad\\{3EF4DDC6-E53F-4DE5-9BA6-0D779182D71D}\\WpadNetworkName"
          ],
          "read_keys": [
            "HKEY_LOCAL_MACHINE\\SOFTWARE\\Classes\\Wow6432Node\\Interface\\{26656EAA-54EB-4E6F-8F85-4F0EF901A406}\\ProxyStubClsid32\\(Default)",
            "HKEY_LOCAL_MACHINE\\SOFTWARE\\Wow6432Node\\Microsoft\\Tracing\\JNEwqQ_RASMANCS\\FileTracingMask",
            "HKEY_CURRENT_USER\\Software\\Microsoft\\Windows\\CurrentVersion\\Explorer\\User Shell Folders\\AppData",
            "HKEY_LOCAL_MACHINE\\SOFTWARE\\Wow6432Node\\Microsoft\\Command Processor\\AutoRun",
            "HKEY_LOCAL_MACHINE\\SYSTEM\\ControlSet001\\Control\\Nls\\Language Groups\\1"
          ]
        }
      }
    }
  ],
  [
    {
      "behavior": {
        "summary": {
          "executed_commands": [
            "\"C:\\\\\\\\Windows\\\\\\\\Microsoft.NET\\\\\\\\Framework\\\\\\\\v2.0.50727\\\\\\\\MSBuild.exe\""
          ],
          "delete_files": [
            "C:\\Users\\comp\\AppData\\Local\\Temp\\9388f2a4e4ebd00225a4.exe"
          ],
          "resolved_apis": [
            "wminet_utils.dll.QualifierSet_Get"
          ],
          "files": [
            "C:\\Windows\\System32\\UxTheme.dll.Config"
          ],
          "read_files": [
            "C:\\Windows\\System32\\tsgqec.dll"
          ],
          "keys": [
            "HKEY_LOCAL_MACHINE\\SOFTWARE\\Wow6432Node\\Microsoft\\Windows\\CurrentVersion\\Internet Settings\\CreateUriCacheSize",
            "HKEY_CURRENT_USER\\Software\\Microsoft\\Windows\\CurrentVersion\\Explorer\\User Shell Folders\\AppData"
          ],
          "read_keys": [
            "HKEY_LOCAL_MACHINE\\SOFTWARE\\Wow6432Node\\Microsoft\\Windows\\CurrentVersion\\explorer\\FolderDescriptions\\{B4BFCC3A-DB2C-424C-B029-7FE99A87C641}\\Icon",
            "HKEY_LOCAL_MACHINE\\SYSTEM\\ControlSet001\\services\\napagent\\LocalConfig\\PlumbIpsecPolicy"
          ]
        }
      }
    }
  ],
  [
    {
      "behavior": {
        "summary": {
          "write_files": [
            "C:\\Users\\comp\\AppData\\Roaming\\1cwpd4df.r0c\\Chrome\\Default\\Cookies"
          ],
          "resolved_apis": [
            "wminet_utils.dll.DeleteMethod"
          ],
          "files": [
            "C:\\Windows\\assembly\\GAC_32\\CustomMarshalers\\2.0.0.0__b03f5f7f11d50a3a\\CustomMarshalers.INI"
          ],
          "mutexes": [
            "Global\\CLR_CASOFF_MUTEX"
          ]
        }
      }
    }
  ],
  [
    {
      "behavior": {
        "summary": {
          "executed_commands": [
            "dw20.exe -x -s 9780"
          ],
          "resolved_apis": [
            "advapi32.dll.CryptDestroyHash",
            "kernel32.dll.GetModuleHandleW",
            "dui70.dll.?GetFactoryLock@Element@DirectUI@@SGPAU_RTL_CRITICAL_SECTION@@XZ",
            "dui70.dll.?Release@ClassInfoBase@DirectUI@@UAEHXZ"
          ],
          "read_files": [
            "C:\\Windows\\Microsoft.NET\\Framework\\v2.0.50727\\mscorwks.dll",
            "\\Device\\KsecDD",
            "C:\\Windows\\Microsoft.NET\\Framework\\v2.0.50727\\mscorjit.dll",
            "C:\\Windows\\winsxs\\x86_microsoft.windows.gdiplus_6595b64144ccf1df_1.1.7601.23894_none_5c0be957a009922e\\GdiPlus.dll"
          ],
          "keys": [
            "HKEY_LOCAL_MACHINE\\SOFTWARE\\Microsoft\\Fusion\\GACChangeNotification\\Default\\System.Windows.Forms,2.0.0.0,,b77a5c561934e089,MSIL",
            "HKEY_LOCAL_MACHINE\\SOFTWARE\\Wow6432Node\\Microsoft\\.NETFramework\\DbgJITDebugLaunchSetting",
            "HKEY_CURRENT_USER\\Software\\Microsoft\\Installer\\Assemblies\\C:|Users|comp|AppData|Local|Temp|6cc2028f93843f8fff13.exe",
            "HKEY_CURRENT_USER\\Software\\Microsoft\\Windows\\Windows Error Reporting\\Consent\\DefaultOverrideBehavior",
            "HKEY_LOCAL_MACHINE\\SOFTWARE\\Microsoft\\Windows NT\\CurrentVersion\\LanguagePack\\SurrogateFallback\\Plane11",
            "HKEY_LOCAL_MACHINE\\Software\\Microsoft\\CTF\\TIP\\{0000897b-83df-4b96-be07-0fb58b01c4a4}\\LanguageProfile\\0x00000000\\{0001bea3-ed56-483d-a2e2-aeae25577436}"
          ],
          "mutexes": [
            "Global\\9cc948fd-4168-11eb-a9f9-124d6da3b739"
          ],
          "read_keys": [
            "HKEY_LOCAL_MACHINE\\SOFTWARE\\Microsoft\\CTF\\TIP\\{0000897b-83df-4b96-be07-0fb58b01c4a4}\\LanguageProfile\\0x00000000\\{0001bea3-ed56-483d-a2e2-aeae25577436}\\Enable"
          ]
        }
      }
    }
  ],
  [
    {
      "behavior": {
        "summary": {
          "executed_commands": [
            "C:\\Users\\comp\\AppData\\Local\\Temp\\JNEwqQ.exe",
            "\"C:\\Users\\comp\\AppData\\Local\\Temp\\74c93af2.bat\""
          ],
          "write_files": [
            "C:\\Program Files\\Google\\Chrome\\Application\\85.0.4183.83\\Installer\\chrmstp.exe",
            "C:\\Program Files\\Mozilla Firefox\\minidump-analyzer.exe",
            "C:\\Program Files\\PuTTY\\pageant.exe",
            "C:\\tmp0e97frry\\bin\\execsc.exe",
            "C:\\tmp3mcdce7o\\bin\\flashplayer.exe",
            "C:\\Users\\comp\\AppData\\Local\\Temp\\54107c3a.exe"
          ],
          "delete_files": [
            "C:\\Users\\comp\\AppData\\Local\\Temp\\JNEwqQ.exe"
          ],
          "resolved_apis": [
            "kernel32.dll.GetModuleHandleA",
            "advapi32.dll.CryptReleaseContext",
            "kernel32.dll.GetExitCodeProcess",
            "ole32.dll.CoCreateInstance"
          ],
          "files": [
            "C:\\Program Files (x86)\\Windows Sidebar\\Gadgets\\CPU.Gadget\\en-US\\js\\*"
          ],
          "read_files": [
            "C:\\tmp0e97frry\\bin\\loader.exe",
            "C:\\tmpbc4nhh6g\\bin\\psexec.exe"
          ],
          "keys": [
            "HKEY_CURRENT_USER\\Software\\Classes\\Interface\\{2A1C9EB2-DF62-4154-B800-63278FCB8037}",
            "HKEY_CURRENT_USER\\Software\\Microsoft\\Windows\\CurrentVersion\\Internet Settings\\Wpad\\{1BD56EEB-5FA0-48A2-B28D-F06E6A8E236B}\\WpadDecisionReason",
            "HKEY_LOCAL_MACHINE\\SOFTWARE\\MICROSOFT\\WINDOWS NT\\CURRENTVERSION\\ProfileList\\S-1-5-21-2237850072-885592287-911325625-1000\\ProfileImagePath"
          ],
          "write_keys": [
            "HKEY_CURRENT_USER\\Software\\Microsoft\\Windows\\CurrentVersion\\Internet Settings\\Wpad\\{1BD56EEB-5FA0-48A2-B28D-F06E6A8E236B}\\WpadDecisionTime",
            "HKEY_CURRENT_USER\\Software\\Microsoft\\Windows\\CurrentVersion\\Internet Settings\\Wpad\\{1BD56EEB-5FA0-48A2-B28D-F06E6A8E236B}\\WpadDecision",
            "HKEY_CURRENT_USER\\Software\\Microsoft\\Windows\\CurrentVersion\\Internet Settings\\Wpad\\{1BD56EEB-5FA0-48A2-B28D-F06E6A8E236B}\\WpadNetworkName",
            "HKEY_LOCAL_MACHINE\\SOFTWARE\\GTplus"
          ],
          "read_keys": [
            "HKEY_LOCAL_MACHINE\\SOFTWARE\\Classes\\Wow6432Node\\CLSID\\{B196B286-BAB4-101A-B69C-00AA00341D07}\\InprocServer32\\InprocServer32",
            "HKEY_LOCAL_MACHINE\\SOFTWARE\\Classes\\Wow6432Node\\CLSID\\{B196B286-BAB4-101A-B69C-00AA00341D07}\\InprocServer32\\ThreadingModel",
            "HKEY_LOCAL_MACHINE\\SOFTWARE\\Wow6432Node\\Microsoft\\Tracing\\JNEwqQ_RASMANCS\\FileTracingMask",
            "HKEY_CURRENT_USER\\Software\\Microsoft\\Windows\\CurrentVersion\\Internet Settings\\Connections\\DefaultConnectionSettings",
            "HKEY_LOCAL_MACHINE\\SOFTWARE\\Wow6432Node\\Microsoft\\Command Processor\\CompletionChar"
          ]
        }
      }
    }
  ],
  [
    {
      "behavior": {
        "summary": {
          "executed_commands": [
            "C:\\Windows\\system32\\regsvr32.exe -s C:\\Users\\comp\\AppData\\Local\\Temp\\E4AA18~1.DLL f1 C:\\Users\\comp\\AppData\\Local\\Temp\\E4AA18~1.EXE@2932"
          ],
          "delete_files": [
            "C:\\Users\\comp\\AppData\\Local\\Temp\\e4aa18671e502a0691a8.dll"
          ],
          "resolved_apis": [
            "ole32.dll.CoCreateInstance"
          ],
          "read_files": [
            "C:\\Windows\\System32\\tzres.dll"
          ],
          "keys": [
            "HKEY_LOCAL_MACHINE\\SOFTWARE\\Classes\\Wow6432Node\\Interface\\{55272A00-42CB-11CE-8135-00AA004BB851}\\ProxyStubClsid32\\(Default)",
            "HKEY_CURRENT_USER\\Software\\Microsoft\\Windows\\CurrentVersion\\Internet Settings\\Connections\\DefaultConnectionSettings"
          ],
          "write_keys": [
            "HKEY_CURRENT_USER\\Software\\Microsoft\\Windows\\CurrentVersion\\Internet Settings\\Wpad\\{31521D2A-9EE4-49AB-93D9-F4E93920173D}\\WpadNetworkName"
          ],
          "read_keys": [
            "HKEY_LOCAL_MACHINE\\SYSTEM\\ControlSet001\\Control\\Nls\\Language Groups\\1",
            "HKEY_LOCAL_MACHINE\\SOFTWARE\\Classes\\Wow6432Node\\Interface\\{2A1C9EB2-DF62-4154-B800-63278FCB8037}\\ProxyStubClsid32\\(Default)"
          ]
        }
      }
    }
  ],
  [
    {
      "behavior": {
        "summary": {
          "executed_commands": [
            "dw20.exe -x -s 1748"
          ],
          "write_files": [
            "C:\\Users\\comp\\AppData\\Local\\Temp\\SysInfo.txt",
            "C:\\Users\\comp\\AppData\\Roaming\\Windows Update.exe",
            "C:\\Users\\comp\\AppData\\Roaming\\pid.txt"
          ],
          "delete_files": [
            "C:\\Users\\comp\\AppData\\Local\\Temp\\holdermail.txt"
          ],
          "resolved_apis": [
            "kernel32.dll.LoadResource",
            "kernel32.dll.HeapCreate",
            "kernel32.dll.IsValidCodePage",
            "duser.dll.DUserFlushDeferredMessages",
            "dui70.dll.?Release@ClassInfoBase@DirectUI@@UAEHXZ"
          ],
          "files": [
            "C:\\Users\\comp\\AppData\\Local\\Temp\\en\\Phulli.resources\\Phulli.resources.exe"
          ],
          "read_files": [
            "C:\\Windows\\winsxs\\x86_microsoft.windows.gdiplus_6595b64144ccf1df_1.1.7601.23894_none_5c0be957a009922e\\GdiPlus.dll",
            "C:\\Windows\\Microsoft.NET\\Framework\\v2.0.50727\\mscordacwks.dll",
            "C:\\Windows\\Microsoft.NET\\Framework\\v2.0.50727\\mscorrc.dll",
            "C:\\Windows\\System32\\tzres.dll",
            "C:\\Windows\\Fonts\\segoeui.ttf"
          ],
          "keys": [
            "HKEY_LOCAL_MACHINE\\SOFTWARE\\Microsoft\\Windows NT\\CurrentVersion\\LanguagePack\\SurrogateFallback\\Plane12",
            "HKEY_LOCAL_MACHINE\\SOFTWARE\\Wow6432Node\\Microsoft\\.NETFramework\\OnlyUseLatestCLR",
            "HKEY_LOCAL_MACHINE\\SOFTWARE\\Microsoft\\Fusion\\NativeImagesIndex\\v2.0.50727_32\\IL\\6dc7d4c0\\1c74cc87\\9e",
            "HKEY_LOCAL_MACHINE\\SOFTWARE\\Microsoft\\Fusion\\NativeImagesIndex\\v2.0.50727_32\\IL\\6dc7d4c0\\1c74cc87\\9e\\Status",
            "HKEY_LOCAL_MACHINE\\SYSTEM\\ControlSet001\\services\\Tcpip\\Parameters\\Interfaces\\{3DF8548A-CA81-417C-AD72-445187C06A79}\\Domain"
          ],
          "mutexes": [
            "Global\\804cd7eb-3bf2-11eb-a64d-7aaed4ab00fa"
          ],
          "write_keys": [
            "HKEY_LOCAL_MACHINE\\SOFTWARE\\Wow6432Node\\Microsoft\\Tracing\\PO8988966778_RASAPI32\\EnableConsoleTracing",
            "HKEY_CURRENT_USER\\Software\\Microsoft\\Windows\\CurrentVersion\\Explorer\\Advanced\\Hidden"
          ],
          "read_keys": [
            "HKEY_LOCAL_MACHINE\\SOFTWARE\\Microsoft\\Windows NT\\CurrentVersion\\LanguagePack\\SurrogateFallback\\Plane16",
            "HKEY_LOCAL_MACHINE\\SOFTWARE\\Microsoft\\Windows NT\\CurrentVersion\\Image File Execution Options\\DllNXOptions\\mscorjit.dll",
            "HKEY_LOCAL_MACHINE\\SYSTEM\\ControlSet001\\services\\Dnscache\\Parameters\\PrioritizeRecordData",
            "HKEY_LOCAL_MACHINE\\SYSTEM\\ControlSet001\\services\\Tcpip\\Parameters\\DisableReverseAddressRegistrations",
            "HKEY_LOCAL_MACHINE\\SYSTEM\\ControlSet001\\services\\Dnscache\\Parameters\\DowncaseSpnCauseApiOwnerIsTooLazy"
          ]
        }
      }
    }
  ],
  [
    {
      "behavior": {
        "summary": {
          "delete_files": [
            "C:\\Users\\comp\\AppData\\Local\\Temp\\dismcore.dll"
          ],
          "files": [
            "C:\\Windows\\winsxs\\x86_microsoft.windows.gdiplus_6595b64144ccf1df_1.1.7601.23894_none_5c0be957a009922e\\GdiPlus.dll"
          ],
          "keys": [
            "HKEY_CURRENT_USER\\Software\\Classes\\Wow6432Node\\Interface\\{0C9FB851-E5C9-43EB-A370-F0677B13874C}\\ProxyStubClsid32"
          ]
        }
      }
    }
  ],
  [
    {
      "behavior": {
        "summary": {
          "keys": [
            "HKEY_LOCAL_MACHINE\\SOFTWARE\\Wow6432Node\\Microsoft\\Windows\\CurrentVersion\\explorer\\FolderDescriptions\\{A520A1A4-1780-4FF6-BD18-167343C5AF16}\\LocalRedirectOnly"
          ],
          "mutexes": [
            "Global\\C::Users:comp:AppData:Local:Microsoft:Windows:Explorer:thumbcache_idx.db!rwReaderRefs"
          ]
        }
      }
    }
  ],
  [
    {
      "behavior": {
        "summary": {
          "executed_commands": [
            "dw20.exe -x -s 592"
          ],
          "resolved_apis": [
            "kernel32.dll.InitializeCriticalSectionAndSpinCount",
            "advapi32.dll.CryptAcquireContextA",
            "dui70.dll.?ClassExist@ClassInfoBase@DirectUI@@SG_NPAPAUIClassInfo@2@PBQBUPropertyInfo@2@IPAU32@PAUHINSTANCE__@@PBG_N@Z"
          ],
          "read_files": [
            "\\Device\\KsecDD"
          ],
          "keys": [
            "HKEY_LOCAL_MACHINE\\SOFTWARE\\Microsoft\\Fusion\\NativeImagesIndex\\v2.0.50727_32\\IL\\19ab8d57\\c91dbb2\\a6\\LastModTime",
            "HKEY_CURRENT_USER\\Software\\Microsoft\\Installer\\Assemblies\\C:|Users|comp|AppData|Local|Temp|4860cb79d48f09752c0e.exe",
            "HKEY_CURRENT_USER\\Software\\Microsoft\\Windows\\Windows Error Reporting\\Consent\\DefaultConsent"
          ],
          "mutexes": [
            "Global\\7503bcf1-3abe-11eb-a824-4e7c77f3845b"
          ],
          "read_keys": [
            "HKEY_LOCAL_MACHINE\\SOFTWARE\\Microsoft\\Windows NT\\CurrentVersion\\LanguagePack\\SurrogateFallback\\Plane13"
          ]
        }
      }
    }
  ],
  [
    {
      "behavior": {
        "summary": {
          "executed_commands": [
            "C:\\Windows\\system32\\cmd.exe /c \"\"C:\\Users\\comp\\AppData\\Local\\Temp\\6b7949c3.bat\" \""
          ],
          "write_files": [
            "C:\\Program Files\\Google\\Chrome\\Application\\85.0.4183.83\\elevation_service.exe",
            "C:\\Program Files\\Mozilla Firefox\\pingsender.exe",
            "C:\\Program Files (x86)\\Google\\Update\\1.3.36.32\\GoogleCrashHandler.exe",
            "C:\\tmp3mcdce7o\\bin\\loader_x64.exe",
            "C:\\tmpbc4nhh6g\\bin\\loader.exe"
          ],
          "delete_files": [
            "C:\\Users\\comp\\AppData\\Local\\Temp\\32d51a79.exe"
          ],
          "resolved_apis": [
            "advapi32.dll.CryptReleaseContext",
            "kernel32.dll.GetLogicalDriveStringsA"
          ],
          "files": [
            "C:\\Program Files (x86)\\Windows Sidebar\\Gadgets\\RSSFeeds.Gadget\\en-US\\js\\*"
          ],
          "read_files": [
            "C:\\Windows\\Globalization\\Sorting\\sortdefault.nls",
            "C:\\tmpkpyunpkg\\bin\\pcOENZWt.exe"
          ],
          "keys": [
            "HKEY_LOCAL_MACHINE\\SOFTWARE\\Classes\\Wow6432Node\\Interface\\{8A40A45D-055C-4B62-ABD7-6D613E2CEAEC}\\ProxyStubClsid32\\(Default)",
            "HKEY_CURRENT_USER\\Software\\Microsoft\\Windows\\CurrentVersion\\Internet Settings\\Wpad\\{F76B84C4-979C-40C3-8B9C-C9823097EF49}\\WpadDecision",
            "HKEY_CURRENT_USER\\Software\\Microsoft\\Windows\\CurrentVersion\\Internet Settings\\Wpad\\{F76B84C4-979C-40C3-8B9C-C9823097EF49}\\WpadNetworkName",
            "HKEY_USERS\\S-1-5-21-2237850072-885592287-911325625-1000\\Software\\Microsoft\\Windows\\CurrentVersion\\Explorer\\User Shell Folders"
          ],
          "write_keys": [
            "HKEY_CURRENT_USER\\Software\\Microsoft\\Windows\\CurrentVersion\\Internet Settings\\Wpad\\{F76B84C4-979C-40C3-8B9C-C9823097EF49}\\WpadNetworkName"
          ],
          "read_keys": [
            "HKEY_LOCAL_MACHINE\\SOFTWARE\\Classes\\Wow6432Node\\Interface\\{26656EAA-54EB-4E6F-8F85-4F0EF901A406}\\ProxyStubClsid32\\(Default)",
            "HKEY_LOCAL_MACHINE\\SOFTWARE\\Wow6432Node\\Microsoft\\Tracing\\JNEwqQ_RASMANCS\\ConsoleTracingMask",
            "HKEY_CURRENT_USER\\Software\\Microsoft\\Windows\\CurrentVersion\\Explorer\\User Shell Folders\\AppData",
            "HKEY_LOCAL_MACHINE\\SYSTEM\\ControlSet001\\Control\\Nls\\Language Groups\\1"
          ]
        }
      }
    }
  ]
]
