[
  [
    {
      "behavior": {
        "summary": {
          "write_files": [
            "C:\\Users\\comp\\AppData\\Roaming\\60B249AD-226D-4B72-91E9-758951B2FB48\\run.dat"
          ],
          "delete_files": [
            "C:\\Windows\\Microsoft.NET\\Framework\\v2.0.50727\\RegAsm.exe:Zone.Identifier"
          ],
          "keys": [
            "HKEY_LOCAL_MACHINE\\SOFTWARE\\Wow6432Node\\Microsoft\\Windows\\CurrentVersion\\explorer\\FolderDescriptions\\{5CE4A5E9-E4EB-479D-B89F-130C02886155}\\ParentFolder"
          ],
          "read_keys": [
            "HKEY_LOCAL_MACHINE\\SOFTWARE\\Classes\\Wow6432Node\\CLSID\\{20D04FE0-3AEA-1069-A2D8-08002B30309D}\\ShellFolder\\HideFolderVerbs"
          ]
        }
      }
    }
  ],
  [
    {
      "behavior": {
        "summary": {
          "write_files": [
            "C:\\Users\\comp\\AppData\\Roaming\\60B249AD-226D-4B72-91E9-758951B2FB48\\run.dat"
          ],
          "delete_files": [
            "C:\\Windows\\Microsoft.NET\\Framework\\v2.0.50727\\RegAsm.exe:Zone.Identifier"
          ],
          "keys": [
            "HKEY_LOCAL_MACHINE\\SYSTEM\\ControlSet001\\services\\.NET CLR Networking\\Performance\\FileMappingSize"
          ]
        }
      }
    }
  ],
  [
    {
      "behavior": {
        "summary": {
          "delete_files": [
            "C:\\Users\\comp\\AppData\\Local\\pku2u\\rastapi.exe:Zone.Identifier"
          ],
          "keys": [
            "HKEY_LOCAL_MACHINE\\SOFTWARE\\Classes\\CLSID\\{20D04FE0-3AEA-1069-A2D8-08002B30309D}\\System.HideOnDesktop"
          ],
          "write_keys": [
            "HKEY_CURRENT_USER\\Software\\Microsoft\\Windows\\CurrentVersion\\Action Center\\Checks\\{E8433B72-5842-4d43-8645-BC2C35960837}.check.101\\CheckSetting"
          ]
        }
      }
    }
  ],
  [
    {
      "behavior": {
        "summary": {
          "executed_commands": [
            "\"C:\\Users\\comp\\AppData\\Local\\netprofm\\extrac32.exe\""
          ],
          "delete_files": [
            "C:\\Users\\comp\\AppData\\Local\\msclmd\\oddbse32.exe:Zone.Identifier"
          ]
        }
      }
    }
  ],
  [
    {
      "behavior": {
        "summary": {
          "delete_files": [
            "C:\\Users\\comp\\AppData\\Local\\LocationApi\\sdiagnhost.exe:Zone.Identifier",
            "C:\\Users\\comp\\AppData\\Local\\KBDTUF\\api-ms-win-core-xstate-l2-1-0.exe:Zone.Identifier"
          ],
          "keys": [
            "HKEY_LOCAL_MACHINE\\SOFTWARE\\Classes\\Directory\\ShellEx\\{000214F9-0000-0000-C000-000000000046}"
          ],
          "read_keys": [
            "HKEY_CURRENT_USER\\Software\\Microsoft\\Windows\\CurrentVersion\\Explorer\\Advanced\\HideFileExt",
            "HKEY_LOCAL_MACHINE\\SOFTWARE\\Classes\\CLSID\\{7007ACC7-3202-11D1-AAD2-00805FC1270E}\\ShellFolder\\PinToNameSpaceTree"
          ]
        }
      }
    }
  ],
  [
    {
      "behavior": {
        "summary": {
          "delete_files": [
            "C:\\Users\\comp\\AppData\\Local\\AdapterTroubleshooter\\davhlpr.exe:Zone.Identifier"
          ],
          "keys": [
            "HKEY_CURRENT_USER\\Software\\Microsoft\\Windows\\CurrentVersion\\Action Center\\Checks\\{A5268B8E-7DB5-465b-BAB7-BDCDA39A394A}.check.100"
          ],
          "write_keys": [
            "HKEY_CURRENT_USER\\Software\\Microsoft\\Windows\\CurrentVersion\\Action Center\\Checks\\{E8433B72-5842-4d43-8645-BC2C35960837}.check.103\\CheckSetting"
          ]
        }
      }
    }
  ],
  [
    {
      "behavior": {
        "summary": {
          "delete_files": [
            "C:\\Users\\comp\\AppData\\Local\\Netplwiz\\pnrpnsp.exe:Zone.Identifier"
          ],
          "files": [
            "C:\\Users\\comp\\AppData\\Local\\Netplwiz\\pnrpnsp.exe:Zone.Identifier"
          ],
          "keys": [
            "HKEY_LOCAL_MACHINE\\SOFTWARE\\MICROSOFT\\Internet Explorer\\Security\\DisableSecuritySettingsCheck"
          ]
        }
      }
    }
  ],
  [
    {
      "behavior": {
        "summary": {
          "delete_files": [
            "C:\\Users\\comp\\AppData\\Local\\mmres\\KBDBASH.exe:Zone.Identifier"
          ],
          "keys": [
            "HKEY_LOCAL_MACHINE\\SOFTWARE\\Wow6432Node\\Microsoft\\Windows\\CurrentVersion\\explorer\\Advanced\\MaxUndoItems"
          ],
          "write_keys": [
            "HKEY_CURRENT_USER\\Software\\Microsoft\\Windows\\CurrentVersion\\Action Center\\Checks\\{C8E6F269-B90A-4053-A3BE-499AFCEC98C4}.check.0\\CheckSetting"
          ]
        }
      }
    }
  ],
  [
    {
      "behavior": {
        "summary": {
          "delete_files": [
            "C:\\Users\\comp\\AppData\\Local\\mtxclu\\WlS0WndH.exe:Zone.Identifier"
          ],
          "keys": [
            "HKEY_LOCAL_MACHINE\\SOFTWARE\\Classes\\exefile\\"
          ],
          "write_keys": [
            "HKEY_CURRENT_USER\\Software\\Microsoft\\Windows\\CurrentVersion\\Action Center\\Checks\\{852FB1F8-5CC6-4567-9C0E-7C330F8807C2}.check.101\\CheckSetting"
          ]
        }
      }
    }
  ],
  [
    {
      "behavior": {
        "summary": {
          "executed_commands": [
            "\"C:\\Users\\comp\\AppData\\Local\\vbscript\\mstsc.exe\""
          ],
          "delete_files": [
            "C:\\Users\\comp\\AppData\\Local\\EhStorPwdMgr\\WMPhoto.exe:Zone.Identifier"
          ],
          "keys": [
            "HKEY_LOCAL_MACHINE\\SOFTWARE\\Classes\\CLSID\\{7007ACC7-3202-11D1-AAD2-00805FC1270E}\\ShellFolder\\WantsParseDisplayName"
          ]
        }
      }
    }
  ],
  [
    {
      "behavior": {
        "summary": {
          "delete_files": [
            "C:\\Users\\comp\\AppData\\Local\\infocardapi\\C_G18030.exe:Zone.Identifier"
          ],
          "files": [
            "C:\\Users\\comp\\AppData\\Local\\shfolder\\WerFaultSecure.exe:Zone.Identifier"
          ],
          "keys": [
            "HKEY_LOCAL_MACHINE\\SOFTWARE\\Classes\\Folder\\ShellEx\\{2F711B17-773C-41D4-93FA-7F23EDCECB66}"
          ],
          "read_keys": [
            "HKEY_LOCAL_MACHINE\\SOFTWARE\\Classes\\Wow6432Node\\CLSID\\{20D04FE0-3AEA-1069-A2D8-08002B30309D}\\ShellFolder\\WantsParseDisplayName"
          ]
        }
      }
    }
  ],
  [
    {
      "behavior": {
        "summary": {
          "delete_files": [
            "C:\\Users\\comp\\AppData\\Local\\d3dim\\drprov.exe:Zone.Identifier"
          ],
          "keys": [
            "HKEY_LOCAL_MACHINE\\SOFTWARE\\Classes\\Folder\\ShellEx\\PropertyHandler"
          ],
          "write_keys": [
            "HKEY_CURRENT_USER\\Software\\Microsoft\\Windows\\CurrentVersion\\Action Center\\Checks\\{E8433B72-5842-4d43-8645-BC2C35960837}.check.102\\CheckSetting"
          ]
        }
      }
    }
  ],
  [
    {
      "behavior": {
        "summary": {
          "executed_commands": [
            "\"C:\\Users\\comp\\AppData\\Local\\HOSTNAME\\KBDTH2.exe\""
          ],
          "delete_files": [
            "C:\\Users\\comp\\AppData\\Local\\KBDSL\\mimefilt.exe:Zone.Identifier"
          ],
          "keys": [
            "HKEY_LOCAL_MACHINE\\SOFTWARE\\Classes\\Interface\\{B722BCCB-4E68-101B-A2BC-00AA00404770}\\ProxyStubClsid32"
          ]
        }
      }
    }
  ],
  [
    {
      "behavior": {
        "summary": {
          "delete_files": [
            "C:\\Users\\comp\\AppData\\Local\\tapi32\\oleres.exe:Zone.Identifier"
          ],
          "files": [
            "C:\\Users\\comp\\AppData\\Local\\tapi32\\oleres.exe:Zone.Identifier"
          ],
          "keys": [
            "HKEY_LOCAL_MACHINE\\SOFTWARE\\Classes\\Wow6432Node\\CLSID\\{20D04FE0-3AEA-1069-A2D8-08002B30309D}\\ShellFolder\\HideOnDesktopPerUser"
          ]
        }
      }
    }
  ],
  [
    {
      "behavior": {
        "summary": {
          "write_files": [
            "C:\\Users\\comp\\AppData\\Local\\p2pnetsh\\XpsFilt.exe"
          ],
          "delete_files": [
            "C:\\Users\\comp\\AppData\\Local\\KBDA2\\IasMigPlugin.exe:Zone.Identifier"
          ],
          "files": [
            "C:\\Users\\comp\\AppData\\Local\\p2pnetsh\\XpsFilt.exe:Zone.Identifier"
          ],
          "keys": [
            "HKEY_LOCAL_MACHINE\\SOFTWARE\\Classes\\CLSID\\{7007ACC7-3202-11D1-AAD2-00805FC1270E}\\ShellFolder\\HasNavigationEnum"
          ],
          "read_keys": [
            "HKEY_LOCAL_MACHINE\\SOFTWARE\\Microsoft\\Windows\\CurrentVersion\\Policies\\Explorer\\NoWebView"
          ]
        }
      }
    }
  ],
  [
    {
      "behavior": {
        "summary": {
          "delete_files": [
            "C:\\Users\\comp\\AppData\\Roaming\\newapp\\newapp.exe:Zone.Identifier"
          ],
          "write_keys": [
            "HKEY_CURRENT_USER\\Software\\Microsoft\\Windows\\CurrentVersion\\Run\\newapp"
          ]
        }
      }
    }
  ],
  [
    {
      "behavior": {
        "summary": {
          "delete_files": [
            "C:\\Users\\comp\\AppData\\Local\\icm32\\tdh.exe:Zone.Identifier"
          ],
          "keys": [
            "HKEY_LOCAL_MACHINE\\SOFTWARE\\Classes\\AllFilesystemObjects\\ShellEx\\PropertyHandler"
          ],
          "write_keys": [
            "HKEY_CURRENT_USER\\Software\\Microsoft\\Windows\\CurrentVersion\\Action Center\\Checks\\{E8433B72-5842-4d43-8645-BC2C35960837}.check.103\\CheckSetting"
          ]
        }
      }
    }
  ],
  [
    {
      "behavior": {
        "summary": {
          "delete_files": [
            "C:\\Users\\comp\\AppData\\Local\\api-ms-win-core-timezone-l1-1-0\\ieakui.exe:Zone.Identifier"
          ],
          "write_keys": [
            "HKEY_CURRENT_USER\\Software\\Microsoft\\Windows\\CurrentVersion\\Action Center\\Checks\\{852FB1F8-5CC6-4567-9C0E-7C330F8807C2}.check.101\\CheckSetting"
          ]
        }
      }
    }
  ],
  [
    {
      "behavior": {
        "summary": {
          "write_files": [
            "C:\\Users\\comp\\AppData\\Local\\d3d8\\oddbse32.exe"
          ],
          "delete_files": [
            "C:\\Users\\comp\\AppData\\Local\\setupcln\\SearchProtocolHost.exe:Zone.Identifier"
          ],
          "files": [
            "C:\\Users\\comp\\AppData\\Local\\setupcln\\SearchProtocolHost.exe:Zone.Identifier"
          ],
          "keys": [
            "HKEY_LOCAL_MACHINE\\SOFTWARE\\Classes\\exefile\\DocObject"
          ]
        }
      }
    }
  ],
  [
    {
      "behavior": {
        "summary": {
          "executed_commands": [
            "\"C:\\Users\\comp\\AppData\\Local\\winver\\proquota.exe\""
          ],
          "delete_files": [
            "C:\\Users\\comp\\AppData\\Local\\winver\\proquota.exe:Zone.Identifier"
          ],
          "keys": [
            "HKEY_LOCAL_MACHINE\\SOFTWARE\\Classes\\AllFilesystemObjects\\ShellEx\\IconHandler"
          ]
        }
      }
    }
  ],
  [
    {
      "behavior": {
        "summary": {
          "delete_files": [
            "C:\\Users\\comp\\AppData\\Local\\NlsLexicons0414\\ndfapi.exe:Zone.Identifier"
          ],
          "files": [
            "C:\\Users\\comp\\AppData\\Local\\NlsLexicons0414\\ndfapi.exe:Zone.Identifier"
          ],
          "read_files": [
            "C:\\Windows\\SysWOW64\\en-US\\SHELL32.dll.mui"
          ],
          "keys": [
            "HKEY_LOCAL_MACHINE\\SOFTWARE\\Microsoft\\Rpc\\Extensions\\NdrOleExtDLL"
          ]
        }
      }
    }
  ],
  [
    {
      "behavior": {
        "summary": {
          "delete_files": [
            "C:\\Users\\comp\\AppData\\Local\\Temp\\d24902af61b7ff0f4977.exe:Zone.Identifier"
          ],
          "files": [
            "C:\\Users\\comp\\AppData\\Local\\Temp\\d24902af61b7ff0f4977.exe:Zone.Identifier"
          ],
          "keys": [
            "HKEY_LOCAL_MACHINE\\SOFTWARE\\Microsoft\\Fusion\\EnableLog"
          ]
        }
      }
    }
  ],
  [
    {
      "behavior": {
        "summary": {
          "executed_commands": [
            "\"C:\\Users\\comp\\AppData\\Local\\api-ms-win-core-errorhandling-l1-1-0\\unlodctr.exe\""
          ],
          "delete_files": [
            "C:\\Users\\comp\\AppData\\Local\\api-ms-win-core-errorhandling-l1-1-0\\unlodctr.exe:Zone.Identifier"
          ]
        }
      }
    }
  ],
  [
    {
      "behavior": {
        "summary": {
          "delete_files": [
            "C:\\Users\\comp\\AppData\\Local\\glmf32\\WSDApi.exe:Zone.Identifier"
          ],
          "files": [
            "C:\\Users\\comp\\AppData\\Local\\rtm\\dispex.exe:Zone.Identifier"
          ],
          "keys": [
            "HKEY_LOCAL_MACHINE\\SOFTWARE\\Classes\\Drive\\shellex\\FolderExtensions\\{fbeb8a05-beee-4442-804e-409d6c4515e9}\\DriveMask"
          ]
        }
      }
    }
  ],
  [
    {
      "behavior": {
        "summary": {
          "delete_files": [
            "C:\\Users\\comp\\AppData\\Local\\irclass\\d3d10_1core.exe:Zone.Identifier"
          ],
          "write_keys": [
            "HKEY_CURRENT_USER\\Software\\Microsoft\\Windows\\CurrentVersion\\Action Center\\Checks\\{E8433B72-5842-4d43-8645-BC2C35960837}.check.101\\CheckSetting"
          ]
        }
      }
    }
  ],
  [
    {
      "behavior": {
        "summary": {
          "delete_files": [
            "C:\\Users\\comp\\AppData\\Local\\KBDCZ2\\DDACLSys.exe:Zone.Identifier"
          ],
          "files": [
            "C:\\Users\\comp\\AppData\\Local\\nshhttp\\PushPrinterConnections.exe:Zone.Identifier"
          ],
          "keys": [
            "HKEY_LOCAL_MACHINE\\SOFTWARE\\Microsoft\\Windows NT\\CurrentVersion\\LanguagePack\\SurrogateFallback\\Plane6"
          ]
        }
      }
    }
  ],
  [
    {
      "behavior": {
        "summary": {
          "delete_files": [
            "C:\\Users\\comp\\AppData\\Local\\olecli32\\gpupdate.exe:Zone.Identifier"
          ],
          "files": [
            "C:\\Users\\comp\\AppData\\Local\\termmgr\\sort.exe:Zone.Identifier"
          ],
          "keys": [
            "HKEY_LOCAL_MACHINE\\SOFTWARE\\Classes\\CLSID\\{7007ACC7-3202-11D1-AAD2-00805FC1270E}\\SortOrderIndex"
          ]
        }
      }
    }
  ],
  [
    {
      "behavior": {
        "summary": {
          "executed_commands": [
            "\"C:\\Users\\comp\\AppData\\Local\\sspicli\\shell32.exe\""
          ],
          "delete_files": [
            "C:\\Users\\comp\\AppData\\Local\\sspicli\\shell32.exe:Zone.Identifier"
          ],
          "keys": [
            "HKEY_CURRENT_USER\\Software\\Microsoft\\Windows\\CurrentVersion\\Action Center\\Checks\\{01979c6a-42fa-414c-b8aa-eee2c8202018}.check.100"
          ]
        }
      }
    }
  ],
  [
    {
      "behavior": {
        "summary": {
          "executed_commands": [
            "\"C:\\Users\\comp\\AppData\\Local\\KBDFI1\\mapistub.exe\""
          ],
          "delete_files": [
            "C:\\Users\\comp\\AppData\\Local\\msshavmsg\\wlanapi.exe:Zone.Identifier"
          ],
          "keys": [
            "HKEY_LOCAL_MACHINE\\SOFTWARE\\Classes\\WinRAR.ZIP\\"
          ]
        }
      }
    }
  ],
  [
    {
      "behavior": {
        "summary": {
          "delete_files": [
            "C:\\Users\\comp\\AppData\\Local\\tapiperf\\kbdgeoer.exe:Zone.Identifier"
          ],
          "keys": [
            "HKEY_LOCAL_MACHINE\\SOFTWARE\\Microsoft\\Windows\\CurrentVersion\\Policies\\NonEnum\\{20D04FE0-3AEA-1069-A2D8-08002B30309D}"
          ],
          "write_keys": [
            "HKEY_CURRENT_USER\\Software\\Microsoft\\Windows\\CurrentVersion\\Action Center\\Checks\\{945a8954-c147-4acd-923f-40c45405a658}.check.42\\CheckSetting"
          ]
        }
      }
    }
  ],
  [
    {
      "behavior": {
        "summary": {
          "executed_commands": [
            "\"C:\\Users\\comp\\AppData\\Local\\batmeter\\api-ms-win-core-sysinfo-l1-1-0.exe\""
          ],
          "delete_files": [
            "C:\\Users\\comp\\AppData\\Local\\vdmdbg\\mstscax.exe:Zone.Identifier"
          ]
        }
      }
    }
  ],
  [
    {
      "behavior": {
        "summary": {
          "executed_commands": [
            "\"C:\\Users\\comp\\AppData\\Local\\api-ms-win-crt-utility-l1-1-0\\mfc42.exe\""
          ],
          "delete_files": [
            "C:\\Users\\comp\\AppData\\Local\\api-ms-win-crt-utility-l1-1-0\\mfc42.exe:Zone.Identifier"
          ]
        }
      }
    }
  ],
  [
    {
      "behavior": {
        "summary": {
          "delete_files": [
            "C:\\Users\\comp\\AppData\\Local\\radardt\\UserAccountControlSettings.exe:Zone.Identifier"
          ],
          "keys": [
            "HKEY_CURRENT_USER\\Software\\Microsoft\\Windows\\CurrentVersion\\Internet Settings\\Zones\\4\\1405"
          ],
          "write_keys": [
            "HKEY_CURRENT_USER\\Software\\Microsoft\\Windows\\CurrentVersion\\Action Center\\Checks\\{945a8954-c147-4acd-923f-40c45405a658}.check.42\\CheckSetting"
          ]
        }
      }
    }
  ],
  [
    {
      "behavior": {
        "summary": {
          "delete_files": [
            "C:\\Users\\comp\\AppData\\Local\\apphelp\\NlsLexicons0001.exe:Zone.Identifier"
          ],
          "write_keys": [
            "HKEY_CURRENT_USER\\Software\\Microsoft\\Windows\\CurrentVersion\\Action Center\\Checks\\{852FB1F8-5CC6-4567-9C0E-7C330F8807C2}.check.101\\CheckSetting"
          ]
        }
      }
    }
  ],
  [
    {
      "behavior": {
        "summary": {
          "delete_files": [
            "C:\\Users\\comp\\AppData\\Local\\devmgr\\sisbkup.exe:Zone.Identifier"
          ],
          "files": [
            "C:\\Users\\comp\\AppData\\Local\\devmgr\\sisbkup.exe:Zone.Identifier"
          ],
          "keys": [
            "HKEY_CLASSES_ROOT\\Drive\\shellex\\FolderExtensions\\{fbeb8a05-beee-4442-804e-409d6c4515e9}"
          ]
        }
      }
    }
  ],
  [
    {
      "behavior": {
        "summary": {
          "delete_files": [
            "C:\\Users\\comp\\AppData\\Local\\XInput9_1_0\\HOSTNAME.exe:Zone.Identifier",
            "C:\\Users\\comp\\AppData\\Local\\KBDUSR\\api-ms-win-crt-heap-l1-1-0.exe:Zone.Identifier"
          ],
          "write_keys": [
            "HKEY_CURRENT_USER\\Software\\Microsoft\\Windows\\CurrentVersion\\Action Center\\Checks\\{E8433B72-5842-4d43-8645-BC2C35960837}.check.103\\CheckSetting"
          ],
          "read_keys": [
            "HKEY_LOCAL_MACHINE\\SOFTWARE\\Classes\\CLSID\\{7007ACC7-3202-11D1-AAD2-00805FC1270E}\\ShellFolder\\HideOnDesktopPerUser"
          ]
        }
      }
    }
  ],
  [
    {
      "behavior": {
        "summary": {
          "executed_commands": [
            "\"C:\\Users\\comp\\AppData\\Local\\aaclient\\d3dramp.exe\""
          ],
          "delete_files": [
            "C:\\Users\\comp\\AppData\\Local\\colbact\\dot3gpclnt.exe:Zone.Identifier"
          ]
        }
      }
    }
  ],
  [
    {
      "behavior": {
        "summary": {
          "delete_files": [
            "C:\\Users\\comp\\AppData\\Local\\softkbd\\ocsetapi.exe:Zone.Identifier"
          ],
          "files": [
            "C:\\Users\\comp\\AppData\\Local\\KBDBE\\iassdo.exe:Zone.Identifier"
          ],
          "keys": [
            "HKEY_LOCAL_MACHINE\\Software\\Classes\\CLSID\\{7007acc7-3202-11d1-aad2-00805fc1270e}\\InProcServer32"
          ],
          "read_keys": [
            "HKEY_CURRENT_USER\\Software\\Microsoft\\Windows\\CurrentVersion\\Internet Settings\\Zones\\4\\1001"
          ]
        }
      }
    }
  ],
  [
    {
      "behavior": {
        "summary": {
          "executed_commands": [
            "\"C:\\Users\\comp\\AppData\\Local\\pdhui\\rasmontr.exe\""
          ],
          "delete_files": [
            "C:\\Users\\comp\\AppData\\Local\\SearchFilterHost\\iscsicli.exe:Zone.Identifier"
          ]
        }
      }
    }
  ],
  [
    {
      "behavior": {
        "summary": {
          "delete_files": [
            "C:\\Users\\comp\\AppData\\Local\\ir32_32\\RASMM.exe:Zone.Identifier"
          ],
          "keys": [
            "HKEY_LOCAL_MACHINE\\SOFTWARE\\Microsoft\\Windows NT\\CurrentVersion\\LanguagePack\\SurrogateFallback\\Plane5"
          ],
          "read_keys": [
            "HKEY_LOCAL_MACHINE\\SOFTWARE\\Classes\\CLSID\\{9C73F5E5-7AE7-4E32-A8E8-8D23B85255BF}\\ShellFolder\\CallForAttributes",
            "HKEY_CURRENT_USER\\Software\\Classes\\Local Settings\\MuiCache\\5\\52C64B7E\\@C:\\Windows\\system32\\netshell.dll,-1200"
          ]
        }
      }
    }
  ],
  [
    {
      "behavior": {
        "summary": {
          "executed_commands": [
            "\"C:\\Users\\comp\\AppData\\Local\\unlodctr\\msshooks.exe\""
          ],
          "delete_files": [
            "C:\\Users\\comp\\AppData\\Local\\elsTrans\\sud.exe:Zone.Identifier"
          ],
          "keys": [
            "HKEY_LOCAL_MACHINE\\SOFTWARE\\Classes\\Wow6432Node\\CLSID\\{20D04FE0-3AEA-1069-A2D8-08002B30309D}\\ShellFolder\\NoFileFolderJunction"
          ]
        }
      }
    }
  ],
  [
    {
      "behavior": {
        "summary": {
          "delete_files": [
            "C:\\Users\\comp\\AppData\\Local\\shfolder\\docprop.exe:Zone.Identifier"
          ],
          "keys": [
            "HKEY_LOCAL_MACHINE\\SYSTEM\\ControlSet001\\Control\\MUI\\StringCacheSettings\\StringCacheGeneration"
          ],
          "write_keys": [
            "HKEY_CURRENT_USER\\Software\\Microsoft\\Windows\\CurrentVersion\\Action Center\\Checks\\{E8433B72-5842-4d43-8645-BC2C35960837}.check.100\\CheckSetting"
          ]
        }
      }
    }
  ],
  [
    {
      "behavior": {
        "summary": {
          "executed_commands": [
            "\"C:\\Users\\comp\\AppData\\Local\\dmcompos\\KBDHELA2.exe\""
          ],
          "delete_files": [
            "C:\\Users\\comp\\AppData\\Local\\rdpcore\\NlsLexicons0002.exe:Zone.Identifier"
          ],
          "read_keys": [
            "HKEY_LOCAL_MACHINE\\SOFTWARE\\Classes\\AllFilesystemObjects\\NeverShowExt"
          ]
        }
      }
    }
  ],
  [
    {
      "behavior": {
        "summary": {
          "executed_commands": [
            "C:\\Windows\\System32\\PkgMgr.exe /n:%temp%\\ellocnak.xml"
          ],
          "delete_files": [
            "C:\\Users\\comp\\AppData\\Roaming\\images.exe:Zone.Identifier"
          ],
          "files": [
            "C:\\Users\\comp\\AppData\\Roaming\\images.exe:Zone.Identifier"
          ]
        }
      }
    }
  ],
  [
    {
      "behavior": {
        "summary": {
          "delete_files": [
            "C:\\Users\\comp\\AppData\\Local\\sfc_os\\werdiagcontroller.exe:Zone.Identifier"
          ],
          "files": [
            "C:\\Users\\comp\\AppData\\Local\\wshrm\\XInput9_1_0.exe:Zone.Identifier"
          ],
          "keys": [
            "HKEY_LOCAL_MACHINE\\SOFTWARE\\MICROSOFT\\WINDOWS NT\\CURRENTVERSION\\LanguagePack\\SurrogateFallback\\Segoe UI"
          ]
        }
      }
    }
  ],
  [
    {
      "behavior": {
        "summary": {
          "executed_commands": [
            "\"C:\\Users\\comp\\AppData\\Local\\browcli\\dllhost.exe\""
          ],
          "delete_files": [
            "C:\\Users\\comp\\AppData\\Local\\browcli\\dllhost.exe:Zone.Identifier"
          ],
          "write_keys": [
            "HKEY_CURRENT_USER\\Software\\Microsoft\\Windows\\CurrentVersion\\Action Center\\Checks\\{852FB1F8-5CC6-4567-9C0E-7C330F8807C2}.check.100\\CheckSetting"
          ]
        }
      }
    }
  ],
  [
    {
      "behavior": {
        "summary": {
          "delete_files": [
            "C:\\Windows\\Microsoft.NET\\Framework\\v2.0.50727\\RegAsm.exe:Zone.Identifier"
          ],
          "write_keys": [
            "HKEY_CURRENT_USER\\Software\\Microsoft\\Windows\\CurrentVersion\\Action Center\\Checks\\{E8433B72-5842-4d43-8645-BC2C35960837}.check.100\\CheckSetting"
          ]
        }
      }
    }
  ],
  [
    {
      "behavior": {
        "summary": {
          "executed_commands": [
            "\"C:\\Users\\comp\\AppData\\Local\\KBDSMSNO\\dinput8.exe\""
          ],
          "delete_files": [
            "C:\\Users\\comp\\AppData\\Local\\perfts\\typelib.exe:Zone.Identifier"
          ],
          "keys": [
            "HKEY_LOCAL_MACHINE\\SOFTWARE\\Classes\\Wow6432Node\\CLSID\\{B196B286-BAB4-101A-B69C-00AA00341D07}\\TreatAs"
          ]
        }
      }
    }
  ],
  [
    {
      "behavior": {
        "summary": {
          "delete_files": [
            "C:\\Users\\comp\\AppData\\Local\\iprop\\korwbrkr.exe:Zone.Identifier"
          ],
          "write_keys": [
            "HKEY_CURRENT_USER\\Software\\Microsoft\\Windows\\CurrentVersion\\Action Center\\Checks\\{E8433B72-5842-4d43-8645-BC2C35960837}.check.101\\CheckSetting"
          ]
        }
      }
    }
  ],
  [
    {
      "behavior": {
        "summary": {
          "delete_files": [
            "C:\\Users\\comp\\AppData\\Local\\fdWCN\\KBDNSO.exe:Zone.Identifier"
          ],
          "keys": [
            "HKEY_LOCAL_MACHINE\\SOFTWARE\\Classes\\CLSID\\{7007ACC7-3202-11D1-AAD2-00805FC1270E}\\ShellFolder\\WantsAliasedNotifications",
            "HKEY_LOCAL_MACHINE\\Software\\Microsoft\\Windows\\CurrentVersion\\Internet Settings\\Zones\\4"
          ],
          "write_keys": [
            "HKEY_CURRENT_USER\\Software\\Microsoft\\Windows\\CurrentVersion\\Explorer\\SessionInfo\\1\\WHCIconStartup"
          ]
        }
      }
    }
  ],
  [
    {
      "behavior": {
        "summary": {
          "executed_commands": [
            "\"C:\\Users\\comp\\AppData\\Local\\wininit\\SystemPropertiesAdvanced.exe\""
          ],
          "delete_files": [
            "C:\\Users\\comp\\AppData\\Local\\wininit\\SystemPropertiesAdvanced.exe:Zone.Identifier"
          ]
        }
      }
    }
  ],
  [
    {
      "behavior": {
        "summary": {
          "executed_commands": [
            "\"C:\\Users\\comp\\AppData\\Local\\msftedit\\shsetup.exe\""
          ],
          "delete_files": [
            "C:\\Users\\comp\\AppData\\Local\\msftedit\\shsetup.exe:Zone.Identifier"
          ],
          "keys": [
            "HKEY_CURRENT_USER\\Software\\Microsoft\\Windows\\CurrentVersion\\Internet Settings\\Zones\\1"
          ]
        }
      }
    }
  ],
  [
    {
      "behavior": {
        "summary": {
          "delete_files": [
            "C:\\Users\\comp\\AppData\\Local\\davhlpr\\autoconv.exe:Zone.Identifier"
          ],
          "keys": [
            "HKEY_LOCAL_MACHINE\\SOFTWARE\\Classes\\Folder\\BrowseInPlace"
          ],
          "write_keys": [
            "HKEY_CURRENT_USER\\Software\\Microsoft\\Windows\\CurrentVersion\\Action Center\\Checks\\{852FB1F8-5CC6-4567-9C0E-7C330F8807C2}.check.100\\CheckSetting"
          ]
        }
      }
    }
  ],
  [
    {
      "behavior": {
        "summary": {
          "executed_commands": [
            "\"C:\\Users\\comp\\AppData\\Local\\wksprtPS\\wscript.exe\""
          ],
          "delete_files": [
            "C:\\Users\\comp\\AppData\\Local\\wksprtPS\\wscript.exe:Zone.Identifier"
          ],
          "keys": [
            "HKEY_CLASSES_ROOT\\Folder"
          ]
        }
      }
    }
  ],
  [
    {
      "behavior": {
        "summary": {
          "delete_files": [
            "C:\\Users\\comp\\AppData\\Local\\olecli32\\WWanAPI.exe:Zone.Identifier"
          ],
          "files": [
            "C:\\Users\\comp\\AppData\\Local\\wscisvif\\gptext.exe:Zone.Identifier"
          ],
          "keys": [
            "HKEY_LOCAL_MACHINE\\SOFTWARE\\MICROSOFT\\Windows\\CurrentVersion\\Explorer\\MyComputer\\NameSpace\\DelegateFolders"
          ]
        }
      }
    }
  ],
  [
    {
      "behavior": {
        "summary": {
          "executed_commands": [
            "\"C:\\Users\\comp\\AppData\\Local\\netbtugc\\choice.exe\""
          ],
          "delete_files": [
            "C:\\Users\\comp\\AppData\\Local\\netbtugc\\choice.exe:Zone.Identifier"
          ]
        }
      }
    }
  ],
  [
    {
      "behavior": {
        "summary": {
          "delete_files": [
            "C:\\Users\\comp\\AppData\\Local\\mfdvdec\\security.exe:Zone.Identifier"
          ],
          "files": [
            "C:\\Users\\comp\\AppData\\Local\\cmpbk32\\jsproxy.exe:Zone.Identifier"
          ],
          "write_keys": [
            "HKEY_CURRENT_USER\\Software\\Microsoft\\Windows\\CurrentVersion\\Explorer\\SessionInfo\\1\\WHCIconStartup"
          ]
        }
      }
    }
  ],
  [
    {
      "behavior": {
        "summary": {
          "executed_commands": [
            "\"C:\\Users\\comp\\AppData\\Local\\WABSyncProvider\\msvcrt40.exe\""
          ],
          "delete_files": [
            "C:\\Users\\comp\\AppData\\Local\\WABSyncProvider\\msvcrt40.exe:Zone.Identifier"
          ]
        }
      }
    }
  ],
  [
    {
      "behavior": {
        "summary": {
          "executed_commands": [
            "\"C:\\Users\\comp\\AppData\\Local\\convert\\dplayx.exe\""
          ],
          "delete_files": [
            "C:\\Users\\comp\\AppData\\Local\\convert\\dplayx.exe:Zone.Identifier"
          ],
          "keys": [
            "HKEY_CLASSES_ROOT\\CLSID\\{7007ACC7-3202-11D1-AAD2-00805FC1270E}\\ShellFolder"
          ]
        }
      }
    }
  ],
  [
    {
      "behavior": {
        "summary": {
          "delete_files": [
            "C:\\Users\\comp\\AppData\\Local\\webio\\sud.exe:Zone.Identifier"
          ],
          "write_keys": [
            "HKEY_CURRENT_USER\\Software\\Microsoft\\Windows\\CurrentVersion\\Action Center\\Checks\\{852FB1F8-5CC6-4567-9C0E-7C330F8807C2}.check.101\\CheckSetting"
          ],
          "read_keys": [
            "HKEY_LOCAL_MACHINE\\SOFTWARE\\Classes\\CLSID\\{7007ACC7-3202-11D1-AAD2-00805FC1270E}\\ShellFolder\\WantsParseDisplayName"
          ]
        }
      }
    }
  ],
  [
    {
      "behavior": {
        "summary": {
          "delete_files": [
            "C:\\Users\\comp\\AppData\\Local\\AudioSes\\rrinstaller.exe:Zone.Identifier"
          ],
          "files": [
            "C:\\Users\\comp\\AppData\\Local\\AudioSes\\rrinstaller.exe:Zone.Identifier"
          ],
          "keys": [
            "HKEY_LOCAL_MACHINE\\SOFTWARE\\Classes\\Wow6432Node\\CLSID\\{20D04FE0-3AEA-1069-A2D8-08002B30309D}\\ShellFolder\\QueryForOverlay"
          ]
        }
      }
    }
  ],
  [
    {
      "behavior": {
        "summary": {
          "executed_commands": [
            "\"C:\\Users\\comp\\AppData\\Local\\regedit\\api-ms-win-core-localregistry-l1-1-0.exe\""
          ],
          "delete_files": [
            "C:\\Users\\comp\\AppData\\Local\\tvratings\\KBDIBO.exe:Zone.Identifier"
          ]
        }
      }
    }
  ],
  [
    {
      "behavior": {
        "summary": {
          "delete_files": [
            "C:\\Users\\comp\\AppData\\Local\\KBDNSO\\imm32.exe:Zone.Identifier"
          ],
          "files": [
            "C:\\Users\\comp\\AppData\\Local\\KBDNSO\\imm32.exe:Zone.Identifier"
          ],
          "keys": [
            "HKEY_LOCAL_MACHINE\\SOFTWARE\\Classes\\Folder\\NeverShowExt"
          ]
        }
      }
    }
  ],
  [
    {
      "behavior": {
        "summary": {
          "executed_commands": [
            "\"C:\\Users\\comp\\AppData\\Local\\dsrole\\certutil.exe\""
          ],
          "delete_files": [
            "C:\\Users\\comp\\AppData\\Local\\dsrole\\certutil.exe:Zone.Identifier"
          ],
          "keys": [
            "HKEY_LOCAL_MACHINE\\SOFTWARE\\Microsoft\\Windows\\CurrentVersion\\PropertySystem\\FormatForDisplayHelper"
          ]
        }
      }
    }
  ],
  [
    {
      "behavior": {
        "summary": {
          "delete_files": [
            "C:\\Users\\comp\\AppData\\Local\\wiadefui\\mtxex.exe:Zone.Identifier",
            "C:\\Users\\comp\\AppData\\Local\\prnntfy\\Magnify.exe:Zone.Identifier"
          ],
          "files": [
            "C:\\Users\\comp\\AppData\\Local\\mferror\\ntprint.exe:Zone.Identifier"
          ],
          "keys": [
            "HKEY_LOCAL_MACHINE\\SOFTWARE\\Microsoft\\Windows\\CurrentVersion\\Policies\\Explorer\\AllowFileCLSIDJunctions"
          ],
          "read_keys": [
            "HKEY_LOCAL_MACHINE\\SOFTWARE\\Classes\\CLSID\\{20D04FE0-3AEA-1069-A2D8-08002B30309D}\\System.HideOnDesktop"
          ]
        }
      }
    }
  ],
  [
    {
      "behavior": {
        "summary": {
          "delete_files": [
            "C:\\Users\\comp\\AppData\\Local\\xolehlp\\txfw32.exe:Zone.Identifier"
          ],
          "keys": [
            "HKEY_LOCAL_MACHINE\\SOFTWARE\\Classes\\CLSID\\{2227A280-3AEA-1069-A2DE-08002B30309D}\\LocalizedString"
          ],
          "write_keys": [
            "HKEY_CURRENT_USER\\Software\\Microsoft\\Windows\\CurrentVersion\\Action Center\\Checks\\{E8433B72-5842-4d43-8645-BC2C35960837}.check.101\\CheckSetting"
          ]
        }
      }
    }
  ],
  [
    {
      "behavior": {
        "summary": {
          "write_files": [
            "C:\\Users\\comp\\AppData\\Local\\wininet\\print.exe"
          ],
          "delete_files": [
            "C:\\Users\\comp\\AppData\\Local\\bidispl\\mmcico.exe:Zone.Identifier"
          ],
          "files": [
            "C:\\Users\\comp\\AppData\\Local\\dsprop\\msswch.exe:Zone.Identifier"
          ],
          "keys": [
            "HKEY_LOCAL_MACHINE\\SOFTWARE\\Classes\\Folder\\DocObject"
          ]
        }
      }
    }
  ],
  [
    {
      "behavior": {
        "summary": {
          "executed_commands": [
            "C:\\Windows\\SysWOW64\\rundll32.exe \"C:\\Users\\comp\\AppData\\Local\\Ofhv\\zqgrm.ikl\",RunDLL"
          ],
          "delete_files": [
            "C:\\Users\\comp\\AppData\\Local\\Ofhv\\zqgrm.ikl:Zone.Identifier"
          ],
          "keys": [
            "HKEY_CURRENT_USER\\Software\\Classes\\Local Settings\\MuiCache\\5\\52C64B7E\\LanguageList"
          ]
        }
      }
    }
  ],
  [
    {
      "behavior": {
        "summary": {
          "executed_commands": [
            "\"C:\\Users\\comp\\AppData\\Local\\ksuser\\irclass.exe\""
          ],
          "delete_files": [
            "C:\\Users\\comp\\AppData\\Local\\inetmib1\\netshell.exe:Zone.Identifier"
          ],
          "keys": [
            "HKEY_LOCAL_MACHINE\\SOFTWARE\\MICROSOFT\\WINDOWS NT\\CURRENTVERSION\\LanguagePack\\SurrogateFallback\\Plane12"
          ]
        }
      }
    }
  ],
  [
    {
      "behavior": {
        "summary": {
          "delete_files": [
            "C:\\Users\\comp\\AppData\\Local\\xwtpw32\\NlsData0007.exe:Zone.Identifier"
          ],
          "files": [
            "C:\\Users\\comp\\AppData\\Local\\xwtpw32\\NlsData0007.exe:Zone.Identifier"
          ],
          "keys": [
            "HKEY_LOCAL_MACHINE\\SOFTWARE\\Classes\\CLSID\\{20D04FE0-3AEA-1069-A2D8-08002B30309D}\\System.HideOnDesktop"
          ]
        }
      }
    }
  ],
  [
    {
      "behavior": {
        "summary": {
          "executed_commands": [
            "\"C:\\Users\\comp\\AppData\\Local\\msoert2\\msnetobj.exe\""
          ],
          "delete_files": [
            "C:\\Users\\comp\\AppData\\Local\\msoert2\\msnetobj.exe:Zone.Identifier"
          ],
          "keys": [
            "HKEY_LOCAL_MACHINE\\SOFTWARE\\Microsoft\\Windows\\CurrentVersion\\Internet Settings\\Zones\\3\\1806"
          ]
        }
      }
    }
  ],
  [
    {
      "behavior": {
        "summary": {
          "executed_commands": [
            "\"C:\\Users\\comp\\AppData\\Local\\wmpeffects\\credssp.exe\""
          ],
          "delete_files": [
            "C:\\Users\\comp\\AppData\\Local\\wmpeffects\\credssp.exe:Zone.Identifier"
          ],
          "keys": [
            "HKEY_LOCAL_MACHINE\\Software\\Microsoft\\Windows\\CurrentVersion\\Internet Settings\\Zones\\2"
          ]
        }
      }
    }
  ],
  [
    {
      "behavior": {
        "summary": {
          "delete_files": [
            "C:\\Users\\comp\\AppData\\Local\\vaultcli\\pidgenx.exe:Zone.Identifier"
          ],
          "keys": [
            "HKEY_LOCAL_MACHINE\\Software\\Microsoft\\Windows\\CurrentVersion\\Explorer\\MyComputer\\NameSpace"
          ],
          "write_keys": [
            "HKEY_CURRENT_USER\\Software\\Microsoft\\Windows\\CurrentVersion\\Action Center\\Checks\\{945a8954-c147-4acd-923f-40c45405a658}.check.42\\CheckSetting"
          ]
        }
      }
    }
  ],
  [
    {
      "behavior": {
        "summary": {
          "executed_commands": [
            "\"C:\\Users\\comp\\AppData\\Local\\KBDINBEN\\NlsData004b.exe\""
          ],
          "delete_files": [
            "C:\\Users\\comp\\AppData\\Local\\KBDINBEN\\NlsData004b.exe:Zone.Identifier"
          ]
        }
      }
    }
  ],
  [
    {
      "behavior": {
        "summary": {
          "executed_commands": [
            "\"C:\\Users\\comp\\AppData\\Local\\mfc40u\\secproc_isv.exe\""
          ],
          "delete_files": [
            "C:\\Users\\comp\\AppData\\Local\\KBDLT\\uxlibres.exe:Zone.Identifier"
          ],
          "keys": [
            "HKEY_LOCAL_MACHINE\\SOFTWARE\\Classes\\Wow6432Node\\CLSID\\{20D04FE0-3AEA-1069-A2D8-08002B30309D}\\ShellFolder\\PinToNameSpaceTree"
          ]
        }
      }
    }
  ],
  [
    {
      "behavior": {
        "summary": {
          "executed_commands": [
            "\"C:\\Users\\comp\\AppData\\Local\\XInput9_1_0\\HOSTNAME.exe\""
          ],
          "delete_files": [
            "C:\\Users\\comp\\AppData\\Local\\NlsLexicons0045\\ComputerDefaults.exe:Zone.Identifier"
          ]
        }
      }
    }
  ],
  [
    {
      "behavior": {
        "summary": {
          "delete_files": [
            "C:\\Users\\comp\\AppData\\Local\\odexl32\\wuapp.exe:Zone.Identifier"
          ],
          "files": [
            "C:\\Users\\comp\\AppData\\Local\\sort\\atl.exe:Zone.Identifier"
          ],
          "read_files": [
            "C:\\Program Files\\Internet Explorer\\ieproxy.dll"
          ],
          "read_keys": [
            "HKEY_CURRENT_USER\\Software\\Microsoft\\Windows\\CurrentVersion\\Explorer\\Advanced\\ShowTypeOverlay"
          ]
        }
      }
    }
  ],
  [
    {
      "behavior": {
        "summary": {
          "delete_files": [
            "C:\\Users\\comp\\AppData\\Local\\NlsLexicons081a\\puiapi.exe:Zone.Identifier",
            "C:\\Users\\comp\\AppData\\Local\\KBDUSX\\NlsLexicons0049.exe:Zone.Identifier",
            "C:\\Users\\comp\\AppData\\Local\\RMActivate_ssp\\InfDefaultInstall.exe:Zone.Identifier"
          ],
          "resolved_apis": [
            "winspool.drv.SpoolerPrinterEvent"
          ],
          "keys": [
            "HKEY_CLASSES_ROOT\\exefile",
            "HKEY_LOCAL_MACHINE\\SOFTWARE\\Classes\\CLSID\\{00021401-0000-0000-C000-000000000046}\\NoOplock",
            "HKEY_CURRENT_USER\\Software\\Microsoft\\Windows\\CurrentVersion\\Internet Settings\\Zones\\3\\1201",
            "HKEY_CURRENT_USER\\Software\\Microsoft\\Windows\\CurrentVersion\\Action Center\\Checks\\{E8433B72-5842-4d43-8645-BC2C35960837}.check.102\\CheckSetting"
          ],
          "read_keys": [
            "HKEY_LOCAL_MACHINE\\SOFTWARE\\Microsoft\\Windows\\CurrentVersion\\Policies\\Explorer\\NoNetCrawling"
          ]
        }
      }
    }
  ],
  [
    {
      "behavior": {
        "summary": {
          "delete_files": [
            "C:\\Users\\comp\\AppData\\Local\\wincredprovider\\prevhost.exe:Zone.Identifier"
          ],
          "write_keys": [
            "HKEY_CURRENT_USER\\Software\\Microsoft\\Windows\\CurrentVersion\\Action Center\\Checks\\{852FB1F8-5CC6-4567-9C0E-7C330F8807C2}.check.100\\CheckSetting"
          ]
        }
      }
    }
  ],
  [
    {
      "behavior": {
        "summary": {
          "write_files": [
            "C:\\Users\\comp\\AppData\\Local\\wksprtPS\\provsvc.exe"
          ],
          "delete_files": [
            "C:\\Users\\comp\\AppData\\Local\\d3dxof\\WindowsCodecs.exe:Zone.Identifier"
          ],
          "keys": [
            "HKEY_CURRENT_USER\\Software\\Microsoft\\Windows\\CurrentVersion\\Internet Settings\\Zones\\3\\1001"
          ],
          "read_keys": [
            "HKEY_LOCAL_MACHINE\\SOFTWARE\\Classes\\Wow6432Node\\CLSID\\{20D04FE0-3AEA-1069-A2D8-08002B30309D}\\ShellFolder\\HasNavigationEnum"
          ]
        }
      }
    }
  ],
  [
    {
      "behavior": {
        "summary": {
          "delete_files": [
            "C:\\Users\\comp\\AppData\\Local\\NlsData0414\\print.exe:Zone.Identifier"
          ],
          "write_keys": [
            "HKEY_CURRENT_USER\\Software\\Microsoft\\Windows\\CurrentVersion\\Explorer\\SessionInfo\\1\\WHCIconStartup"
          ]
        }
      }
    }
  ],
  [
    {
      "behavior": {
        "summary": {
          "delete_files": [
            "C:\\Users\\comp\\AppData\\Local\\cic\\dmsynth.exe:Zone.Identifier"
          ],
          "keys": [
            "HKEY_LOCAL_MACHINE\\SOFTWARE\\Classes\\Interface\\{B722BCCB-4E68-101B-A2BC-00AA00404770}\\ProxyStubClsid32\\(Default)"
          ],
          "write_keys": [
            "HKEY_CURRENT_USER\\Software\\Microsoft\\Windows\\CurrentVersion\\Action Center\\Checks\\{852FB1F8-5CC6-4567-9C0E-7C330F8807C2}.check.100\\CheckSetting"
          ]
        }
      }
    }
  ],
  [
    {
      "behavior": {
        "summary": {
          "delete_files": [
            "C:\\Users\\comp\\AppData\\Local\\WsmWmiPl\\C_ISCII.exe:Zone.Identifier"
          ],
          "keys": [
            "HKEY_CURRENT_USER\\Software\\Microsoft\\Windows\\CurrentVersion\\Action Center\\Providers\\EventLog\\{01979c6a-42fa-414c-b8aa-eee2c8202018}\\LastKnownState"
          ],
          "write_keys": [
            "HKEY_CURRENT_USER\\Software\\Microsoft\\Windows\\CurrentVersion\\Action Center\\Checks\\{C8E6F269-B90A-4053-A3BE-499AFCEC98C4}.check.0\\CheckSetting"
          ]
        }
      }
    }
  ],
  [
    {
      "behavior": {
        "summary": {
          "delete_files": [
            "C:\\Users\\comp\\AppData\\Local\\ndfapi\\pidgenx.exe:Zone.Identifier"
          ],
          "files": [
            "C:\\Users\\comp\\AppData\\Local\\schannel\\NlsLexicons004a.exe:Zone.Identifier"
          ],
          "keys": [
            "HKEY_LOCAL_MACHINE\\SOFTWARE\\MICROSOFT\\WINDOWS NT\\CURRENTVERSION\\LanguagePack\\DataStore_V1.0\\DataFilePath"
          ]
        }
      }
    }
  ],
  [
    {
      "behavior": {
        "summary": {
          "delete_files": [
            "C:\\Users\\comp\\AppData\\Local\\wmpshell\\gdi32.exe:Zone.Identifier"
          ],
          "keys": [
            "HKEY_LOCAL_MACHINE\\SOFTWARE\\Classes\\Wow6432Node\\CLSID\\{20D04FE0-3AEA-1069-A2D8-08002B30309D}\\ShellFolder\\CallForAttributes"
          ],
          "write_keys": [
            "HKEY_CURRENT_USER\\Software\\Microsoft\\Windows\\CurrentVersion\\Action Center\\Checks\\{852FB1F8-5CC6-4567-9C0E-7C330F8807C2}.check.101\\CheckSetting"
          ]
        }
      }
    }
  ],
  [
    {
      "behavior": {
        "summary": {
          "executed_commands": [
            "\"C:\\Users\\comp\\AppData\\Local\\takeown\\winrssrv.exe\""
          ],
          "delete_files": [
            "C:\\Users\\comp\\AppData\\Local\\takeown\\winrssrv.exe:Zone.Identifier"
          ],
          "keys": [
            "HKEY_LOCAL_MACHINE\\Software\\Classes\\CLSID\\{9c73f5e5-7ae7-4e32-a8e8-8d23b85255bf}\\InProcServer32"
          ]
        }
      }
    }
  ],
  [
    {
      "behavior": {
        "summary": {
          "delete_files": [
            "C:\\Users\\comp\\AppData\\Local\\upnphost\\KBDINORI.exe:Zone.Identifier"
          ],
          "keys": [
            "HKEY_LOCAL_MACHINE\\SOFTWARE\\Classes\\Wow6432Node\\CLSID\\{20D04FE0-3AEA-1069-A2D8-08002B30309D}\\ShellFolder\\UseDropHandler"
          ],
          "read_keys": [
            "HKEY_LOCAL_MACHINE\\SOFTWARE\\Classes\\Wow6432Node\\CLSID\\{20D04FE0-3AEA-1069-A2D8-08002B30309D}\\ShellFolder\\HideFolderVerbs"
          ]
        }
      }
    }
  ],
  [
    {
      "behavior": {
        "summary": {
          "delete_files": [
            "C:\\Users\\comp\\AppData\\Local\\shacct\\ntkrnlpa.exe:Zone.Identifier"
          ],
          "keys": [
            "HKEY_LOCAL_MACHINE\\SOFTWARE\\Classes\\Directory\\DocObject",
            "HKEY_LOCAL_MACHINE\\SOFTWARE\\Classes\\Folder\\NeverShowExt"
          ],
          "write_keys": [
            "HKEY_CURRENT_USER\\Software\\Microsoft\\Windows\\CurrentVersion\\Explorer\\SessionInfo\\1\\WHCIconStartup"
          ]
        }
      }
    }
  ],
  [
    {
      "behavior": {
        "summary": {
          "executed_commands": [
            "\"C:\\Users\\comp\\AppData\\Local\\tcmsetup\\msnetobj.exe\""
          ],
          "delete_files": [
            "C:\\Users\\comp\\AppData\\Local\\tcmsetup\\msnetobj.exe:Zone.Identifier"
          ],
          "keys": [
            "HKEY_LOCAL_MACHINE\\SOFTWARE\\Classes\\Directory\\ShellEx\\{000214F9-0000-0000-C000-000000000046}"
          ]
        }
      }
    }
  ],
  [
    {
      "behavior": {
        "summary": {
          "delete_files": [
            "C:\\Users\\comp\\AppData\\Local\\Temp\\ycmb\\ycmb.exe:Zone.Identifier"
          ],
          "files": [
            "C:\\Users\\comp\\AppData\\Local\\Temp\\ycmb\\ycmb.exe:Zone.Identifier"
          ],
          "write_keys": [
            "HKEY_CURRENT_USER\\Software\\Microsoft\\Windows\\CurrentVersion\\Run\\ycmb"
          ]
        }
      }
    }
  ],
  [
    {
      "behavior": {
        "summary": {
          "write_files": [
            "C:\\Users\\comp\\AppData\\Roaming\\60B249AD-226D-4B72-91E9-758951B2FB48\\run.dat"
          ],
          "delete_files": [
            "C:\\Windows\\Microsoft.NET\\Framework\\v2.0.50727\\MSBuild.exe:Zone.Identifier"
          ],
          "keys": [
            "HKEY_LOCAL_MACHINE\\SOFTWARE\\Wow6432Node\\Microsoft\\.NETFramework\\DbgManagedDebugger"
          ]
        }
      }
    }
  ],
  [
    {
      "behavior": {
        "summary": {
          "delete_files": [
            "C:\\Users\\comp\\AppData\\Local\\msdelta\\shimeng.exe:Zone.Identifier"
          ],
          "files": [
            "C:\\Users\\comp\\AppData\\Local\\msdelta\\shimeng.exe:Zone.Identifier"
          ],
          "read_files": [
            "C:\\Windows\\sysnative\\en-US\\prnfldr.dll.mui"
          ],
          "keys": [
            "HKEY_LOCAL_MACHINE\\SOFTWARE\\Classes\\CLSID\\{7007ACC7-3202-11D1-AAD2-00805FC1270E}\\LocalizedString"
          ]
        }
      }
    }
  ],
  [
    {
      "behavior": {
        "summary": {
          "delete_files": [
            "C:\\Users\\comp\\AppData\\Local\\dot3gpclnt\\pcaui.exe:Zone.Identifier"
          ],
          "keys": [
            "HKEY_LOCAL_MACHINE\\system\\CurrentControlSet\\control\\NetworkProvider\\HwOrder"
          ],
          "write_keys": [
            "HKEY_CURRENT_USER\\Software\\Microsoft\\Windows\\CurrentVersion\\Action Center\\Checks\\{C8E6F269-B90A-4053-A3BE-499AFCEC98C4}.check.0\\CheckSetting"
          ]
        }
      }
    }
  ],
  [
    {
      "behavior": {
        "summary": {
          "delete_files": [
            "C:\\Users\\comp\\AppData\\Local\\iesetup\\racpldlg.exe:Zone.Identifier"
          ],
          "keys": [
            "HKEY_CURRENT_USER\\Software\\Microsoft\\Windows\\CurrentVersion\\Action Center\\ReNotifyCount"
          ],
          "write_keys": [
            "HKEY_CURRENT_USER\\Software\\Microsoft\\Windows\\CurrentVersion\\Action Center\\Checks\\{E8433B72-5842-4d43-8645-BC2C35960837}.check.101\\CheckSetting"
          ]
        }
      }
    }
  ],
  [
    {
      "behavior": {
        "summary": {
          "delete_files": [
            "C:\\Users\\comp\\AppData\\Local\\mmc\\dpnaddr.exe:Zone.Identifier"
          ],
          "files": [
            "C:\\Users\\comp\\AppData\\Local\\CertEnrollUI\\api-ms-win-crt-runtime-l1-1-0.exe:Zone.Identifier"
          ],
          "keys": [
            "HKEY_LOCAL_MACHINE\\SOFTWARE\\Classes\\Directory\\ShellEx\\{000214F9-0000-0000-C000-000000000046}"
          ]
        }
      }
    }
  ],
  [
    {
      "behavior": {
        "summary": {
          "write_files": [
            "C:\\Users\\comp\\AppData\\Roaming\\60B249AD-226D-4B72-91E9-758951B2FB48\\run.dat"
          ],
          "delete_files": [
            "C:\\Users\\comp\\AppData\\Local\\Temp\\ff5fb544251818945ba7.exe:Zone.Identifier"
          ],
          "keys": [
            "HKEY_LOCAL_MACHINE\\SOFTWARE\\Wow6432Node\\Microsoft\\.NETFramework\\Security\\Policy\\Extensions\\NamedPermissionSets\\LocalIntranet"
          ]
        }
      }
    }
  ],
  [
    {
      "behavior": {
        "summary": {
          "delete_files": [
            "C:\\Users\\comp\\AppData\\Local\\Query\\riched32.exe:Zone.Identifier"
          ],
          "write_keys": [
            "HKEY_CURRENT_USER\\Software\\Microsoft\\Windows\\CurrentVersion\\Action Center\\Checks\\{852FB1F8-5CC6-4567-9C0E-7C330F8807C2}.check.100\\CheckSetting"
          ]
        }
      }
    }
  ],
  [
    {
      "behavior": {
        "summary": {
          "executed_commands": [
            "\"C:\\Users\\comp\\AppData\\Local\\DisplaySwitch\\winusb.exe\""
          ],
          "delete_files": [
            "C:\\Users\\comp\\AppData\\Local\\msexch40\\AuxiliaryDisplayCpl.exe:Zone.Identifier"
          ],
          "keys": [
            "HKEY_LOCAL_MACHINE\\SOFTWARE\\Microsoft\\Windows\\CurrentVersion\\ShellCompatibility\\Applications\\d8be07a5ce31aba0514f.exe"
          ]
        }
      }
    }
  ],
  [
    {
      "behavior": {
        "summary": {
          "executed_commands": [
            "\"C:\\Users\\comp\\AppData\\Local\\w32topl\\stobject.exe\""
          ],
          "delete_files": [
            "C:\\Users\\comp\\AppData\\Local\\devrtl\\msjter40.exe:Zone.Identifier"
          ],
          "keys": [
            "HKEY_LOCAL_MACHINE\\SOFTWARE\\Microsoft\\Windows\\CurrentVersion\\Internet Settings\\Zones\\4\\1800"
          ]
        }
      }
    }
  ],
  [
    {
      "behavior": {
        "summary": {
          "executed_commands": [
            "\"C:\\Users\\comp\\AppData\\Local\\api-ms-win-security-lsalookup-l1-1-0\\api-ms-win-core-file-l1-1-0.exe\""
          ],
          "delete_files": [
            "C:\\Users\\comp\\AppData\\Local\\NcdProp\\EncDec.exe"
          ],
          "keys": [
            "HKEY_LOCAL_MACHINE\\SOFTWARE\\Microsoft\\Windows\\CurrentVersion\\PropertySystem\\FormatForDisplayHelper"
          ],
          "write_keys": [
            "HKEY_CURRENT_USER\\Software\\Microsoft\\Windows\\CurrentVersion\\Action Center\\Checks\\{E8433B72-5842-4d43-8645-BC2C35960837}.check.101\\CheckSetting"
          ]
        }
      }
    }
  ]
]
