[
  [
    {
      "behavior": {
        "summary": {
          "executed_commands": [
            "\"C:\\Users\\comp\\AppData\\Local\\Temp\\1ebc266848b3028b297f.exe\""
          ],
          "resolved_apis": [
            "user32.dll.SetLayeredWindowAttributes"
          ],
          "files": [
            "C:\\Windows\\System32\\wbem\\wbemdisp.tlb",
            "C:\\Users\\comp\\AppData\\Local\\Chromium\\User Data"
          ],
          "read_files": [
            "C:\\Windows\\winsxs\\x86_microsoft.windows.common-controls_6595b64144ccf1df_5.82.7601.18837_none_ec86b8d6858ec0bc\\comctl32.dll",
            "C:\\Windows\\Microsoft.NET\\Framework\\v2.0.50727\\mscorrc.dll"
          ],
          "keys": [
            "HKEY_LOCAL_MACHINE\\SOFTWARE\\Microsoft\\Windows NT\\CurrentVersion\\Image File Execution Options\\DllNXOptions\\diasymreader.dll"
          ]
        }
      }
    }
  ],
  [
    {
      "behavior": {
        "summary": {
          "executed_commands": [
            "\"C:\\Users\\comp\\AppData\\Local\\Temp\\aee0158a9f836306b64e.exe\""
          ],
          "write_files": [
            "C:\\Users\\comp\\AppData\\Roaming\\60B249AD-226D-4B72-91E9-758951B2FB48\\run.dat"
          ],
          "resolved_apis": [
            "oleaut32.dll.VarNot"
          ],
          "files": [
            "C:\\Users\\comp\\AppData\\Local\\Temp\\aee0158a9f836306b64e.EN"
          ],
          "read_files": [
            "C:\\Windows\\Microsoft.NET\\Framework\\v2.0.50727\\diasymreader.dll",
            "C:\\Windows\\winsxs\\x86_microsoft.windows.common-controls_6595b64144ccf1df_5.82.7601.18837_none_ec86b8d6858ec0bc\\comctl32.dll"
          ]
        }
      }
    }
  ],
  [
    {
      "behavior": {
        "summary": {
          "executed_commands": [
            "C:\\Windows\\SysWOW64\\rundll32.exe \"C:\\Users\\comp\\AppData\\Local\\Rdsr\\svss.geg\",RunDLL"
          ],
          "files": [
            "C:\\Users\\comp\\AppData\\Local\\Temp\\90084eb0981e040b91c0.dll.124.Manifest"
          ]
        }
      }
    }
  ],
  [
    {
      "behavior": {
        "summary": {
          "executed_commands": [
            "\"C:\\Users\\comp\\AppData\\Local\\mfvdsp\\at.exe\""
          ],
          "resolved_apis": [
            "dui70.dll.?Create@DUIXmlParser@DirectUI@@SAJPEAPEAV12@P6APEAVValue@2@PEBGPEAX@Z2P6AX11H2@Z2@Z"
          ],
          "files": [
            "C:\\Users\\comp\\AppData\\Local\\Microsoft\\Windows\\Caches\\cversions.1.db"
          ],
          "write_keys": [
            "HKEY_CURRENT_USER\\Software\\Classes\\Local Settings\\MuiCache\\5\\52C64B7E\\LanguageList"
          ]
        }
      }
    }
  ],
  [
    {
      "behavior": {
        "summary": {
          "executed_commands": [
            "\"C:\\Windows\\System32\\cmd.exe\"  /c ping.exe -n 6 127.0.0.1 &  type \"C:\\Windows\\System32\\calc.exe\" > \"C:\\Users\\comp\\AppData\\Local\\Temp\\d9191f748e8c2bb428b2.exe\"",
            "nltest /domain_trusts /all_trusts"
          ],
          "files": [
            "\\DEVICE\\NETBT_TCPIP_{846EE342-7039-11DE-9D20-806E6F6E6963}"
          ]
        }
      }
    }
  ],
  [
    {
      "behavior": {
        "summary": {
          "executed_commands": [
            "C:\\Windows\\system32\\cmd.exe /c echo on error resume next:CreateObject(\"WScript.Shell\").Run \"C:\\Users\\comp\\AppData\\Local\\Temp\\99189406fde88d00bc1e.exe\",1: >\"C:\\Users\\comp\\AppData\\Roaming\\Microsoft\\Windows\\Start Menu\\Programs\\Startup\\x.vbs\"",
            "c:\\windows\\system\\explorer.exe"
          ],
          "files": [
            "C:\\Users\\comp\\AppData\\Local\\Microsoft\\Windows\\Caches\\{AFBF9F1A-8EE8-4C77-AF34-C647E37CA0D9}.1.ver0x0000000000000003.db"
          ]
        }
      }
    }
  ],
  [
    {
      "behavior": {
        "summary": {
          "executed_commands": [
            "\"C:\\Users\\comp\\AppData\\Local\\untfs\\cdosys.exe\""
          ],
          "files": [
            "C:\\Users\\comp\\AppData\\Local\\Microsoft\\Windows\\Caches\\{AFBF9F1A-8EE8-4C77-AF34-C647E37CA0D9}.1.ver0x0000000000000003.db"
          ]
        }
      }
    }
  ],
  [
    {
      "behavior": {
        "summary": {
          "executed_commands": [
            "\"C:\\Users\\comp\\AppData\\Local\\packager\\XpsGdiConverter.exe\""
          ],
          "files": [
            "C:\\Users\\comp\\AppData\\Local\\Microsoft\\Windows\\Caches\\{AFBF9F1A-8EE8-4C77-AF34-C647E37CA0D9}.1.ver0x0000000000000005.db"
          ]
        }
      }
    }
  ],
  [
    {
      "behavior": {
        "summary": {
          "executed_commands": [
            "\"C:\\Windows\\system32\\notepad.exe\"",
            "\"C:\\Users\\comp\\AppData\\Local\\Temp\\01c6b2a06466f980c13e.exe\""
          ],
          "resolved_apis": [
            "user32.dll.SetLayeredWindowAttributes"
          ],
          "files": [
            "C:\\Users\\comp\\AppData\\Roaming\\Psi+\\profiles",
            "C:\\Windows\\SysWOW64\\en-US\\FWCFG.DLL.mui"
          ],
          "read_files": [
            "C:\\Windows\\winsxs\\x86_microsoft.windows.common-controls_6595b64144ccf1df_5.82.7601.18837_none_ec86b8d6858ec0bc\\comctl32.dll"
          ],
          "keys": [
            "HKEY_CURRENT_USER\\Software\\Microsoft\\.NETFramework",
            "HKEY_LOCAL_MACHINE\\SOFTWARE\\Microsoft\\Windows NT\\CurrentVersion\\Image File Execution Options\\DllNXOptions\\UseFilter"
          ],
          "write_keys": [
            "HKEY_CURRENT_USER\\Software\\Classes\\Local Settings\\MuiCache\\5\\52C64B7E\\@%SystemRoot%\\system32\\napipsec.dll,-1"
          ]
        }
      }
    }
  ],
  [
    {
      "behavior": {
        "summary": {
          "executed_commands": [
            "\"C:\\Users\\comp\\AppData\\Local\\relog\\MFWMAAEC.exe\""
          ],
          "files": [
            "C:\\Users\\comp\\AppData\\Local\\Microsoft\\Windows\\Caches\\cversions.1.db"
          ]
        }
      }
    }
  ],
  [
    {
      "behavior": {
        "summary": {
          "executed_commands": [
            "\"C:\\Users\\comp\\AppData\\Local\\Temp\\86e5796ae957a22f0b55.exe\"",
            "\"C:\\Users\\comp\\AppData\\Local\\Temp\\86e5796ae957a22f0b55.exe\" 2 3008 10825828",
            "\"C:\\Users\\comp\\AppData\\Local\\Temp\\86e5796ae957a22f0b55.exe\" 2 2964 10826500"
          ],
          "resolved_apis": [
            "user32.dll.SetLayeredWindowAttributes"
          ],
          "files": [
            "C:\\Users\\comp\\AppData\\Local\\Temp\\86e5796ae957a22f0b55.EN"
          ],
          "read_files": [
            "C:\\Windows\\Fonts\\staticcache.dat"
          ],
          "read_keys": [
            "HKEY_LOCAL_MACHINE\\SOFTWARE\\Microsoft\\Windows NT\\CurrentVersion\\LanguagePack\\SurrogateFallback\\Plane16",
            "HKEY_LOCAL_MACHINE\\SOFTWARE\\Microsoft\\Windows NT\\CurrentVersion\\GRE_Initialize\\DisableMetaFiles"
          ]
        }
      }
    }
  ],
  [
    {
      "behavior": {
        "summary": {
          "executed_commands": [
            "\"C:\\Windows\\System32\\cmd.exe\"  /c ping.exe -n 6 127.0.0.1 &  type \"C:\\Windows\\System32\\calc.exe\" > \"C:\\Users\\comp\\AppData\\Local\\Temp\\f9cc9bb55c96d9135c81.exe\""
          ],
          "write_files": [
            "\\Device\\LanmanDatagramReceiver"
          ],
          "files": [
            "C:\\Users\\comp\\AppData\\Roaming\\Microsoft\\Network\\Connections\\Pbk\\*.pbk"
          ],
          "read_files": [
            "C:\\Mirc\\mirc.ini",
            "\\DEVICE\\NETBT_TCPIP_{3DF8548A-CA81-417C-AD72-445187C06A79}"
          ]
        }
      }
    }
  ],
  [
    {
      "behavior": {
        "summary": {
          "executed_commands": [
            "\"C:\\Users\\comp\\AppData\\Local\\wscapi\\wusa.exe\""
          ]
        }
      }
    }
  ],
  [
    {
      "behavior": {
        "summary": {
          "executed_commands": [
            "\"C:\\Users\\comp\\AppData\\Local\\rasser\\dfrgui.exe\""
          ],
          "write_files": [
            "C:\\Users\\comp\\AppData\\Local\\whoami\\fdWSD.exe"
          ],
          "resolved_apis": [
            "dui70.dll.??0HWNDElement@DirectUI@@QEAA@XZ"
          ],
          "files": [
            "C:\\Users\\comp\\AppData\\Local\\Microsoft\\Windows\\Caches\\{AFBF9F1A-8EE8-4C77-AF34-C647E37CA0D9}.1.ver0x0000000000000003.db"
          ]
        }
      }
    }
  ],
  [
    {
      "behavior": {
        "summary": {
          "executed_commands": [
            "C:\\Windows\\system32\\cmd.exe /c \"\"C:\\Users\\comp\\AppData\\Local\\Temp\\19864d4e.bat\" \""
          ],
          "write_keys": [
            "HKEY_LOCAL_MACHINE\\SOFTWARE\\Wow6432Node\\GTplus\\Time"
          ]
        }
      }
    }
  ],
  [
    {
      "behavior": {
        "summary": {
          "executed_commands": [
            "C:\\Windows\\system32\\cmd.exe /c echo on error resume next:CreateObject(\"WScript.Shell\").Run \"C:\\Users\\comp\\AppData\\Local\\Temp\\4cfafc3365629298de0f.exe\",1: >\"C:\\Users\\comp\\AppData\\Roaming\\Microsoft\\Windows\\Start Menu\\Programs\\Startup\\x.vbs\"",
            "\"C:\\Windows\\SysWOW64\\diskperf.exe\""
          ],
          "files": [
            "C:\\Users\\comp\\AppData\\Local\\Microsoft\\Windows\\Caches\\{AFBF9F1A-8EE8-4C77-AF34-C647E37CA0D9}.1.ver0x0000000000000003.db"
          ]
        }
      }
    }
  ],
  [
    {
      "behavior": {
        "summary": {
          "executed_commands": [
            "C:\\Windows\\system32\\cmd.exe /c \"\"C:\\Users\\comp\\AppData\\Local\\Temp\\10811fb8.bat\" \""
          ],
          "write_keys": [
            "HKEY_LOCAL_MACHINE\\SOFTWARE\\Wow6432Node\\GTplus\\Time"
          ]
        }
      }
    }
  ],
  [
    {
      "behavior": {
        "summary": {
          "executed_commands": [
            "\"C:\\Windows\\System32\\cmd.exe\"  /c ping.exe -n 6 127.0.0.1 &  type \"C:\\Windows\\System32\\calc.exe\" > \"C:\\Users\\comp\\AppData\\Local\\Temp\\7202a6f0cb6847941784.exe\""
          ],
          "files": [
            "C:\\Windows\\SysWOW64\\en-US\\arp.exe.mui"
          ],
          "read_files": [
            "C:\\Users\\comp\\AppData\\Roaming\\Microsoft\\Tiafuzdii\\ikkzowxr.dat",
            "\\DEVICE\\NETBT_TCPIP_{3DF8548A-CA81-417C-AD72-445187C06A79}"
          ]
        }
      }
    }
  ],
  [
    {
      "behavior": {
        "summary": {
          "executed_commands": [
            "\"C:\\Users\\comp\\AppData\\Local\\KBDROPR\\inetmib1.exe\""
          ],
          "write_files": [
            "C:\\Users\\comp\\AppData\\Local\\KBDMONMO\\vaultcli.exe"
          ],
          "files": [
            "C:\\Windows\\sysnative\\en-US\\Actioncenter.dll.mui"
          ]
        }
      }
    }
  ],
  [
    {
      "behavior": {
        "summary": {
          "executed_commands": [
            "\"\\\\.\\C:\\Users\\comp\\AppData\\Local\\Temp\\WER9mso.dir00\\com3.exe\""
          ],
          "files": [
            "C:\\Users\\comp\\AppData\\Local\\Google\\Chrome\\User Data\\Subresource Filter\\Indexed Rules\\27\\*"
          ]
        }
      }
    }
  ],
  [
    {
      "behavior": {
        "summary": {
          "executed_commands": [
            "\"C:\\Users\\comp\\AppData\\Local\\mfh264enc\\kbd106n.exe\""
          ],
          "write_files": [
            "C:\\Users\\comp\\AppData\\Local\\webservices\\clip.exe"
          ],
          "files": [
            "C:\\Users\\comp\\AppData\\Local\\compstui\\dot3ui.exe:Zone.Identifier"
          ]
        }
      }
    }
  ],
  [
    {
      "behavior": {
        "summary": {
          "executed_commands": [
            "\"C:\\Users\\comp\\AppData\\Local\\Temp\\bd21ef2fd03f08e64b61.exe\" 2 3068 36029875"
          ],
          "files": [
            "C:\\Users\\comp\\AppData\\Local\\Temp\\bd21ef2fd03f08e64b61.ENU.DLL"
          ],
          "read_files": [
            "C:\\Windows\\winsxs\\x86_microsoft.windows.common-controls_6595b64144ccf1df_5.82.7601.18837_none_ec86b8d6858ec0bc\\comctl32.dll"
          ]
        }
      }
    }
  ],
  [
    {
      "behavior": {
        "summary": {
          "executed_commands": [
            "\"C:\\Users\\comp\\AppData\\Local\\net\\sscore.exe\""
          ],
          "files": [
            "C:\\Windows\\sysnative\\Actioncenter.dll.3.Manifest"
          ]
        }
      }
    }
  ],
  [
    {
      "behavior": {
        "summary": {
          "executed_commands": [
            "\"C:\\Windows\\system32\\schtasks.exe\" /create /tn {9E554C6E-7D11-4FC0-AFA1-FF49DBC84412} /tr \"\\\"C:\\Users\\comp\\AppData\\Roaming\\Microsoft\\Tiafuzdii\\ikkzowxr.exe\\\"\" /sc HOURLY /mo 5 /F"
          ],
          "files": [
            "C:\\Users\\comp\\AppData\\Roaming\\Microsoft\\Network\\Connections\\Pbk\\_hiddenPbk\\rasphone.pbk"
          ]
        }
      }
    }
  ],
  [
    {
      "behavior": {
        "summary": {
          "executed_commands": [
            "C:\\Windows\\system32\\cmd.exe /c echo on error resume next:CreateObject(\"WScript.Shell\").Run \"C:\\Users\\comp\\AppData\\Local\\Temp\\5fc74bf397a7a89b6f3e.exe\",1: >\"C:\\Users\\comp\\AppData\\Roaming\\Microsoft\\Windows\\Start Menu\\Programs\\Startup\\x.vbs\"",
            "C:\\Users\\comp\\AppData\\Local\\Temp\\5fc74bf397a7a89b6f3e.exe"
          ],
          "files": [
            "C:\\Users\\comp\\AppData\\Local\\Microsoft\\Windows\\Caches\\{AFBF9F1A-8EE8-4C77-AF34-C647E37CA0D9}.1.ver0x0000000000000005.db"
          ]
        }
      }
    }
  ],
  [
    {
      "behavior": {
        "summary": {
          "executed_commands": [
            "\"C:\\Users\\comp\\AppData\\Local\\SearchProtocolHost\\WcsPlugInService.exe\""
          ],
          "files": [
            "C:\\Users\\comp\\AppData\\Local\\Microsoft\\Windows\\Caches\\{AFBF9F1A-8EE8-4C77-AF34-C647E37CA0D9}.1.ver0x0000000000000003.db"
          ]
        }
      }
    }
  ],
  [
    {
      "behavior": {
        "summary": {
          "executed_commands": [
            "\"C:\\Windows\\system32\\schtasks.exe\" /create /tn {9E554C6E-7D11-4FC0-AFA1-FF49DBC84412} /tr \"\\\"C:\\Users\\comp\\AppData\\Roaming\\Microsoft\\Tiafuzdii\\ikkzowxr.exe\\\"\" /sc HOURLY /mo 5 /F"
          ],
          "write_files": [
            "\\Device\\LanmanDatagramReceiver"
          ],
          "resolved_apis": [
            "dhcpcsvc6.dll.Dhcpv6QueryLeaseInfo"
          ],
          "write_keys": [
            "HKEY_CURRENT_USER\\Software\\Microsoft\\Windows\\CurrentVersion\\Internet Settings\\Wpad\\{ADBB83E0-BA05-4247-B12D-9D6DC0F8831F}\\WpadDecisionTime"
          ]
        }
      }
    }
  ],
  [
    {
      "behavior": {
        "summary": {
          "executed_commands": [
            "\"C:\\Users\\comp\\AppData\\Local\\PSHED\\ddrawex.exe\""
          ],
          "resolved_apis": [
            "dui70.dll.?Insert@Element@DirectUI@@UEAAJPEAPEAV12@II@Z"
          ],
          "files": [
            "C:\\Users\\comp\\AppData\\Local\\Microsoft\\Windows\\Caches\\{AFBF9F1A-8EE8-4C77-AF34-C647E37CA0D9}.1.ver0x0000000000000005.db",
            "C:\\Users\\comp\\AppData\\Local\\luainstall\\api-ms-win-service-management-l2-1-0b481eed7fe.exe"
          ]
        }
      }
    }
  ],
  [
    {
      "behavior": {
        "summary": {
          "executed_commands": [
            "\"C:\\Users\\comp\\AppData\\Local\\drprov\\KBDINTAM.exe\""
          ],
          "write_files": [
            "C:\\Users\\comp\\AppData\\Local\\drprov\\KBDINTAM.exe"
          ],
          "resolved_apis": [
            "dui70.dll.?Create@DUIXmlParser@DirectUI@@SAJPEAPEAV12@P6APEAVValue@2@PEBGPEAX@Z2P6AX11H2@Z2@Z"
          ],
          "files": [
            "C:\\Users\\comp\\AppData\\Local\\Microsoft\\Windows\\Caches\\{AFBF9F1A-8EE8-4C77-AF34-C647E37CA0D9}.1.ver0x0000000000000003.db"
          ]
        }
      }
    }
  ],
  [
    {
      "behavior": {
        "summary": {
          "executed_commands": [
            "\"C:\\Users\\comp\\AppData\\Local\\Temp\\24bec5b61b5a9ab345cc.exe\""
          ],
          "files": [
            "C:\\Users\\comp\\AppData\\LocalComodo\\Chromodo\\Default\\Login Data"
          ],
          "read_files": [
            "C:\\Windows\\Fonts\\staticcache.dat"
          ],
          "write_keys": [
            "HKEY_CURRENT_USER\\http://broken4.cf/Work4/fre.php"
          ]
        }
      }
    }
  ],
  [
    {
      "behavior": {
        "summary": {
          "executed_commands": [
            "\"C:\\Users\\comp\\AppData\\Local\\rdpcore\\NlsLexicons0002.exe\""
          ],
          "files": [
            "C:\\Users\\comp\\AppData\\Local\\msimg32"
          ]
        }
      }
    }
  ],
  [
    {
      "behavior": {
        "summary": {
          "executed_commands": [
            "\"C:\\Users\\comp\\AppData\\Local\\lpk\\SearchFilterHost.exe\""
          ],
          "write_files": [
            "C:\\Users\\comp\\AppData\\Local\\lpk\\SearchFilterHost.exe"
          ],
          "resolved_apis": [
            "oleaut32.dll.VarDiv"
          ],
          "files": [
            "C:\\Users\\comp\\AppData\\Local\\comp\\ntprint.exe:Zone.Identifier"
          ]
        }
      }
    }
  ],
  [
    {
      "behavior": {
        "summary": {
          "executed_commands": [
            "\"C:\\Users\\comp\\AppData\\Local\\SensorsApi\\msasn1.exe\""
          ]
        }
      }
    }
  ],
  [
    {
      "behavior": {
        "summary": {
          "executed_commands": [
            "\"C:\\Windows\\System32\\cmd.exe\"  /c ping.exe -n 6 127.0.0.1 &  type \"C:\\Windows\\System32\\calc.exe\" > \"C:\\Users\\comp\\AppData\\Local\\Temp\\0d933e515644aa66a796.exe\""
          ],
          "files": [
            "C:\\Windows\\SysWOW64\\en-US\\route.exe.mui"
          ]
        }
      }
    }
  ],
  [
    {
      "behavior": {
        "summary": {
          "executed_commands": [
            "\"C:\\Users\\comp\\AppData\\Local\\api-ms-win-core-localregistry-l1-1-0\\icsunattend.exe\""
          ],
          "resolved_apis": [
            "oleaut32.dll.#149"
          ],
          "files": [
            "C:\\Users\\comp\\AppData\\Local\\SyncHostps\\oleacc.exe.3.Manifest"
          ],
          "write_keys": [
            "HKEY_CURRENT_USER\\Software\\Classes\\Local Settings\\MuiCache\\5\\52C64B7E\\@C:\\Windows\\system32\\netshell.dll,-1200"
          ]
        }
      }
    }
  ],
  [
    {
      "behavior": {
        "summary": {
          "executed_commands": [
            "\"C:\\Windows\\system32\\notepad.exe\""
          ],
          "resolved_apis": [
            "user32.dll.SetLayeredWindowAttributes"
          ],
          "files": [
            "C:\\Users\\comp\\AppData\\Local\\Temp\\5d0fe828d087e58c38d1.EN.DLL"
          ],
          "read_files": [
            "C:\\Windows\\Fonts\\staticcache.dat"
          ],
          "mutexes": [
            "\"C:\\Users\\comp\\AppData\\Local\\Temp\\5d0fe828d087e58c38d1.exe\" "
          ]
        }
      }
    }
  ],
  [
    {
      "behavior": {
        "summary": {
          "executed_commands": [
            "\"C:\\Windows\\System32\\cmd.exe\"  /c ping.exe -n 6 127.0.0.1 &  type \"C:\\Windows\\System32\\calc.exe\" > \"C:\\Users\\comp\\AppData\\Local\\Temp\\4a6ca274f5f152354863.exe\""
          ]
        }
      }
    }
  ],
  [
    {
      "behavior": {
        "summary": {
          "executed_commands": [
            "\"C:\\Users\\comp\\AppData\\Local\\vss_ps\\explorer.exe\""
          ],
          "files": [
            "C:\\Users\\comp\\AppData\\Local\\Microsoft\\Windows\\Caches\\{AFBF9F1A-8EE8-4C77-AF34-C647E37CA0D9}.1.ver0x0000000000000005.db"
          ]
        }
      }
    }
  ],
  [
    {
      "behavior": {
        "summary": {
          "executed_commands": [
            "\"C:\\Users\\comp\\AppData\\Local\\Temp\\7ea0047f.bat\""
          ],
          "files": [
            "C:\\Users\\comp\\AppData\\Local\\Temp\\\"C:\\Users\\comp\\AppData\\Local\\Temp\\7ea0047f.bat\""
          ]
        }
      }
    }
  ],
  [
    {
      "behavior": {
        "summary": {
          "executed_commands": [
            "\"C:\\Users\\comp\\AppData\\Local\\fdProxy\\SyncInfrastructure.exe\""
          ],
          "resolved_apis": [
            "oleaut32.dll.#19"
          ],
          "files": [
            "C:\\Users\\comp\\AppData\\Local\\RunLegacyCPLElevated\\Display.exe.3.Manifest"
          ]
        }
      }
    }
  ],
  [
    {
      "behavior": {
        "summary": {
          "executed_commands": [
            "\"C:\\Users\\comp\\AppData\\Local\\SyncInfrastructureps\\winnsi.exe\""
          ],
          "write_files": [
            "C:\\Users\\comp\\AppData\\Local\\takeown\\KBDGAE.exe"
          ],
          "files": [
            "C:\\Users\\comp\\AppData\\Local\\HelpPaneProxy\\ndfetw.exe:Zone.Identifier"
          ]
        }
      }
    }
  ],
  [
    {
      "behavior": {
        "summary": {
          "executed_commands": [
            "\"C:\\Users\\comp\\AppData\\Local\\vfwwdm32\\kbdlk41a.exe\""
          ],
          "files": [
            "C:\\Users\\comp\\AppData\\Local\\cnvfat\\AppIdPolicyEngineApi.exe:Zone.Identifier"
          ]
        }
      }
    }
  ],
  [
    {
      "behavior": {
        "summary": {
          "executed_commands": [
            "C:\\Users\\comp\\AppData\\Local\\Temp\\343472a98b5cc3d83b4e.exe /C",
            "\"C:\\Windows\\system32\\schtasks.exe\" /create /tn {9E554C6E-7D11-4FC0-AFA1-FF49DBC84412} /tr \"\\\"C:\\Users\\comp\\AppData\\Roaming\\Microsoft\\Tiafuzdii\\ikkzowxr.exe\\\"\" /sc HOURLY /mo 5 /F"
          ],
          "resolved_apis": [
            "ntdll.dll.RtlIsThreadWithinLoaderCallout"
          ],
          "files": [
            "C:\\Users\\comp\\AppData\\Roaming\\Microsoft\\Network\\Connections\\Pbk\\_hiddenPbk\\"
          ],
          "read_files": [
            "C:\\Mirc\\mirc.ini",
            "\\DEVICE\\NETBT_TCPIP_{846EE342-7039-11DE-9D20-806E6F6E6963}"
          ]
        }
      }
    }
  ],
  [
    {
      "behavior": {
        "summary": {
          "executed_commands": [
            "C:\\Windows\\SysWOW64\\rundll32.exe \"C:\\Users\\comp\\AppData\\Local\\Pweflze\\yhqukv.yvd\",Control_RunDLL"
          ],
          "files": [
            "C:\\Windows\\sysnative\\timedate.cpl.3.Manifest"
          ]
        }
      }
    }
  ],
  [
    {
      "behavior": {
        "summary": {
          "executed_commands": [
            "\"C:\\Users\\comp\\AppData\\Local\\NAPHLPR\\sqlwid.exe\""
          ],
          "write_files": [
            "C:\\Users\\comp\\AppData\\Local\\api-ms-win-core-file-l1-2-0\\DDOIProxy.exe"
          ],
          "resolved_apis": [
            "oleaut32.dll.#25"
          ],
          "files": [
            "C:\\Windows\\sysnative\\en-US\\Actioncenter.dll.mui"
          ]
        }
      }
    }
  ],
  [
    {
      "behavior": {
        "summary": {
          "executed_commands": [
            "\"C:\\Users\\comp\\AppData\\Local\\Temp\\budha.exe\""
          ],
          "delete_files": [
            "C:\\Documents and Settings\\Mini\\LOCALS~1\\Temp\\Temporary Directory 1 for 2013111512381802850.zip\\2013111812398784524.exe"
          ]
        }
      }
    }
  ],
  [
    {
      "behavior": {
        "summary": {
          "executed_commands": [
            "\"C:\\Users\\comp\\AppData\\Local\\dimsjob\\WinSync.exe\""
          ],
          "resolved_apis": [
            "dui70.dll.?SetLayout@Element@DirectUI@@QEAAJPEAVLayout@2@@Z"
          ],
          "files": [
            "C:\\Users\\comp\\AppData\\Local\\Microsoft\\Windows\\Burn"
          ]
        }
      }
    }
  ],
  [
    {
      "behavior": {
        "summary": {
          "executed_commands": [
            "\"C:\\Users\\comp\\AppData\\Local\\Temp\\7dfd68770a471f5991cb.exe\" 2 3048 28825250"
          ],
          "resolved_apis": [
            "user32.dll.SetLayeredWindowAttributes"
          ],
          "files": [
            "C:\\Users\\comp\\AppData\\Local\\Temp\\7dfd68770a471f5991cb.ENU.DLL"
          ],
          "read_files": [
            "C:\\Windows\\Fonts\\staticcache.dat"
          ]
        }
      }
    }
  ],
  [
    {
      "behavior": {
        "summary": {
          "executed_commands": [
            "\"C:\\Users\\comp\\AppData\\Local\\modemui\\AUDIOKSE.exe\""
          ]
        }
      }
    }
  ],
  [
    {
      "behavior": {
        "summary": {
          "executed_commands": [
            "\"C:\\Users\\comp\\AppData\\Local\\WMSPDMOE\\netcfgx.exe\""
          ]
        }
      }
    }
  ],
  [
    {
      "behavior": {
        "summary": {
          "executed_commands": [
            "\"C:\\Users\\comp\\AppData\\Local\\dskquota\\KBDIT.exe\""
          ],
          "files": [
            "C:\\Users\\comp\\AppData\\Local\\ncryptui\\es.exe:Zone.Identifier"
          ]
        }
      }
    }
  ],
  [
    {
      "behavior": {
        "summary": {
          "executed_commands": [
            "\"C:\\Users\\comp\\AppData\\Local\\colorcpl\\appmgmts.exe\""
          ],
          "files": [
            "C:\\Users\\comp\\AppData\\Local\\pdh\\TsWpfWrp.exe:Zone.Identifier"
          ]
        }
      }
    }
  ],
  [
    {
      "behavior": {
        "summary": {
          "executed_commands": [
            "\"C:\\Windows\\System32\\wusa.exe\"",
            "cmd /C mkdir C:\\Windows\\SysWOW64\\fagazzwa\\"
          ],
          "write_files": [
            "C:\\Users\\comp\\Local Settings:init"
          ],
          "delete_keys": [
            "HKEY_CURRENT_USER\\Software\\Microsoft\\DeviceControl\\DevData1"
          ],
          "files": [
            "C:\\Users\\comp\\AppData\\Local\\Microsoft\\Windows\\Caches\\cversions.1.db"
          ],
          "write_keys": [
            "HKEY_CURRENT_USER\\Software\\Microsoft\\DeviceControl\\DevData0"
          ]
        }
      }
    }
  ],
  [
    {
      "behavior": {
        "summary": {
          "executed_commands": [
            "\"C:\\Windows\\System32\\cmd.exe\"  /c ping.exe -n 6 127.0.0.1 &  type \"C:\\Windows\\System32\\calc.exe\" > \"C:\\Users\\comp\\AppData\\Local\\Temp\\f3cff9aa5ccb97c7a064.exe\""
          ],
          "resolved_apis": [
            "dhcpcsvc.dll.DhcpFreeLeaseInfo"
          ],
          "files": [
            "C:\\Users\\comp\\AppData\\Roaming\\Microsoft\\Network\\Connections\\Pbk\\_hiddenPbk\\rasphone.pbk"
          ],
          "read_files": [
            "C:\\Users\\comp\\AppData\\Roaming\\Microsoft\\Network\\Connections\\Pbk\\_hiddenPbk\\rasphone.pbk",
            "\\DEVICE\\NETBT_TCPIP_{3DF8548A-CA81-417C-AD72-445187C06A79}"
          ]
        }
      }
    }
  ],
  [
    {
      "behavior": {
        "summary": {
          "executed_commands": [
            "\"C:\\Users\\comp\\AppData\\Local\\Temp\\cab76d3d8538a2fda294.exe\""
          ],
          "resolved_apis": [
            "user32.dll.SetLayeredWindowAttributes"
          ],
          "files": [
            "C:\\Users\\comp\\AppData\\Local\\Temp\\cab76d3d8538a2fda294.ENU.DLL"
          ],
          "read_files": [
            "C:\\Windows\\Fonts\\staticcache.dat"
          ],
          "write_keys": [
            "HKEY_CURRENT_USER\\http://englee-sg.com/clap/five/fre.php"
          ],
          "read_keys": [
            "HKEY_LOCAL_MACHINE\\SOFTWARE\\MICROSOFT\\WINDOWS NT\\CURRENTVERSION\\LanguagePack\\SurrogateFallback\\Plane12",
            "HKEY_LOCAL_MACHINE\\SOFTWARE\\MICROSOFT\\WINDOWS NT\\CURRENTVERSION\\GRE_Initialize\\DisableMetaFiles"
          ]
        }
      }
    }
  ],
  [
    {
      "behavior": {
        "summary": {
          "executed_commands": [
            "\"C:\\Windows\\system32\\notepad.exe\"",
            "\"C:\\Users\\comp\\AppData\\Local\\Temp\\d22b71eaae9f485cb307.exe\""
          ],
          "write_files": [
            "C:\\Users\\comp\\AppData\\Roaming\\60B249AD-226D-4B72-91E9-758951B2FB48\\DSL Service\\dslsvc.exe"
          ],
          "resolved_apis": [
            "mscoree.dll._CorValidateImage"
          ],
          "read_files": [
            "C:\\Windows\\winsxs\\x86_microsoft.windows.common-controls_6595b64144ccf1df_5.82.7601.18837_none_ec86b8d6858ec0bc\\comctl32.dll",
            "C:\\Windows\\Microsoft.NET\\Framework\\v2.0.50727\\mscorrc.dll"
          ]
        }
      }
    }
  ],
  [
    {
      "behavior": {
        "summary": {
          "executed_commands": [
            "cmd /C mkdir C:\\Windows\\SysWOW64\\gbhbaaxb\\"
          ],
          "delete_keys": [
            "HKEY_CURRENT_USER\\Software\\Microsoft\\DeviceControl\\DevData1"
          ],
          "files": [
            "C:\\Users\\comp\\AppData\\Local\\Microsoft\\Windows\\Caches\\{AFBF9F1A-8EE8-4C77-AF34-C647E37CA0D9}.1.ver0x0000000000000003.db"
          ],
          "mutexes": [
            "Local\\ZonesLockedCacheCounterMutex"
          ],
          "write_keys": [
            "HKEY_CURRENT_USER\\Software\\Microsoft\\DeviceControl\\DevData0"
          ]
        }
      }
    }
  ],
  [
    {
      "behavior": {
        "summary": {
          "executed_commands": [
            "\"C:\\Users\\comp\\AppData\\Local\\secur32\\notepad.exe\""
          ]
        }
      }
    }
  ],
  [
    {
      "behavior": {
        "summary": {
          "resolved_apis": [
            "mscoree.dll._CorValidateImage"
          ],
          "files": [
            "C:\\Users\\comp\\AppData\\Local\\Temp\\2c92b4cc8a1ddfbfe0a6.dll.124.Manifest"
          ]
        }
      }
    }
  ],
  [
    {
      "behavior": {
        "summary": {
          "executed_commands": [
            "C:\\Windows\\SysWOW64\\rundll32.exe \"C:\\Users\\comp\\AppData\\Local\\Bgpj\\aalcyi.orr\",RunDLL"
          ],
          "write_keys": [
            "HKEY_CURRENT_USER\\Software\\Classes\\Local Settings\\MuiCache\\5\\52C64B7E\\@C:\\Windows\\system32\\prnfldr.dll,-8036"
          ]
        }
      }
    }
  ],
  [
    {
      "behavior": {
        "summary": {
          "executed_commands": [
            "\"C:\\Users\\comp\\AppData\\Local\\KBDGEO\\NlsData0026.exe\""
          ],
          "files": [
            "C:\\Users\\comp\\AppData\\Local\\Microsoft\\Windows\\Caches\\{AFBF9F1A-8EE8-4C77-AF34-C647E37CA0D9}.1.ver0x0000000000000003.db"
          ]
        }
      }
    }
  ],
  [
    {
      "behavior": {
        "summary": {
          "executed_commands": [
            "\"C:\\Users\\comp\\AppData\\Local\\sqlunirl\\mshta.exe\""
          ],
          "files": [
            "C:\\Users\\comp\\AppData\\Local\\msdtcuiu\\KBDDIV2.exe.3.Manifest"
          ]
        }
      }
    }
  ],
  [
    {
      "behavior": {
        "summary": {
          "executed_commands": [
            "\"C:\\Users\\comp\\AppData\\Local\\fwcfg\\colorui.exe\""
          ],
          "write_files": [
            "C:\\Users\\comp\\AppData\\Local\\KBDMLT48\\Vault.exe"
          ],
          "files": [
            "C:\\Users\\comp\\AppData\\Local\\Microsoft\\Windows\\Caches\\cversions.1.db"
          ]
        }
      }
    }
  ],
  [
    {
      "behavior": {
        "summary": {
          "executed_commands": [
            "C:\\Windows\\SysWOW64\\rundll32.exe \"C:\\Users\\comp\\AppData\\Local\\Uvnhz\\uggd.dtf\",Control_RunDLL"
          ],
          "files": [
            "C:\\Users\\comp\\AppData\\Local\\Microsoft\\Windows\\Caches\\{AFBF9F1A-8EE8-4C77-AF34-C647E37CA0D9}.1.ver0x0000000000000003.db"
          ]
        }
      }
    }
  ],
  [
    {
      "behavior": {
        "summary": {
          "executed_commands": [
            "C:\\Windows\\system32\\cmd.exe /c echo on error resume next:CreateObject(\"WScript.Shell\").Run \"C:\\Users\\comp\\AppData\\Local\\Temp\\6974e02f75863ae3a2b1.exe\",1: >\"C:\\Users\\comp\\AppData\\Roaming\\Microsoft\\Windows\\Start Menu\\Programs\\Startup\\x.vbs\"",
            "C:\\Users\\comp\\AppData\\Local\\Temp\\6974e02f75863ae3a2b1.exe"
          ],
          "files": [
            "C:\\Users\\comp\\AppData\\Local\\Microsoft\\Windows\\Caches\\{AFBF9F1A-8EE8-4C77-AF34-C647E37CA0D9}.1.ver0x0000000000000003.db"
          ]
        }
      }
    }
  ],
  [
    {
      "behavior": {
        "summary": {
          "executed_commands": [
            "\"C:\\Users\\comp\\AppData\\Local\\dpnathlp\\spwizres.exe\""
          ],
          "write_files": [
            "C:\\Users\\comp\\AppData\\Local\\dpnathlp\\spwizres.exe"
          ]
        }
      }
    }
  ],
  [
    {
      "behavior": {
        "summary": {
          "executed_commands": [
            "\"C:\\Users\\comp\\AppData\\Local\\WcsPlugInService\\Faultrep.exe\""
          ]
        }
      }
    }
  ],
  [
    {
      "behavior": {
        "summary": {
          "executed_commands": [
            "\"C:\\Users\\comp\\AppData\\Local\\KBDNE\\mfps.exe\""
          ],
          "files": [
            "C:\\Users\\comp\\AppData\\Local\\mswmdm\\efscore.exe:Zone.Identifier"
          ]
        }
      }
    }
  ],
  [
    {
      "behavior": {
        "summary": {
          "executed_commands": [
            "\"C:\\Users\\comp\\AppData\\Local\\RPCNDFP\\samlib.exe\""
          ],
          "write_files": [
            "C:\\Users\\comp\\AppData\\Local\\RPCNDFP\\samlib.exe"
          ],
          "resolved_apis": [
            "oleaut32.dll.VarPow"
          ],
          "files": [
            "C:\\Windows\\sysnative\\Actioncenter.dll.3.Manifest"
          ],
          "read_keys": [
            "HKEY_LOCAL_MACHINE\\SOFTWARE\\Microsoft\\Windows NT\\CurrentVersion\\GRE_Initialize\\DisableMetaFiles"
          ]
        }
      }
    }
  ],
  [
    {
      "behavior": {
        "summary": {
          "executed_commands": [
            "\"C:\\Users\\comp\\AppData\\Local\\NlsData0049\\mycomput.exe\""
          ],
          "resolved_apis": [
            "oleaut32.dll.VarAdd"
          ],
          "files": [
            "C:\\Users\\comp\\AppData\\Local\\Microsoft\\Windows\\Caches\\{AFBF9F1A-8EE8-4C77-AF34-C647E37CA0D9}.1.ver0x0000000000000003.db"
          ]
        }
      }
    }
  ],
  [
    {
      "behavior": {
        "summary": {
          "executed_commands": [
            "C:\\Windows\\SysWOW64\\explorer.exe"
          ],
          "files": [
            "C:\\Users\\comp\\AppData\\Local\\Temp\\0d101ab54e3e49a71dbf.dll.124.Manifest"
          ],
          "write_keys": [
            "HKEY_CURRENT_USER\\Software\\Microsoft\\Ikkzowxrduiabx"
          ]
        }
      }
    }
  ],
  [
    {
      "behavior": {
        "summary": {
          "executed_commands": [
            "\"C:\\Users\\comp\\AppData\\Local\\drt\\perfmon.exe\""
          ],
          "files": [
            "C:\\Users\\comp\\AppData\\Local\\Microsoft\\Windows\\Caches\\{AFBF9F1A-8EE8-4C77-AF34-C647E37CA0D9}.1.ver0x0000000000000003.db"
          ]
        }
      }
    }
  ],
  [
    {
      "behavior": {
        "summary": {
          "executed_commands": [
            "\"C:\\Windows\\system32\\schtasks.exe\" /create /tn {9E554C6E-7D11-4FC0-AFA1-FF49DBC84412} /tr \"\\\"C:\\Users\\comp\\AppData\\Roaming\\Microsoft\\Tiafuzdii\\ikkzowxr.exe\\\"\" /sc HOURLY /mo 5 /F",
            "nltest /domain_trusts /all_trusts"
          ],
          "write_files": [
            "\\Device\\LanmanDatagramReceiver"
          ],
          "files": [
            "C:\\ProgramData\\Microsoft\\Network\\Connections\\Pbk\\rasphone.pbk"
          ]
        }
      }
    }
  ],
  [
    {
      "behavior": {
        "summary": {
          "executed_commands": [
            "\"C:\\Users\\comp\\AppData\\Local\\KBDSYR2\\sas.exe\""
          ],
          "files": [
            "C:\\Users\\comp\\AppData\\Local\\Microsoft\\Windows\\Caches\\{AFBF9F1A-8EE8-4C77-AF34-C647E37CA0D9}.1.ver0x0000000000000005.db"
          ]
        }
      }
    }
  ],
  [
    {
      "behavior": {
        "summary": {
          "executed_commands": [
            "\"C:\\Users\\comp\\AppData\\Local\\RMActivate_ssp\\miguiresource.exe\""
          ],
          "resolved_apis": [
            "oleaut32.dll.#25"
          ],
          "files": [
            "C:\\Users\\comp\\AppData\\Local\\mycomput\\sqlceqp30.exe:Zone.Identifier"
          ],
          "write_keys": [
            "HKEY_CURRENT_USER\\Software\\Classes\\Local Settings\\MuiCache\\5\\52C64B7E\\@C:\\Windows\\system32\\netshell.dll,-1200"
          ]
        }
      }
    }
  ],
  [
    {
      "behavior": {
        "summary": {
          "executed_commands": [
            "\"C:\\Users\\comp\\AppData\\Local\\api-ms-win-core-errorhandling-l1-1-0\\ddodiag.exe\""
          ],
          "files": [
            "C:\\Users\\comp\\AppData\\Local\\devenum\\shrpubw.exe:Zone.Identifier"
          ]
        }
      }
    }
  ],
  [
    {
      "behavior": {
        "summary": {
          "executed_commands": [
            "\"C:\\Users\\comp\\AppData\\Local\\virtdisk\\chtbrkr.exe\""
          ]
        }
      }
    }
  ],
  [
    {
      "behavior": {
        "summary": {
          "executed_commands": [
            "\"C:\\Users\\comp\\AppData\\Local\\Temp\\7f42d837b15c2f7ef2e2.exe\""
          ],
          "resolved_apis": [
            "user32.dll.SetLayeredWindowAttributes"
          ],
          "files": [
            "C:\\Users\\comp\\AppData\\Local\\Temp\\7f42d837b15c2f7ef2e2.ENU",
            "C:\\Windows\\Microsoft.NET\\Framework\\Upgrades.2.0.50727\\mscoreei.dll"
          ],
          "read_files": [
            "C:\\Windows\\Fonts\\staticcache.dat"
          ],
          "keys": [
            "HKEY_LOCAL_MACHINE\\SOFTWARE\\Microsoft\\Windows NT\\CurrentVersion\\LanguagePack\\SurrogateFallback\\Plane14"
          ],
          "read_keys": [
            "HKEY_LOCAL_MACHINE\\SOFTWARE\\Microsoft\\Windows NT\\CurrentVersion\\LanguagePack\\SurrogateFallback\\Plane13",
            "HKEY_LOCAL_MACHINE\\SOFTWARE\\Microsoft\\Windows NT\\CurrentVersion\\GRE_Initialize\\DisableMetaFiles"
          ]
        }
      }
    }
  ]
]
