[
  [
    {
      "behavior": {
        "summary": {
          "files": [
            "C:\\Users\\comp\\AppData\\Local\\Microsoft\\Windows\\Caches\\{AFBF9F1A-8EE8-4C77-AF34-C647E37CA0D9}.1.ver0x0000000000000003.db"
          ],
          "keys": [
            "HKEY_CURRENT_USER\\Software\\Microsoft\\Windows\\CurrentVersion\\Action Center\\Providers\\EventLog\\{945a8954-c147-4acd-923f-40c45405a658}"
          ]
        }
      }
    }
  ],
  [
    {
      "behavior": {
        "summary": {
          "files": [
            "C:\\Users\\comp\\AppData\\Local\\Google\\Chrome\\User Data\\Default\\Code Cache\\wasm"
          ],
          "keys": [
            "HKEY_LOCAL_MACHINE\\SOFTWARE\\MICROSOFT\\CTF\\TIP\\{0000897b-83df-4b96-be07-0fb58b01c4a4}\\LanguageProfile\\0x00000000\\{0001bea3-ed56-483d-a2e2-aeae25577436}\\Enable"
          ]
        }
      }
    }
  ],
  [
    {
      "behavior": {
        "summary": {
          "executed_commands": [
            "\"C:\\Users\\comp\\AppData\\Local\\printui\\NlsData001b.exe\""
          ],
          "write_files": [
            "C:\\Users\\comp\\AppData\\Local\\netdiagfx\\msvcp60.exe"
          ],
          "keys": [
            "HKEY_LOCAL_MACHINE\\SOFTWARE\\Classes\\Wow6432Node\\CLSID\\{20D04FE0-3AEA-1069-A2D8-08002B30309D}\\ShellFolder\\WantsParseDisplayName"
          ]
        }
      }
    }
  ],
  [
    {
      "behavior": {
        "summary": {
          "files": [
            "C:\\Users\\comp\\AppData\\Local\\api-ms-win-core-console-l1-1-0"
          ],
          "keys": [
            "HKEY_LOCAL_MACHINE\\SOFTWARE\\Classes\\CLSID\\{7007ACC7-3202-11D1-AAD2-00805FC1270E}\\{B725F130-47EF-101A-A5F1-02608C9EEBAC} 10"
          ]
        }
      }
    }
  ],
  [
    {
      "behavior": {
        "summary": {
          "resolved_apis": [
            "gdiplus.dll.GdipGetDpiY"
          ],
          "files": [
            "C:\\Windows\\assembly\\NativeImages_v2.0.50727_32\\mscorlib\\9f895c66454577eff9c77442d0c84f71\\mscorlib.ni.dll"
          ]
        }
      }
    }
  ],
  [
    {
      "behavior": {
        "summary": {
          "write_files": [
            "C:\\Users\\comp\\AppData\\Local\\mgmtapi\\dplaysvr.exe"
          ],
          "files": [
            "C:\\Users\\comp\\AppData\\Local\\Temp\\2166e828d27e15a8633a.exe.1000.Manifest"
          ]
        }
      }
    }
  ],
  [
    {
      "behavior": {
        "summary": {
          "keys": [
            "HKEY_LOCAL_MACHINE\\SOFTWARE\\MICROSOFT\\CTF\\TIP\\{0000897b-83df-4b96-be07-0fb58b01c4a4}\\LanguageProfile\\0x00000000\\{0001bea3-ed56-483d-a2e2-aeae25577436}\\Enable"
          ],
          "write_keys": [
            "HKEY_CURRENT_USER\\Software\\Microsoft\\Windows\\CurrentVersion\\Explorer\\SessionInfo\\1\\WHCIconStartup"
          ],
          "read_keys": [
            "HKEY_LOCAL_MACHINE\\SOFTWARE\\Classes\\CLSID\\{7007ACC7-3202-11D1-AAD2-00805FC1270E}\\ShellFolder\\HideFolderVerbs"
          ]
        }
      }
    }
  ],
  [
    {
      "behavior": {
        "summary": {
          "files": [
            "C:\\Users\\comp\\AppData\\Local\\Temp\\f3d9874966306d5be6a8.exe.Config"
          ],
          "keys": [
            "HKEY_CLASSES_ROOT\\CLSID\\{20D04FE0-3AEA-1069-A2D8-08002B30309D}\\ShellFolder"
          ]
        }
      }
    }
  ],
  [
    {
      "behavior": {
        "summary": {
          "resolved_apis": [
            "user32.dll.SendMessageA"
          ],
          "keys": [
            "HKEY_LOCAL_MACHINE\\SOFTWARE\\Classes\\Wow6432Node\\CLSID\\{20D04FE0-3AEA-1069-A2D8-08002B30309D}\\ShellFolder\\MapNetDriveVerbs"
          ],
          "write_keys": [
            "HKEY_CURRENT_USER\\Software\\Microsoft\\Windows\\CurrentVersion\\Explorer\\SessionInfo\\1\\WHCIconStartup"
          ],
          "read_keys": [
            "HKEY_LOCAL_MACHINE\\SOFTWARE\\Classes\\CLSID\\{A4A1A128-768F-41E0-BF75-E4FDDD701CBA}\\InProcServer32\\InprocServer32"
          ]
        }
      }
    }
  ],
  [
    {
      "behavior": {
        "summary": {
          "executed_commands": [
            "\"C:\\Users\\comp\\AppData\\Local\\vds_ps\\KBDLA.exe\""
          ],
          "files": [
            "C:\\Windows\\sysnative\\prnfldr.dll"
          ],
          "keys": [
            "HKEY_LOCAL_MACHINE\\SOFTWARE\\Classes\\Wow6432Node\\CLSID\\{20D04FE0-3AEA-1069-A2D8-08002B30309D}\\ShellFolder\\QueryForInfoTip"
          ]
        }
      }
    }
  ],
  [
    {
      "behavior": {
        "summary": {
          "write_files": [
            "C:\\Windows\\MSBLT.EXE"
          ],
          "files": [
            "C:\\Windows\\SysWOW64\\en-US\\KERNELBASE.dll.mui"
          ],
          "keys": [
            "HKEY_LOCAL_MACHINE\\SOFTWARE\\Microsoft\\Windows\\CurrentVersion\\RunOnce"
          ]
        }
      }
    }
  ],
  [
    {
      "behavior": {
        "summary": {
          "executed_commands": [
            "\"C:\\Users\\comp\\AppData\\Local\\ieUnatt\\wvc.exe\""
          ],
          "keys": [
            "HKEY_LOCAL_MACHINE\\SOFTWARE\\Classes\\Wow6432Node\\CLSID\\{20D04FE0-3AEA-1069-A2D8-08002B30309D}\\ShellFolder\\WantsParseDisplayName"
          ],
          "write_keys": [
            "HKEY_CURRENT_USER\\Software\\Microsoft\\Windows\\CurrentVersion\\Explorer\\SessionInfo\\1\\WHCIconStartup"
          ],
          "read_keys": [
            "HKEY_LOCAL_MACHINE\\SOFTWARE\\Classes\\CLSID\\{35786D3C-B075-49B9-88DD-029876E11C01}\\SortOrderIndex"
          ]
        }
      }
    }
  ],
  [
    {
      "behavior": {
        "summary": {
          "resolved_apis": [
            "uxtheme.dll.DrawThemeIcon"
          ],
          "files": [
            "C:\\Users\\comp\\AppData\\Local\\Temp\\64f75478a567a05a1e26.EN.DLL"
          ],
          "keys": [
            "HKEY_LOCAL_MACHINE\\SOFTWARE\\MICROSOFT\\WINDOWS NT\\CURRENTVERSION\\LanguagePack\\DataStore_V1.0\\Disable"
          ]
        }
      }
    }
  ],
  [
    {
      "behavior": {
        "summary": {
          "files": [
            "C:\\Users\\comp\\AppData\\Local\\Temp\\a998f6728f0b6a94aed5.exe.config"
          ],
          "keys": [
            "HKEY_LOCAL_MACHINE\\SOFTWARE\\MICROSOFT\\CTF\\TIP\\{0000897b-83df-4b96-be07-0fb58b01c4a4}\\LanguageProfile\\0x00000000\\{0001bea3-ed56-483d-a2e2-aeae25577436}\\Enable"
          ]
        }
      }
    }
  ],
  [
    {
      "behavior": {
        "summary": {
          "files": [
            "C:\\Windows\\Microsoft.NET\\Framework\\v2.0.50727\\mscoreei.dll"
          ],
          "keys": [
            "HKEY_LOCAL_MACHINE\\Software\\Microsoft\\CTF\\TIP\\{0000897b-83df-4b96-be07-0fb58b01c4a4}\\LanguageProfile\\0x00000000\\{0001bea3-ed56-483d-a2e2-aeae25577436}"
          ]
        }
      }
    }
  ],
  [
    {
      "behavior": {
        "summary": {
          "executed_commands": [
            "\"C:\\Users\\comp\\AppData\\Local\\perfproc\\typelib.exe\""
          ],
          "write_files": [
            "C:\\Users\\comp\\AppData\\Local\\perfproc\\typelib.exe"
          ],
          "resolved_apis": [
            "uxtheme.dll.OpenThemeData"
          ],
          "files": [
            "C:\\Windows\\Setup\\State\\State.ini\\"
          ]
        }
      }
    }
  ],
  [
    {
      "behavior": {
        "summary": {
          "files": [
            "C:\\Users\\comp\\AppData\\Local\\Microsoft\\Windows\\Caches\\{AFBF9F1A-8EE8-4C77-AF34-C647E37CA0D9}.1.ver0x0000000000000005.db"
          ],
          "keys": [
            "HKEY_LOCAL_MACHINE\\SYSTEM\\ControlSet001\\Control\\VAN\\{6705C562-0AE7-40EA-8474-F39DAB1813D0}"
          ]
        }
      }
    }
  ],
  [
    {
      "behavior": {
        "summary": {
          "write_files": [
            "C:\\Users\\comp\\AppData\\Local\\dllhst3g\\dxdiagn.exe"
          ],
          "files": [
            "C:\\Users\\comp\\AppData\\Local\\pmcsnap\\aaclientb7480a960.exe"
          ],
          "keys": [
            "HKEY_LOCAL_MACHINE\\SOFTWARE\\Microsoft\\Windows\\CurrentVersion\\Policies\\Explorer\\NoControlPanel"
          ]
        }
      }
    }
  ],
  [
    {
      "behavior": {
        "summary": {
          "keys": [
            "DisableUserModeCallbackFilter"
          ],
          "started_services": [
            "EFS"
          ],
          "read_keys": [
            "DisableUserModeCallbackFilter",
            "HKEY_LOCAL_MACHINE\\SYSTEM\\ControlSet001\\services\\Tcpip\\Parameters\\Domain"
          ]
        }
      }
    }
  ],
  [
    {
      "behavior": {
        "summary": {
          "files": [
            "C:\\Users\\comp\\AppData\\Local\\Microsoft\\Windows\\Caches\\{AFBF9F1A-8EE8-4C77-AF34-C647E37CA0D9}.1.ver0x0000000000000003.db"
          ],
          "keys": [
            "HKEY_LOCAL_MACHINE\\System\\CurrentControlSet\\Services\\Tcpip\\Parameters"
          ]
        }
      }
    }
  ],
  [
    {
      "behavior": {
        "summary": {
          "files": [
            "C:\\Windows\\winsxs\\x86_microsoft.windows.common-controls_6595b64144ccf1df_6.0.7601.18837_none_41e855142bd5705d\\comctl32.dll"
          ],
          "keys": [
            "HKEY_CURRENT_USER\\Software\\Microsoft\\Windows\\CurrentVersion\\Action Center\\Checks\\{E8433B72-5842-4d43-8645-BC2C35960837}.check.103\\CheckSetting"
          ]
        }
      }
    }
  ],
  [
    {
      "behavior": {
        "summary": {
          "resolved_apis": [
            "winspool.drv.AddJobW"
          ],
          "keys": [
            "HKEY_LOCAL_MACHINE\\SOFTWARE\\Classes\\CLSID\\{2227A280-3AEA-1069-A2DE-08002B30309D}\\{B725F130-47EF-101A-A5F1-02608C9EEBAC} 10"
          ],
          "read_keys": [
            "HKEY_LOCAL_MACHINE\\SOFTWARE\\Classes\\CLSID\\{9C73F5E5-7AE7-4E32-A8E8-8D23B85255BF}\\ShellFolder\\RestrictedAttributes"
          ]
        }
      }
    }
  ],
  [
    {
      "behavior": {
        "summary": {
          "keys": [
            "HKEY_LOCAL_MACHINE\\SOFTWARE\\MICROSOFT\\CTF\\TIP\\{0000897b-83df-4b96-be07-0fb58b01c4a4}\\LanguageProfile\\0x00000000\\{0001bea3-ed56-483d-a2e2-aeae25577436}\\Enable"
          ],
          "read_keys": [
            "HKEY_LOCAL_MACHINE\\SOFTWARE\\Wow6432Node\\Microsoft\\.NETFramework\\OnlyUseLatestCLR"
          ]
        }
      }
    }
  ],
  [
    {
      "behavior": {
        "summary": {
          "keys": [
            "HKEY_LOCAL_MACHINE\\Software\\Microsoft\\CTF\\TIP\\{0000897b-83df-4b96-be07-0fb58b01c4a4}\\LanguageProfile\\0x00000000\\{0001bea3-ed56-483d-a2e2-aeae25577436}"
          ],
          "read_keys": [
            "HKEY_LOCAL_MACHINE\\SYSTEM\\ControlSet001\\Control\\Nls\\Locale\\00000409"
          ]
        }
      }
    }
  ],
  [
    {
      "behavior": {
        "summary": {
          "files": [
            "C:\\Windows\\sysnative\\Actioncenter.dll.3.Manifest"
          ],
          "keys": [
            "HKEY_LOCAL_MACHINE\\SOFTWARE\\Classes\\CLSID\\{7007ACC7-3202-11D1-AAD2-00805FC1270E}\\ShellFolder\\HideInWebView"
          ]
        }
      }
    }
  ],
  [
    {
      "behavior": {
        "summary": {
          "files": [
            "C:\\Windows\\Setup\\State"
          ],
          "keys": [
            "DisableUserModeCallbackFilter"
          ]
        }
      }
    }
  ],
  [
    {
      "behavior": {
        "summary": {
          "files": [
            "C:\\Windows\\winsxs\\x86_microsoft.windows.common-controls_6595b64144ccf1df_5.82.7601.18837_none_ec86b8d6858ec0bc\\comctl32.dll"
          ],
          "keys": [
            "HKEY_LOCAL_MACHINE\\Software\\Microsoft\\Windows\\CurrentVersion\\SideBySide"
          ]
        }
      }
    }
  ],
  [
    {
      "behavior": {
        "summary": {
          "resolved_apis": [
            "kernel32.dll.SetLastError"
          ],
          "files": [
            "C:\\Windows\\Setup\\State\\State.ini\\"
          ],
          "read_keys": [
            "HKEY_LOCAL_MACHINE\\SYSTEM\\ControlSet001\\services\\Tcpip\\Parameters\\Hostname"
          ]
        }
      }
    }
  ],
  [
    {
      "behavior": {
        "summary": {
          "resolved_apis": [
            "kernel32.dll.ExitProcess"
          ],
          "files": [
            "C:\\Users\\comp\\AppData\\Local\\api-ms-win-crt-heap-l1-1-0\\iepeers.exe:Zone.Identifier"
          ],
          "keys": [
            "HKEY_CURRENT_USER\\Software\\Microsoft\\Windows\\CurrentVersion\\Action Center\\Checks\\{E8433B72-5842-4d43-8645-BC2C35960837}.check.103\\CheckSetting"
          ]
        }
      }
    }
  ],
  [
    {
      "behavior": {
        "summary": {
          "files": [
            "C:\\Windows\\Setup\\State"
          ],
          "keys": [
            "HKEY_LOCAL_MACHINE\\Software\\Policies\\Microsoft\\System\\DNSclient"
          ],
          "read_keys": [
            "HKEY_LOCAL_MACHINE\\SYSTEM\\ControlSet001\\services\\Tcpip\\Parameters\\Hostname"
          ]
        }
      }
    }
  ],
  [
    {
      "behavior": {
        "summary": {
          "executed_commands": [
            "\"C:\\Users\\comp\\AppData\\Local\\dnscmmc\\cabview.exe\""
          ],
          "files": [
            "C:\\Windows\\SysWOW64\\propsys.dll"
          ],
          "keys": [
            "HKEY_LOCAL_MACHINE\\Software\\Microsoft\\Windows\\CurrentVersion\\SideBySide\\AssemblyStorageRoots"
          ],
          "read_keys": [
            "HKEY_LOCAL_MACHINE\\SOFTWARE\\Classes\\Wow6432Node\\CLSID\\{20D04FE0-3AEA-1069-A2D8-08002B30309D}\\ShellFolder\\QueryForInfoTip"
          ]
        }
      }
    }
  ],
  [
    {
      "behavior": {
        "summary": {
          "keys": [
            "HKEY_LOCAL_MACHINE\\SOFTWARE\\MICROSOFT\\CTF\\TIP\\{0000897b-83df-4b96-be07-0fb58b01c4a4}\\LanguageProfile\\0x00000000\\{0001bea3-ed56-483d-a2e2-aeae25577436}\\Enable"
          ],
          "read_keys": [
            "HKEY_LOCAL_MACHINE\\SOFTWARE\\Classes\\Wow6432Node\\CLSID\\{66742402-F9B9-11D1-A202-0000F81FEDEE}\\UseInProcHandlerCache"
          ]
        }
      }
    }
  ],
  [
    {
      "behavior": {
        "summary": {
          "executed_commands": [
            "\"C:\\Users\\comp\\AppData\\Local\\KBDMAORI\\dhcpcore.exe\""
          ],
          "write_files": [
            "C:\\Users\\comp\\AppData\\Local\\KBDMAORI\\dhcpcore.exe"
          ],
          "keys": [
            "HKEY_LOCAL_MACHINE\\SOFTWARE\\Classes\\Wow6432Node\\CLSID\\{20D04FE0-3AEA-1069-A2D8-08002B30309D}\\ShellFolder\\HideInWebView"
          ]
        }
      }
    }
  ],
  [
    {
      "behavior": {
        "summary": {
          "write_files": [
            "C:\\Users\\comp\\AppData\\Local\\comres\\wextract.exe"
          ],
          "files": [
            "C:\\Windows\\SysWOW64\\propsys.dll"
          ],
          "keys": [
            "HKEY_LOCAL_MACHINE\\SOFTWARE\\Classes\\Folder\\Clsid"
          ],
          "read_keys": [
            "HKEY_LOCAL_MACHINE\\SOFTWARE\\Classes\\Wow6432Node\\CLSID\\{20D04FE0-3AEA-1069-A2D8-08002B30309D}\\ShellFolder\\NoFileFolderJunction"
          ]
        }
      }
    }
  ],
  [
    {
      "behavior": {
        "summary": {
          "executed_commands": [
            "\"C:\\Users\\comp\\AppData\\Local\\tpmcompc\\dxgi.exe\""
          ],
          "keys": [
            "HKEY_CURRENT_USER\\Software\\Classes\\CLSID\\{A4A1A128-768F-41E0-BF75-E4FDDD701CBA}\\InprocHandler"
          ],
          "write_keys": [
            "HKEY_CURRENT_USER\\Software\\Microsoft\\Windows\\CurrentVersion\\Explorer\\SessionInfo\\1\\WHCIconStartup"
          ],
          "read_keys": [
            "HKEY_CURRENT_USER\\Software\\Microsoft\\Windows\\CurrentVersion\\Action Center\\Checks\\{E8433B72-5842-4d43-8645-BC2C35960837}.check.101\\CheckSetting"
          ]
        }
      }
    }
  ],
  [
    {
      "behavior": {
        "summary": {
          "files": [
            "C:\\Users\\comp\\AppData\\Local\\Microsoft\\Windows\\Caches\\{AFBF9F1A-8EE8-4C77-AF34-C647E37CA0D9}.1.ver0x0000000000000003.db"
          ],
          "keys": [
            "HKEY_LOCAL_MACHINE\\SOFTWARE\\Classes\\CLSID\\{7007ACC7-3202-11D1-AAD2-00805FC1270E}\\{B725F130-47EF-101A-A5F1-02608C9EEBAC} 10"
          ]
        }
      }
    }
  ],
  [
    {
      "behavior": {
        "summary": {
          "executed_commands": [
            "\"C:\\Users\\comp\\AppData\\Local\\msieftp\\dssec.exe\""
          ],
          "files": [
            "C:\\Windows\\SysWOW64"
          ],
          "keys": [
            "HKEY_LOCAL_MACHINE\\SOFTWARE\\Microsoft\\Security Center\\Svc\\VistaSp1"
          ],
          "write_keys": [
            "HKEY_CURRENT_USER\\Software\\Microsoft\\Windows\\CurrentVersion\\Explorer\\SessionInfo\\1\\WHCIconStartup"
          ],
          "read_keys": [
            "HKEY_LOCAL_MACHINE\\SOFTWARE\\Wow6432Node\\Microsoft\\Windows\\CurrentVersion\\explorer\\MoveSecurityAttributes"
          ]
        }
      }
    }
  ],
  [
    {
      "behavior": {
        "summary": {
          "write_files": [
            "C:\\Users\\comp\\AppData\\Local\\scecli\\NlsLexicons0049.exe"
          ],
          "resolved_apis": [
            "propsys.dll.PSCreateMemoryPropertyStore"
          ],
          "keys": [
            "HKEY_CURRENT_USER\\Software\\Microsoft\\Windows\\CurrentVersion\\Action Center\\Checks\\{852FB1F8-5CC6-4567-9C0E-7C330F8807C2}.check.100\\CheckSetting"
          ],
          "started_services": [
            "EFS"
          ],
          "read_keys": [
            "HKEY_LOCAL_MACHINE\\SOFTWARE\\Classes\\Wow6432Node\\CLSID\\{20D04FE0-3AEA-1069-A2D8-08002B30309D}\\ShellFolder\\WantsParseDisplayName"
          ]
        }
      }
    }
  ],
  [
    {
      "behavior": {
        "summary": {
          "write_files": [
            "\\??\\PIPE\\efsrpc"
          ],
          "keys": [
            "DisableUserModeCallbackFilter"
          ],
          "read_keys": [
            "HKEY_LOCAL_MACHINE\\SYSTEM\\ControlSet001\\services\\Tcpip\\Parameters\\Hostname"
          ]
        }
      }
    }
  ],
  [
    {
      "behavior": {
        "summary": {
          "files": [
            "C:\\Users\\comp\\AppData\\Local\\Temp\\log6A52.tmp"
          ],
          "keys": [
            "HKEY_LOCAL_MACHINE\\Software\\Microsoft\\SQMClient\\Windows\\DisabledSessions\\"
          ]
        }
      }
    }
  ],
  [
    {
      "behavior": {
        "summary": {
          "executed_commands": [
            "C:\\Windows\\SysWOW64\\rundll32.exe \"C:\\Users\\comp\\AppData\\Local\\Hpvttpgjv\\vcmidvwt.ghg\",Control_RunDLL"
          ],
          "keys": [
            "HKEY_CURRENT_USER\\Software\\Microsoft\\Windows\\CurrentVersion\\Action Center\\Providers\\EventLog\\{DAB69A6A-4D2A-4D44-94BF-E0091898C881}\\LastKnownState"
          ]
        }
      }
    }
  ],
  [
    {
      "behavior": {
        "summary": {
          "executed_commands": [
            "C:\\Windows\\system32\\cmd.exe /c echo on error resume next:CreateObject(\"WScript.Shell\").Run \"C:\\Users\\comp\\AppData\\Local\\Temp\\ebc82e867e1280af5cb0.exe\",1: >\"C:\\Users\\comp\\AppData\\Roaming\\Microsoft\\Windows\\Start Menu\\Programs\\Startup\\x.vbs\""
          ],
          "keys": [
            "DisableUserModeCallbackFilter"
          ]
        }
      }
    }
  ],
  [
    {
      "behavior": {
        "summary": {
          "files": [
            "C:\\Windows\\System32\\en-US\\odbcint.dll.mui"
          ],
          "keys": [
            "HKEY_LOCAL_MACHINE\\SOFTWARE\\Wow6432Node\\Microsoft\\Windows\\Windows Error Reporting\\WMR\\Disable"
          ]
        }
      }
    }
  ],
  [
    {
      "behavior": {
        "summary": {
          "files": [
            "C:\\Windows\\SysWOW64"
          ],
          "keys": [
            "HKEY_LOCAL_MACHINE\\Software\\Microsoft\\Windows\\CurrentVersion\\Explorer\\ControlPanel\\NameSpace\\{35786D3C-B075-49B9-88DD-029876E11C01}",
            "HKEY_LOCAL_MACHINE\\SOFTWARE\\Microsoft\\Windows\\CurrentVersion\\Explorer\\MyComputer\\NameSpace\\DelegateFolders\\{b155bdf8-02f0-451e-9a26-ae317cfd7779}\\SuppressionPolicy"
          ]
        }
      }
    }
  ],
  [
    {
      "behavior": {
        "summary": {
          "write_files": [
            "C:\\Users\\comp\\AppData\\Local\\efscore\\expsrv.exe"
          ],
          "resolved_apis": [
            "kernel32.dll.InitializeCriticalSectionAndSpinCount"
          ],
          "keys": [
            "HKEY_LOCAL_MACHINE\\SOFTWARE\\MICROSOFT\\Windows\\CurrentVersion\\Explorer\\MyComputer\\NameSpace\\DelegateFolders\\{b155bdf8-02f0-451e-9a26-ae317cfd7779}\\SuppressionPolicy"
          ],
          "read_keys": [
            "HKEY_LOCAL_MACHINE\\SOFTWARE\\Classes\\Wow6432Node\\CLSID\\{20D04FE0-3AEA-1069-A2D8-08002B30309D}\\ShellFolder\\HasNavigationEnum"
          ]
        }
      }
    }
  ],
  [
    {
      "behavior": {
        "summary": {
          "executed_commands": [
            "C:\\Windows\\system32\\cmd.exe /c echo on error resume next:CreateObject(\"WScript.Shell\").Run \"C:\\Users\\comp\\AppData\\Local\\Temp\\c9796b8d207f9f7c38cf.exe\",1: >\"C:\\Users\\comp\\AppData\\Roaming\\Microsoft\\Windows\\Start Menu\\Programs\\Startup\\x.vbs\""
          ],
          "keys": [
            "HKEY_LOCAL_MACHINE\\Software\\Microsoft\\Windows\\Windows Error Reporting\\WMR"
          ]
        }
      }
    }
  ],
  [
    {
      "behavior": {
        "summary": {
          "executed_commands": [
            "\"C:\\Users\\comp\\AppData\\Local\\isoburn\\typeperf.exe\""
          ],
          "files": [
            "C:\\Windows\\sysnative\\en-US\\prnfldr.dll.mui"
          ],
          "keys": [
            "HKEY_LOCAL_MACHINE\\Software\\Microsoft\\Windows\\CurrentVersion\\Explorer\\Desktop\\NameSpace\\{21EC2020-3AEA-1069-A2DD-08002B30309D}"
          ]
        }
      }
    }
  ],
  [
    {
      "behavior": {
        "summary": {
          "executed_commands": [
            "\"C:\\Users\\comp\\AppData\\Local\\linkinfo\\api-ms-win-security-base-l1-1-0.exe\""
          ],
          "files": [
            "C:\\Users\\comp\\AppData\\Local\\Microsoft\\Windows\\Caches\\{AFBF9F1A-8EE8-4C77-AF34-C647E37CA0D9}.1.ver0x0000000000000003.db"
          ],
          "keys": [
            "HKEY_CURRENT_USER\\Software\\Classes\\Local Settings\\MuiCache\\5\\52C64B7E\\LanguageList"
          ]
        }
      }
    }
  ],
  [
    {
      "behavior": {
        "summary": {
          "write_files": [
            "C:\\Users\\comp\\AppData\\Local\\AuditNativeSnapIn\\vdmdbg.exe"
          ],
          "files": [
            "C:\\Users\\comp\\AppData\\Local\\Microsoft\\Windows\\Caches\\{AFBF9F1A-8EE8-4C77-AF34-C647E37CA0D9}.1.ver0x0000000000000003.db"
          ],
          "keys": [
            "HKEY_CURRENT_USER\\Software\\Microsoft\\Windows\\CurrentVersion\\Internet Settings\\Zones\\2"
          ]
        }
      }
    }
  ],
  [
    {
      "behavior": {
        "summary": {
          "files": [
            "C:\\Windows\\winsxs\\x86_microsoft.windows.common-controls_6595b64144ccf1df_6.0.7601.18837_none_41e855142bd5705d\\comctl32.dll"
          ],
          "keys": [
            "HKEY_LOCAL_MACHINE\\Software\\Microsoft\\Windows\\CurrentVersion\\Explorer\\ControlPanel\\NameSpace\\{35786D3C-B075-49B9-88DD-029876E11C01}"
          ]
        }
      }
    }
  ],
  [
    {
      "behavior": {
        "summary": {
          "files": [
            "C:\\Users\\comp\\AppData\\Local\\PresentationHostProxy\\ulib.exe"
          ],
          "keys": [
            "HKEY_LOCAL_MACHINE\\SOFTWARE\\Classes\\CLSID\\{A4A1A128-768F-41E0-BF75-E4FDDD701CBA}\\InprocHandler"
          ]
        }
      }
    }
  ],
  [
    {
      "behavior": {
        "summary": {
          "executed_commands": [
            "C:\\Windows\\SysWOW64\\rundll32.exe \"C:\\Users\\comp\\AppData\\Local\\Rfkkwzelyzqoxrlp\\loekfmovokaudwu.wyj\",Control_RunDLL"
          ],
          "keys": [
            "HKEY_LOCAL_MACHINE\\SOFTWARE\\Classes\\Wow6432Node\\CLSID\\{66742402-F9B9-11D1-A202-0000F81FEDEE}\\DisableProcessIsolation"
          ]
        }
      }
    }
  ],
  [
    {
      "behavior": {
        "summary": {
          "files": [
            "C:\\Users\\comp\\AppData\\Local\\Temp\\lshxnno.dll"
          ],
          "keys": [
            "DisableUserModeCallbackFilter"
          ]
        }
      }
    }
  ],
  [
    {
      "behavior": {
        "summary": {
          "files": [
            "C:\\Windows\\Microsoft.NET\\Framework\\v4.0.40305\\mscorwks.dll"
          ],
          "keys": [
            "HKEY_LOCAL_MACHINE\\SOFTWARE\\MICROSOFT\\CTF\\TIP\\{0000897b-83df-4b96-be07-0fb58b01c4a4}\\LanguageProfile\\0x00000000\\{0001bea3-ed56-483d-a2e2-aeae25577436}\\Enable"
          ]
        }
      }
    }
  ],
  [
    {
      "behavior": {
        "summary": {
          "files": [
            "C:\\Users\\comp\\AppData\\Local\\Temp\\log6234.tmp"
          ],
          "keys": [
            "HKEY_LOCAL_MACHINE\\SOFTWARE\\Classes\\Wow6432Node\\CLSID\\{6EDD6D74-C007-4E75-B76A-E5740995E24C}\\InprocServer32"
          ]
        }
      }
    }
  ],
  [
    {
      "behavior": {
        "summary": {
          "write_files": [
            "C:\\Users\\comp\\AppData\\Local\\UIRibbon\\KBDINGUJ.exe"
          ],
          "keys": [
            "HKEY_LOCAL_MACHINE\\Software\\Microsoft\\CTF\\TIP\\{0000897b-83df-4b96-be07-0fb58b01c4a4}\\LanguageProfile\\0x00000000\\{0001bea3-ed56-483d-a2e2-aeae25577436}"
          ],
          "read_keys": [
            "HKEY_LOCAL_MACHINE\\SOFTWARE\\Classes\\.exe\\(Default)"
          ]
        }
      }
    }
  ],
  [
    {
      "behavior": {
        "summary": {
          "keys": [
            "HKEY_LOCAL_MACHINE\\SOFTWARE\\Microsoft\\CTF\\TIP\\{0000897b-83df-4b96-be07-0fb58b01c4a4}\\LanguageProfile\\0x00000000\\{0001bea3-ed56-483d-a2e2-aeae25577436}\\Enable"
          ],
          "read_keys": [
            "HKEY_LOCAL_MACHINE\\SYSTEM\\ControlSet001\\Control\\Lsa\\FipsAlgorithmPolicy"
          ]
        }
      }
    }
  ],
  [
    {
      "behavior": {
        "summary": {
          "executed_commands": [
            "\"C:\\Users\\comp\\AppData\\Local\\amstream\\dciman32.exe\""
          ],
          "write_files": [
            "C:\\Users\\comp\\AppData\\Local\\amstream\\dciman32.exe"
          ],
          "keys": [
            "HKEY_LOCAL_MACHINE\\SOFTWARE\\Microsoft\\Windows\\CurrentVersion\\Explorer\\MyComputer\\NameSpace\\DelegateFolders\\{35786D3C-B075-49b9-88DD-029876E11C01}\\SuppressionPolicy"
          ]
        }
      }
    }
  ],
  [
    {
      "behavior": {
        "summary": {
          "executed_commands": [
            "\"C:\\Users\\comp\\AppData\\Local\\PortableDeviceWiaCompat\\iassam.exe\""
          ],
          "files": [
            "C:\\Users\\comp\\AppData\\Local\\uicom"
          ],
          "keys": [
            "HKEY_LOCAL_MACHINE\\SOFTWARE\\MICROSOFT\\Windows\\CurrentVersion\\Policies\\NonEnum\\{20D04FE0-3AEA-1069-A2D8-08002B30309D}"
          ]
        }
      }
    }
  ],
  [
    {
      "behavior": {
        "summary": {
          "files": [
            "C:\\Windows\\sysnative\\C_950.NLS"
          ],
          "keys": [
            "HKEY_LOCAL_MACHINE\\SOFTWARE\\Classes\\CLSID\\{7007ACC7-3202-11D1-AAD2-00805FC1270E}\\ShellFolder\\HideOnDesktopPerUser"
          ],
          "read_keys": [
            "HKEY_LOCAL_MACHINE\\SOFTWARE\\Classes\\CLSID\\{7007ACC7-3202-11D1-AAD2-00805FC1270E}\\ShellFolder\\WantsAliasedNotifications"
          ]
        }
      }
    }
  ],
  [
    {
      "behavior": {
        "summary": {
          "files": [
            "C:\\Users\\comp\\AppData\\Local\\Temp\\log6E1B.tmp"
          ],
          "keys": [
            "HKEY_LOCAL_MACHINE\\Software\\Microsoft\\Rpc\\Extensions"
          ]
        }
      }
    }
  ],
  [
    {
      "behavior": {
        "summary": {
          "files": [
            "\\??\\pipe\\MSSE-3186-server"
          ],
          "keys": [
            "DisableUserModeCallbackFilter"
          ]
        }
      }
    }
  ],
  [
    {
      "behavior": {
        "summary": {
          "resolved_apis": [
            "dwmapi.dll.DwmIsCompositionEnabled"
          ],
          "keys": [
            "HKEY_LOCAL_MACHINE\\SOFTWARE\\MICROSOFT\\CTF\\TIP\\{0000897b-83df-4b96-be07-0fb58b01c4a4}\\LanguageProfile\\0x00000000\\{0001bea3-ed56-483d-a2e2-aeae25577436}\\Enable"
          ]
        }
      }
    }
  ],
  [
    {
      "behavior": {
        "summary": {
          "files": [
            "C:\\Users\\comp\\AppData\\Local\\Temp\\log661C.tmp"
          ],
          "keys": [
            "HKEY_LOCAL_MACHINE\\SOFTWARE\\Classes\\Wow6432Node\\CLSID\\{3E5FC7F9-9A51-4367-9063-A120244FBEC7}\\InprocServer32\\InprocServer32"
          ]
        }
      }
    }
  ],
  [
    {
      "behavior": {
        "summary": {
          "files": [
            "C:\\Windows\\Setup\\State\\State.ini"
          ],
          "keys": [
            "DisableUserModeCallbackFilter"
          ]
        }
      }
    }
  ],
  [
    {
      "behavior": {
        "summary": {
          "executed_commands": [
            "\"C:\\Users\\comp\\AppData\\Local\\rasser\\dfrgui.exe\""
          ],
          "write_files": [
            "C:\\Users\\comp\\AppData\\Local\\StorageContextHandler\\drvstore.exe"
          ],
          "keys": [
            "HKEY_LOCAL_MACHINE\\SOFTWARE\\Classes\\CLSID\\{A4A1A128-768F-41E0-BF75-E4FDDD701CBA}\\InprocHandler"
          ],
          "read_keys": [
            "HKEY_LOCAL_MACHINE\\SOFTWARE\\Classes\\SystemFileAssociations\\.exe\\DocObject"
          ]
        }
      }
    }
  ],
  [
    {
      "behavior": {
        "summary": {
          "files": [
            "\\??\\PIPE\\efsrpc",
            "C:\\Users\\comp\\AppData\\Local\\Temp"
          ],
          "keys": [
            "HKEY_LOCAL_MACHINE\\SOFTWARE\\Classes\\CLSID\\{7007ACC7-3202-11D1-AAD2-00805FC1270E}\\ShellFolder\\MapNetDriveVerbs"
          ],
          "started_services": [
            "EFS"
          ]
        }
      }
    }
  ],
  [
    {
      "behavior": {
        "summary": {
          "write_files": [
            "\\??\\PIPE\\efsrpc"
          ],
          "keys": [
            "HKEY_LOCAL_MACHINE\\SOFTWARE\\Classes\\CLSID\\{2227A280-3AEA-1069-A2DE-08002B30309D}\\{B725F130-47EF-101A-A5F1-02608C9EEBAC} 10"
          ],
          "read_keys": [
            "HKEY_LOCAL_MACHINE\\SOFTWARE\\Classes\\CLSID\\{7007ACC7-3202-11D1-AAD2-00805FC1270E}\\ShellFolder\\WantsFORDISPLAY"
          ]
        }
      }
    }
  ],
  [
    {
      "behavior": {
        "summary": {
          "executed_commands": [
            "cmd /C mkdir C:\\Windows\\SysWOW64\\nilzvta\\"
          ],
          "keys": [
            "HKEY_LOCAL_MACHINE\\Software\\Microsoft\\Windows\\CurrentVersion\\Explorer\\CLSID\\{20D04FE0-3AEA-1069-A2D8-08002B30309D}\\ShellFolder"
          ]
        }
      }
    }
  ],
  [
    {
      "behavior": {
        "summary": {
          "write_files": [
            "C:\\program files (x86)\\internet explorer\\wmpscfgs.exe"
          ],
          "resolved_apis": [
            "apphelp.dll.ApphelpCheckShellObject"
          ],
          "keys": [
            "HKEY_LOCAL_MACHINE\\SOFTWARE\\Wow6432Node\\Microsoft\\Windows\\CurrentVersion\\explorer\\FolderDescriptions\\{33E28130-4E1E-4676-835A-98395C3BC3BB}\\FolderTypeID"
          ],
          "read_keys": [
            "HKEY_LOCAL_MACHINE\\SOFTWARE\\Wow6432Node\\Microsoft\\Windows\\CurrentVersion\\explorer\\FolderDescriptions\\{2A00375E-224C-49DE-B8D1-440DF7EF3DDC}\\FolderTypeID"
          ]
        }
      }
    }
  ],
  [
    {
      "behavior": {
        "summary": {
          "files": [
            "C:\\Users\\comp\\AppData\\Local\\cttunesvr\\"
          ],
          "keys": [
            "HKEY_LOCAL_MACHINE\\SOFTWARE\\Classes\\Wow6432Node\\CLSID\\{20D04FE0-3AEA-1069-A2D8-08002B30309D}\\ShellFolder\\WantsFORDISPLAY"
          ],
          "read_keys": [
            "HKEY_LOCAL_MACHINE\\SOFTWARE\\Classes\\Wow6432Node\\CLSID\\{20D04FE0-3AEA-1069-A2D8-08002B30309D}\\ShellFolder\\CallForAttributes"
          ]
        }
      }
    }
  ],
  [
    {
      "behavior": {
        "summary": {
          "write_files": [
            "C:\\Users\\comp\\AppData\\Local\\wininit\\SystemPropertiesAdvanced.exe"
          ],
          "files": [
            "C:\\Users\\comp\\AppData\\Local\\sppcomapi\\setup16LOC.dll"
          ],
          "keys": [
            "HKEY_CURRENT_USER\\Software\\Microsoft\\Windows\\CurrentVersion\\Explorer\\FileExts"
          ]
        }
      }
    }
  ],
  [
    {
      "behavior": {
        "summary": {
          "write_files": [
            "\\??\\PIPE\\efsrpc"
          ],
          "files": [
            "C:\\Users\\comp\\AppData\\Local\\Microsoft\\Windows\\Caches\\{AFBF9F1A-8EE8-4C77-AF34-C647E37CA0D9}.1.ver0x0000000000000003.db"
          ],
          "keys": [
            "HKEY_CURRENT_USER\\Software\\Microsoft\\Windows\\CurrentVersion\\Explorer\\FileExts"
          ]
        }
      }
    }
  ],
  [
    {
      "behavior": {
        "summary": {
          "files": [
            "C:\\Windows\\winsxs\\x86_microsoft.windows.common-controls_6595b64144ccf1df_6.0.7601.18837_none_41e855142bd5705d"
          ],
          "keys": [
            "HKEY_LOCAL_MACHINE\\Software\\Microsoft\\Windows\\CurrentVersion\\Action Center\\Providers\\EventLog\\{A5268B8E-7DB5-465b-BAB7-BDCDA39A394A}"
          ],
          "write_keys": [
            "HKEY_CURRENT_USER\\Software\\Microsoft\\Windows\\CurrentVersion\\Explorer\\SessionInfo\\1\\WHCIconStartup"
          ]
        }
      }
    }
  ],
  [
    {
      "behavior": {
        "summary": {
          "files": [
            "C:\\Windows\\winsxs\\x86_microsoft.windows.common-controls_6595b64144ccf1df_6.0.7601.18837_none_41e855142bd5705d"
          ],
          "keys": [
            "HKEY_LOCAL_MACHINE\\SOFTWARE\\Classes\\Wow6432Node\\CLSID\\{450D8FBA-AD25-11D0-98A8-0800361B1103}\\ShellFolder\\WantsFORPARSING"
          ]
        }
      }
    }
  ],
  [
    {
      "behavior": {
        "summary": {
          "files": [
            "C:\\Users\\comp\\AppData\\Local\\Microsoft\\Windows\\Caches\\{AFBF9F1A-8EE8-4C77-AF34-C647E37CA0D9}.1.ver0x0000000000000003.db"
          ],
          "keys": [
            "HKEY_LOCAL_MACHINE\\Software\\Microsoft\\Windows\\CurrentVersion\\Explorer\\ControlPanel\\NameSpace\\{35786D3C-B075-49B9-88DD-029876E11C01}"
          ]
        }
      }
    }
  ],
  [
    {
      "behavior": {
        "summary": {
          "files": [
            "C:\\Windows\\sysnative\\C_949.NLS"
          ],
          "keys": [
            "HKEY_LOCAL_MACHINE\\SOFTWARE\\Microsoft\\Windows\\CurrentVersion\\Explorer\\MyComputer\\NameSpace\\DelegateFolders\\{b155bdf8-02f0-451e-9a26-ae317cfd7779}",
            "HKEY_LOCAL_MACHINE\\SOFTWARE\\Policies\\Microsoft\\Windows\\Windows Error Reporting\\Disabled"
          ],
          "read_keys": [
            "HKEY_LOCAL_MACHINE\\SOFTWARE\\Classes\\CLSID\\{20D04FE0-3AEA-1069-A2D8-08002B30309D}\\{28636AA6-953D-11D2-B5D6-00C04FD918D0} 34"
          ]
        }
      }
    }
  ],
  [
    {
      "behavior": {
        "summary": {
          "files": [
            "C:\\Users\\comp\\AppData\\Local\\Temp\\0ae0af0537866a091d22.exe.Config"
          ],
          "keys": [
            "HKEY_CURRENT_USER\\Software\\Microsoft\\Windows\\CurrentVersion\\Action Center\\Checks\\{E8433B72-5842-4d43-8645-BC2C35960837}.check.103"
          ]
        }
      }
    }
  ],
  [
    {
      "behavior": {
        "summary": {
          "files": [
            "C:\\Users\\comp\\AppData\\Local\\inetmib1"
          ],
          "keys": [
            "HKEY_LOCAL_MACHINE\\SOFTWARE\\Classes\\Wow6432Node\\CLSID\\{20D04FE0-3AEA-1069-A2D8-08002B30309D}\\ShellFolder\\HideInWebView"
          ]
        }
      }
    }
  ],
  [
    {
      "behavior": {
        "summary": {
          "files": [
            "C:\\Users\\comp\\AppData\\Local\\Temp\\log637C.tmp"
          ],
          "keys": [
            "HKEY_CURRENT_USER\\Software\\Classes\\CLSID\\{3E5FC7F9-9A51-4367-9063-A120244FBEC7}"
          ]
        }
      }
    }
  ],
  [
    {
      "behavior": {
        "summary": {
          "keys": [
            "DisableUserModeCallbackFilter"
          ],
          "started_services": [
            "EFS"
          ],
          "read_keys": [
            "HKEY_LOCAL_MACHINE\\SYSTEM\\ControlSet001\\services\\Tcpip\\Parameters\\Hostname"
          ]
        }
      }
    }
  ],
  [
    {
      "behavior": {
        "summary": {
          "write_files": [
            "C:\\Users\\comp\\AppData\\Local\\WinSync\\SystemPropertiesRemote.exe"
          ],
          "resolved_apis": [
            "kernel32.dll.SetLastError"
          ],
          "keys": [
            "HKEY_CURRENT_USER\\Software\\Classes\\Local Settings\\MuiCache\\5\\52C64B7E\\@C:\\Windows\\system32\\prnfldr.dll,-8036",
            "HKEY_CURRENT_USER\\Software\\Microsoft\\Windows\\CurrentVersion\\Action Center\\ReNotifyCount"
          ],
          "read_keys": [
            "HKEY_LOCAL_MACHINE\\SOFTWARE\\Classes\\exefile\\BrowseInPlace"
          ]
        }
      }
    }
  ],
  [
    {
      "behavior": {
        "summary": {
          "files": [
            "C:\\Windows\\sysnative\\C_950.NLS"
          ],
          "keys": [
            "HKEY_LOCAL_MACHINE\\SOFTWARE\\Classes\\CLSID\\{2227A280-3AEA-1069-A2DE-08002B30309D}\\{B725F130-47EF-101A-A5F1-02608C9EEBAC} 10"
          ]
        }
      }
    }
  ],
  [
    {
      "behavior": {
        "summary": {
          "write_files": [
            "C:\\Windows\\system\\ETX.exe"
          ],
          "resolved_apis": [
            "user32.dll.EnumDisplayMonitors"
          ],
          "files": [
            "C:\\Users\\comp\\AppData\\Local\\Temp\\6f3bfa3e288e8a116a97ENU.dll"
          ],
          "read_keys": [
            "HKEY_LOCAL_MACHINE\\SYSTEM\\ControlSet001\\Control\\Nls\\Language Groups\\1"
          ]
        }
      }
    }
  ],
  [
    {
      "behavior": {
        "summary": {
          "write_files": [
            "C:\\Users\\comp\\AppData\\Local\\msjet40\\msjtes40.exe"
          ],
          "files": [
            "C:\\Windows\\explorer.exe"
          ],
          "keys": [
            "HKEY_LOCAL_MACHINE\\Software\\Microsoft\\Windows\\CurrentVersion\\Explorer\\CLSID\\{20D04FE0-3AEA-1069-A2D8-08002B30309D}\\ShellFolder"
          ]
        }
      }
    }
  ],
  [
    {
      "behavior": {
        "summary": {
          "files": [
            "C:\\Users\\comp\\AppData\\Local\\SystemPropertiesHardware\\signdrvb7c1a593d4.exe"
          ],
          "keys": [
            "HKEY_CURRENT_USER\\Software\\Microsoft\\Windows\\CurrentVersion\\Shell Extensions\\Cached\\{7007ACC7-3202-11D1-AAD2-00805FC1270E} {000214E6-0000-0000-C000-000000000046} 0xFFFF"
          ]
        }
      }
    }
  ],
  [
    {
      "behavior": {
        "summary": {
          "write_files": [
            "\\??\\PIPE\\efsrpc"
          ],
          "files": [
            "C:\\Windows\\explorer.exe"
          ],
          "keys": [
            "HKEY_LOCAL_MACHINE\\Software\\Microsoft\\Windows\\CurrentVersion\\SideBySide",
            "HKEY_LOCAL_MACHINE\\SOFTWARE\\Classes\\CLSID\\{9C73F5E5-7AE7-4E32-A8E8-8D23B85255BF}\\ShellFolder\\NoFileFolderJunction"
          ]
        }
      }
    }
  ],
  [
    {
      "behavior": {
        "summary": {
          "write_files": [
            "C:\\Users\\comp\\AppData\\Local\\mfAACEnc\\AppIdPolicyEngineApi.exe"
          ],
          "resolved_apis": [
            "oleaut32.dll.#4"
          ],
          "keys": [
            "HKEY_LOCAL_MACHINE\\SOFTWARE\\Classes\\Wow6432Node\\CLSID\\{20D04FE0-3AEA-1069-A2D8-08002B30309D}\\ShellFolder\\HideInWebView"
          ],
          "write_keys": [
            "HKEY_CURRENT_USER\\Software\\Microsoft\\Windows\\CurrentVersion\\Explorer\\SessionInfo\\1\\WHCIconStartup"
          ]
        }
      }
    }
  ],
  [
    {
      "behavior": {
        "summary": {
          "files": [
            "C:\\Users\\comp\\AppData\\Local\\Microsoft\\Windows\\Caches\\cversions.1.db"
          ],
          "keys": [
            "HKEY_CURRENT_USER\\Software\\Microsoft\\Windows\\CurrentVersion\\Explorer\\FileExts\\.exe"
          ]
        }
      }
    }
  ],
  [
    {
      "behavior": {
        "summary": {
          "files": [
            "C:\\Windows\\Setup\\State\\State.ini"
          ],
          "keys": [
            "DisableUserModeCallbackFilter"
          ]
        }
      }
    }
  ],
  [
    {
      "behavior": {
        "summary": {
          "executed_commands": [
            "\"C:\\Users\\comp\\AppData\\Local\\setupcln\\SearchProtocolHost.exe\""
          ],
          "write_files": [
            "C:\\Users\\comp\\AppData\\Local\\NlsData0011\\powercfg.exe"
          ],
          "keys": [
            "HKEY_LOCAL_MACHINE\\SOFTWARE\\Classes\\Wow6432Node\\CLSID\\{20D04FE0-3AEA-1069-A2D8-08002B30309D}\\ShellFolder\\NoFileFolderJunction"
          ],
          "write_keys": [
            "HKEY_CURRENT_USER\\Software\\Microsoft\\Windows\\CurrentVersion\\Explorer\\SessionInfo\\1\\WHCIconStartup"
          ]
        }
      }
    }
  ],
  [
    {
      "behavior": {
        "summary": {
          "write_files": [
            "C:\\Users\\comp\\AppData\\Local\\MRINFO\\auditpolmsg.exe"
          ],
          "keys": [
            "HKEY_LOCAL_MACHINE\\SOFTWARE\\Classes\\Wow6432Node\\CLSID\\{20D04FE0-3AEA-1069-A2D8-08002B30309D}\\ShellFolder\\PinToNameSpaceTree"
          ],
          "read_keys": [
            "HKEY_CURRENT_USER\\Software\\Microsoft\\Windows\\CurrentVersion\\Explorer\\MountPoints2\\CPC\\Volume\\{5f0c3476-f160-11ea-9f0e-806e6f6e6963}\\Generation"
          ]
        }
      }
    }
  ],
  [
    {
      "behavior": {
        "summary": {
          "files": [
            "C:\\Users\\comp\\AppData\\Local\\Microsoft\\Windows\\Caches\\{AFBF9F1A-8EE8-4C77-AF34-C647E37CA0D9}.1.ver0x0000000000000003.db"
          ],
          "keys": [
            "HKEY_CURRENT_USER\\Software\\Microsoft\\Windows\\CurrentVersion\\App Paths\\kerberos.exe"
          ]
        }
      }
    }
  ],
  [
    {
      "behavior": {
        "summary": {
          "write_files": [
            "\\??\\PIPE\\efsrpc"
          ],
          "keys": [
            "DisableUserModeCallbackFilter"
          ],
          "read_keys": [
            "HKEY_LOCAL_MACHINE\\SYSTEM\\ControlSet001\\services\\Tcpip\\Parameters\\Hostname"
          ]
        }
      }
    }
  ],
  [
    {
      "behavior": {
        "summary": {
          "write_files": [
            "\\??\\PIPE\\efsrpc"
          ],
          "files": [
            "C:\\Windows\\Setup\\State\\State.ini"
          ],
          "read_keys": [
            "HKEY_LOCAL_MACHINE\\SYSTEM\\ControlSet001\\services\\Tcpip\\Parameters\\Hostname"
          ]
        }
      }
    }
  ],
  [
    {
      "behavior": {
        "summary": {
          "write_files": [
            "C:\\Users\\comp\\AppData\\Local\\olecli32\\cscobj.exe"
          ],
          "files": [
            "C:\\Users\\comp\\AppData\\Local\\Microsoft\\Windows\\Caches\\cversions.1.db"
          ],
          "keys": [
            "HKEY_LOCAL_MACHINE\\System\\CurrentControlSet\\Control\\Nls\\Language Groups"
          ]
        }
      }
    }
  ],
  [
    {
      "behavior": {
        "summary": {
          "files": [
            "C:\\Users\\comp\\AppData\\Local\\Microsoft\\Windows\\Caches"
          ],
          "keys": [
            "HKEY_LOCAL_MACHINE\\SOFTWARE\\Classes\\Wow6432Node\\CLSID\\{20D04FE0-3AEA-1069-A2D8-08002B30309D}\\ShellFolder\\RestrictedAttributes"
          ]
        }
      }
    }
  ],
  [
    {
      "behavior": {
        "summary": {
          "files": [
            "C:\\Windows\\System32\\WindowsPowerShell\\v1.0\\self.exe"
          ],
          "keys": [
            "DisableUserModeCallbackFilter"
          ]
        }
      }
    }
  ],
  [
    {
      "behavior": {
        "summary": {
          "files": [
            "C:\\Windows\\WindowsShell.Manifest"
          ],
          "keys": [
            "HKEY_LOCAL_MACHINE\\Software\\Microsoft\\Windows\\CurrentVersion\\SideBySide"
          ]
        }
      }
    }
  ],
  [
    {
      "behavior": {
        "summary": {
          "files": [
            "C:\\Users\\comp\\AppData\\Local\\Microsoft\\Windows\\Caches\\{AFBF9F1A-8EE8-4C77-AF34-C647E37CA0D9}.1.ver0x0000000000000003.db"
          ],
          "keys": [
            "HKEY_LOCAL_MACHINE\\SOFTWARE\\MICROSOFT\\Windows\\CurrentVersion\\PropertySystem\\FormatForDisplayHelper"
          ]
        }
      }
    }
  ]
]
