[
  [
    {
      "behavior": {
        "summary": {
          "delete_files": [
            "C:\\Users\\comp\\AppData\\Local\\Temp\\e8bfedf9966667a2728d.exe"
          ],
          "resolved_apis": [
            "kernel32.dll.IsProcessorFeaturePresent"
          ],
          "read_keys": [
            "HKEY_CURRENT_USER\\Software\\Microsoft\\Windows\\CurrentVersion\\Action Center\\Providers\\EventLog\\{01979c6a-42fa-414c-b8aa-eee2c8202018}\\LastKnownState"
          ]
        }
      }
    }
  ],
  [
    {
      "behavior": {
        "summary": {
          "executed_commands": [
            "C:\\Windows\\system32\\cmd.exe /c \"\"C:\\Users\\comp\\AppData\\Local\\Temp\\079734cd.bat\" \""
          ],
          "delete_files": [
            "C:\\Users\\comp\\AppData\\Local\\Temp\\JNEwqQ.exe"
          ],
          "read_keys": [
            "HKEY_CURRENT_USER\\Software\\Microsoft\\Command Processor\\PathCompletionChar"
          ]
        }
      }
    }
  ],
  [
    {
      "behavior": {
        "summary": {
          "files": [
            "C:\\Windows\\assembly\\NativeImages_v2.0.50727_32\\System.Xml\\d510b629bb87e2c16897b365f2b726bc\\System.Xml.ni.dll"
          ],
          "read_files": [
            "C:\\Users\\comp\\AppData\\Roaming\\Moonchild Productions\\Pale Moon\\profiles.ini"
          ],
          "keys": [
            "HKEY_LOCAL_MACHINE\\SOFTWARE\\Microsoft\\Fusion\\NativeImagesIndex\\v2.0.50727_32\\NI\\3cca06a0\\6dc7d4c0\\13\\NIDependencies"
          ],
          "read_keys": [
            "HKEY_LOCAL_MACHINE\\SOFTWARE\\Microsoft\\Fusion\\NativeImagesIndex\\v2.0.50727_32\\IL\\19ab8d57\\c91dbb2\\a6\\LastModTime"
          ]
        }
      }
    }
  ],
  [
    {
      "behavior": {
        "summary": {
          "read_files": [
            "C:\\Users\\comp\\AppData\\Roaming\\Microsoft\\CLR Security Config\\v2.0.50727.312\\security.config.cch"
          ],
          "keys": [
            "HKEY_LOCAL_MACHINE\\SOFTWARE\\Microsoft\\Fusion\\NativeImagesIndex\\v2.0.50727_32\\IL\\3f50fe4f\\17907762\\a7",
            "HKEY_LOCAL_MACHINE\\SOFTWARE\\Wow6432Node\\Microsoft\\WBEM\\CIMOM\\EnableObjectValidation"
          ],
          "read_keys": [
            "HKEY_LOCAL_MACHINE\\SOFTWARE\\Microsoft\\Fusion\\NativeImagesIndex\\v2.0.50727_32\\NI\\6f06001f\\475dce40\\1c\\ConfigMask"
          ]
        }
      }
    }
  ],
  [
    {
      "behavior": {
        "summary": {
          "resolved_apis": [
            "kernel32.dll.IsProcessorFeaturePresent"
          ],
          "read_files": [
            "C:\\Users\\comp\\AppData\\Roaming\\Microsoft\\CLR Security Config\\v2.0.50727.312\\security.config"
          ],
          "keys": [
            "HKEY_LOCAL_MACHINE\\SOFTWARE\\Microsoft\\Fusion\\CacheLocation"
          ]
        }
      }
    }
  ],
  [
    {
      "behavior": {
        "summary": {
          "executed_commands": [
            "C:\\Windows\\system32\\cmd.exe /c echo on error resume next:CreateObject(\"WScript.Shell\").Run \"C:\\Users\\comp\\AppData\\Local\\Temp\\d8e810952cfcb4523e07.exe\",1: >\"C:\\Users\\comp\\AppData\\Roaming\\Microsoft\\Windows\\Start Menu\\Programs\\Startup\\x.vbs\""
          ],
          "resolved_apis": [
            "kernel32.dll.SetConsoleInputExeNameW"
          ]
        }
      }
    }
  ],
  [
    {
      "behavior": {
        "summary": {
          "resolved_apis": [
            "winspool.drv.GetCorePrinterDriversW"
          ],
          "files": [
            "C:\\Users\\comp\\AppData\\Local\\sqlsrv32\\wiavideo.exe.Config"
          ],
          "read_keys": [
            "HKEY_CURRENT_USER\\Software\\Microsoft\\Windows\\CurrentVersion\\Action Center\\Checks\\{E8433B72-5842-4d43-8645-BC2C35960837}.check.100\\CheckSetting"
          ]
        }
      }
    }
  ],
  [
    {
      "behavior": {
        "summary": {
          "resolved_apis": [
            "kernel32.dll.IsProcessorFeaturePresent"
          ],
          "keys": [
            "HKEY_LOCAL_MACHINE\\SOFTWARE\\MICROSOFT\\Fusion\\DisableMSIPeek"
          ],
          "read_keys": [
            "HKEY_LOCAL_MACHINE\\SOFTWARE\\MICROSOFT\\Fusion\\NativeImagesIndex\\v2.0.50727_32\\IL\\3ced59c5\\3dc46903\\9c\\Status"
          ]
        }
      }
    }
  ],
  [
    {
      "behavior": {
        "summary": {
          "resolved_apis": [
            "kernel32.dll.WriteProcessMemory",
            "ws2_32.dll.#2"
          ],
          "read_files": [
            "C:\\Windows\\SysWOW64\\en-US\\route.exe.mui"
          ],
          "read_keys": [
            "HKEY_CURRENT_USER\\Software\\Microsoft\\Command Processor\\DelayedExpansion"
          ]
        }
      }
    }
  ],
  [
    {
      "behavior": {
        "summary": {
          "files": [
            "C:\\Windows\\assembly\\NativeImages_v2.0.50727_32\\System.Drawing\\f85964cc53acab6fa148b7c9b05e07f7\\System.Drawing.ni.dll"
          ],
          "read_files": [
            "C:\\Windows\\assembly\\NativeImages_v2.0.50727_32\\Microsoft.VisualBas#\\616da2b61467febe7ba589dbad1f0839\\Microsoft.VisualBasic.ni.dll"
          ],
          "read_keys": [
            "HKEY_LOCAL_MACHINE\\SOFTWARE\\Microsoft\\Fusion\\GACChangeNotification\\Default\\System.Runtime.Remoting,2.0.0.0,,b77a5c561934e089,MSIL"
          ]
        }
      }
    }
  ],
  [
    {
      "behavior": {
        "summary": {
          "executed_commands": [
            "\"C:\\Windows\\System32\\cmd.exe\"  /c ping.exe -n 6 127.0.0.1 &  type \"C:\\Windows\\System32\\calc.exe\" > \"C:\\Users\\comp\\AppData\\Local\\Temp\\44724e280f98463acfd1.exe\""
          ],
          "resolved_apis": [
            "winspool.drv.WaitForPrinterChange"
          ]
        }
      }
    }
  ],
  [
    {
      "behavior": {
        "summary": {
          "resolved_apis": [
            "winspool.drv.DeletePrinterDriverPackageW"
          ],
          "read_keys": [
            "HKEY_LOCAL_MACHINE\\SOFTWARE\\Wow6432Node\\Microsoft\\Command Processor\\PathCompletionChar"
          ]
        }
      }
    }
  ],
  [
    {
      "behavior": {
        "summary": {
          "executed_commands": [
            "cmd.exe /c ping.exe -n 6 127.0.0.1 &  type \"C:\\Windows\\System32\\calc.exe\" > \"C:\\Users\\comp\\AppData\\Local\\Temp\\a02dbb284eb2588f2608.exe\""
          ],
          "resolved_apis": [
            "rpcrt4.dll.I_RpcExceptionFilter"
          ],
          "read_files": [
            "\\??\\PIPE\\DAV RPC SERVICE"
          ],
          "read_keys": [
            "DisableUserModeCallbackFilter"
          ]
        }
      }
    }
  ],
  [
    {
      "behavior": {
        "summary": {
          "executed_commands": [
            "C:\\Windows\\system32\\cmd.exe /c echo on error resume next:CreateObject(\"WScript.Shell\").Run \"C:\\Users\\comp\\AppData\\Local\\Temp\\56b9367bd57099cd5da7.exe\",1: >\"C:\\Users\\comp\\AppData\\Roaming\\Microsoft\\Windows\\Start Menu\\Programs\\Startup\\x.vbs\""
          ],
          "read_keys": [
            "HKEY_CURRENT_USER\\Software\\Microsoft\\Command Processor\\PathCompletionChar"
          ]
        }
      }
    }
  ],
  [
    {
      "behavior": {
        "summary": {
          "resolved_apis": [
            "winspool.drv.EnumFormsW",
            "kernel32.dll.IsProcessorFeaturePresent"
          ],
          "read_keys": [
            "DisableUserModeCallbackFilter"
          ]
        }
      }
    }
  ],
  [
    {
      "behavior": {
        "summary": {
          "delete_files": [
            "C:\\Users\\comp\\AppData\\Roaming\\Microsoft\\CLR Security Config\\v2.0.50727.312\\security.config.cch.2876.24025718"
          ],
          "resolved_apis": [
            "kernel32.dll.IsProcessorFeaturePresent"
          ]
        }
      }
    }
  ],
  [
    {
      "behavior": {
        "summary": {
          "executed_commands": [
            "C:\\Windows\\system32\\cmd.exe /c \"\"C:\\Users\\comp\\AppData\\Local\\Temp\\36bc0b63.bat\" \""
          ],
          "resolved_apis": [
            "urlmon.dll.CoInternetIsFeatureEnabledForUrl"
          ],
          "read_keys": [
            "HKEY_LOCAL_MACHINE\\SOFTWARE\\Wow6432Node\\Microsoft\\Command Processor\\PathCompletionChar"
          ]
        }
      }
    }
  ],
  [
    {
      "behavior": {
        "summary": {
          "resolved_apis": [
            "kernel32.dll.IsProcessorFeaturePresent"
          ],
          "read_files": [
            "C:\\Users\\comp\\AppData\\Roaming\\Microsoft\\CLR Security Config\\v2.0.50727.312\\security.config.cch"
          ]
        }
      }
    }
  ],
  [
    {
      "behavior": {
        "summary": {
          "executed_commands": [
            "\"C:\\\\\\\\Windows\\\\\\\\Microsoft.NET\\\\\\\\Framework\\\\\\\\v2.0.50727\\\\\\\\RegSvcs.exe\""
          ],
          "read_files": [
            "C:\\Windows\\assembly\\NativeImages_v2.0.50727_32\\mscorlib\\9f895c66454577eff9c77442d0c84f71\\mscorlib.ni.dll"
          ],
          "read_keys": [
            "HKEY_LOCAL_MACHINE\\SOFTWARE\\Microsoft\\Fusion\\NativeImagesIndex\\v2.0.50727_32\\IL\\3ced59c5\\3dc46903\\9c\\Status"
          ]
        }
      }
    }
  ],
  [
    {
      "behavior": {
        "summary": {
          "resolved_apis": [
            "culture.dll.ConvertLangIdToCultureName"
          ],
          "read_files": [
            "C:\\Users\\comp\\AppData\\Roaming\\Microsoft\\CLR Security Config\\v2.0.50727.312\\security.config"
          ],
          "read_keys": [
            "HKEY_LOCAL_MACHINE\\SOFTWARE\\MICROSOFT\\Fusion\\NativeImagesIndex\\v2.0.50727_32\\IL\\6dc7d4c0\\1c74cc87\\9e\\Status"
          ]
        }
      }
    }
  ],
  [
    {
      "behavior": {
        "summary": {
          "resolved_apis": [
            "kernel32.dll.IsProcessorFeaturePresent"
          ],
          "files": [
            "C:\\Users\\comp\\AppData\\Local\\Google\\Chrome\\User Data\\CertificateRevocation\\Login Data"
          ],
          "read_keys": [
            "DisableUserModeCallbackFilter"
          ]
        }
      }
    }
  ],
  [
    {
      "behavior": {
        "summary": {
          "executed_commands": [
            "\"C:\\Windows\\System32\\cmd.exe\"  /c ping.exe -n 6 127.0.0.1 &  type \"C:\\Windows\\System32\\calc.exe\" > \"C:\\Users\\comp\\AppData\\Local\\Temp\\0f13aed0c24788568231.exe\""
          ],
          "resolved_apis": [
            "winspool.drv.AdvancedDocumentPropertiesW"
          ]
        }
      }
    }
  ],
  [
    {
      "behavior": {
        "summary": {
          "resolved_apis": [
            "kernel32.dll.IsProcessorFeaturePresent"
          ],
          "read_files": [
            "C:\\Users\\comp\\AppData\\Local\\winrs\\fixmapi.exe.1000.Manifest"
          ],
          "read_keys": [
            "HKEY_LOCAL_MACHINE\\SOFTWARE\\Microsoft\\Windows\\CurrentVersion\\Explorer\\MyComputer\\NameSpace\\DelegateFolders\\{35786D3C-B075-49b9-88DD-029876E11C01}\\SuppressionPolicy"
          ]
        }
      }
    }
  ],
  [
    {
      "behavior": {
        "summary": {
          "resolved_apis": [
            "kernel32.dll.IsProcessorFeaturePresent"
          ],
          "read_files": [
            "C:\\Users\\comp\\AppData\\Local\\pstorsvc\\NlsData0027.exe.1000.Manifest"
          ],
          "keys": [
            "HKEY_LOCAL_MACHINE\\SOFTWARE\\Classes\\ChromeHTML\\CurVer",
            "HKEY_LOCAL_MACHINE\\SOFTWARE\\Microsoft\\Windows\\CurrentVersion\\ShellCompatibility\\Applications\\KBDINKAN.exe"
          ]
        }
      }
    }
  ],
  [
    {
      "behavior": {
        "summary": {
          "files": [
            "C:\\Windows\\Microsoft.NET\\Framework\\v2.0.50727\\fusion.localgac"
          ],
          "read_files": [
            "C:\\Users\\comp\\AppData\\Roaming\\Microsoft\\CLR Security Config\\v2.0.50727.312\\security.config"
          ],
          "read_keys": [
            "HKEY_LOCAL_MACHINE\\SOFTWARE\\MICROSOFT\\Fusion\\GACChangeNotification\\Default\\System.Management,2.0.0.0,,b03f5f7f11d50a3a,MSIL"
          ]
        }
      }
    }
  ],
  [
    {
      "behavior": {
        "summary": {
          "resolved_apis": [
            "kernel32.dll.CloseThreadpoolWait"
          ],
          "read_files": [
            "C:\\Windows\\assembly\\NativeImages_v2.0.50727_32\\System.Windows.Forms\\22aeb10b1d8cdd66bdccfa0958340c6f\\System.Windows.Forms.ni.dll"
          ],
          "read_keys": [
            "HKEY_LOCAL_MACHINE\\SOFTWARE\\Microsoft\\Fusion\\NativeImagesIndex\\v2.0.50727_32\\IL\\c991064\\5086dba8\\99\\DisplayName"
          ]
        }
      }
    }
  ],
  [
    {
      "behavior": {
        "summary": {
          "delete_files": [
            "C:\\Windows\\Microsoft.NET\\Framework\\v2.0.50727\\CONFIG\\enterprisesec.config.cch.2916.16824953"
          ],
          "read_keys": [
            "HKEY_LOCAL_MACHINE\\SOFTWARE\\Microsoft\\Fusion\\NativeImagesIndex\\v2.0.50727_32\\NI\\6faf58\\19ab8d57\\1e\\ConfigString"
          ]
        }
      }
    }
  ],
  [
    {
      "behavior": {
        "summary": {
          "delete_files": [
            "C:\\Windows\\Microsoft.NET\\Framework\\v2.0.50727\\MSBuild.exe"
          ],
          "read_files": [
            "C:\\Windows\\assembly\\NativeImages_v2.0.50727_32\\System.Windows.Forms\\22aeb10b1d8cdd66bdccfa0958340c6f\\System.Windows.Forms.ni.dll"
          ],
          "read_keys": [
            "HKEY_LOCAL_MACHINE\\SOFTWARE\\Microsoft\\Fusion\\NativeImagesIndex\\v2.0.50727_32\\IL\\2dd6ac50\\163e1f5e\\a0\\Modules"
          ]
        }
      }
    }
  ],
  [
    {
      "behavior": {
        "summary": {
          "executed_commands": [
            "cmd.exe /c ping.exe -n 6 127.0.0.1 &  type \"C:\\Windows\\System32\\calc.exe\" > \"C:\\Users\\comp\\AppData\\Local\\Temp\\efb44a894165485c174d.exe\""
          ],
          "resolved_apis": [
            "winspool.drv.GetCorePrinterDriversW"
          ],
          "mutexes": [
            "Global\\{E5356632-2BBA-4C08-9A7F-B995913B15BB}"
          ]
        }
      }
    }
  ],
  [
    {
      "behavior": {
        "summary": {
          "delete_files": [
            "C:\\Users\\comp\\AppData\\Roaming\\Microsoft\\CLR Security Config\\v2.0.50727.312\\security.config.cch.2912.10825250"
          ],
          "files": [
            "C:\\Windows\\assembly\\GAC_32\\mscorlib\\2.0.0.0__b77a5c561934e089\\mscorlib.INI"
          ],
          "read_keys": [
            "HKEY_CURRENT_USER\\Software\\Classes\\Local Settings\\MuiCache\\5\\52C64B7E\\@%SystemRoot%\\system32\\eapqec.dll,-100"
          ]
        }
      }
    }
  ],
  [
    {
      "behavior": {
        "summary": {
          "resolved_apis": [
            "culture.dll.ConvertLangIdToCultureName"
          ],
          "read_files": [
            "C:\\Windows\\assembly\\NativeImages_v2.0.50727_32\\System\\638819a4449064c0dd85ee3588fd9340\\System.ni.dll"
          ],
          "read_keys": [
            "HKEY_LOCAL_MACHINE\\SOFTWARE\\MICROSOFT\\Fusion\\NativeImagesIndex\\v2.0.50727_32\\IL\\424bd4d8\\1c83327b\\a5\\Modules"
          ]
        }
      }
    }
  ],
  [
    {
      "behavior": {
        "summary": {
          "resolved_apis": [
            "kernel32.dll.IsProcessorFeaturePresent"
          ],
          "read_files": [
            "C:\\Users\\comp\\AppData\\Local\\rdpcore\\NlsLexicons0002.exe.3.Manifest"
          ],
          "keys": [
            "HKEY_LOCAL_MACHINE\\SOFTWARE\\Microsoft\\Rpc\\Extensions\\NdrOleExtDLL",
            "HKEY_CURRENT_USER\\Control Panel\\Desktop\\SmoothScroll"
          ],
          "read_keys": [
            "HKEY_LOCAL_MACHINE\\SOFTWARE\\Classes\\CLSID\\{7007ACC7-3202-11D1-AAD2-00805FC1270E}\\ShellFolder\\WantsFORDISPLAY"
          ]
        }
      }
    }
  ],
  [
    {
      "behavior": {
        "summary": {
          "delete_files": [
            "C:\\Windows\\Microsoft.NET\\Framework\\v2.0.50727\\CONFIG\\security.config.cch.2776.30026546"
          ],
          "resolved_apis": [
            "kernel32.dll.IsProcessorFeaturePresent"
          ]
        }
      }
    }
  ],
  [
    {
      "behavior": {
        "summary": {
          "executed_commands": [
            "\"C:\\Users\\comp\\AppData\\Local\\NlsLexicons0018\\fontview.exe\""
          ],
          "delete_files": [
            "C:\\Users\\comp\\AppData\\Local\\Temp\\4a57cd3d27fb6bd2b6a0.exe"
          ],
          "resolved_apis": [
            "winspool.drv.AddPrinterConnectionW",
            "kernel32.dll.IsProcessorFeaturePresent"
          ],
          "keys": [
            "HKEY_LOCAL_MACHINE\\SOFTWARE\\Classes\\exefile\\NeverShowExt"
          ]
        }
      }
    }
  ],
  [
    {
      "behavior": {
        "summary": {
          "executed_commands": [
            "C:\\Windows\\Sysnative\\cmd.exe /C CompMgmtLauncher"
          ],
          "resolved_apis": [
            "sxs.dll.SxsOleAut32MapConfiguredClsidToReferenceClsid"
          ],
          "read_keys": [
            "HKEY_CURRENT_USER\\Software\\Microsoft\\Command Processor\\CompletionChar"
          ]
        }
      }
    }
  ],
  [
    {
      "behavior": {
        "summary": {
          "delete_files": [
            "C:\\Windows\\Microsoft.NET\\Framework\\v2.0.50727\\CONFIG\\enterprisesec.config.cch.2868.27621953"
          ],
          "keys": [
            "HKEY_LOCAL_MACHINE\\SOFTWARE\\Microsoft\\Fusion\\NativeImagesIndex\\v2.0.50727_32\\IL\\7950e2c5\\69be3dec\\a1\\SIG"
          ],
          "read_keys": [
            "HKEY_LOCAL_MACHINE\\SOFTWARE\\Microsoft\\Fusion\\NativeImagesIndex\\v2.0.50727_32\\NI\\3cca06a0\\6dc7d4c0\\13\\MVID"
          ]
        }
      }
    }
  ],
  [
    {
      "behavior": {
        "summary": {
          "resolved_apis": [
            "kernel32.dll.IsProcessorFeaturePresent"
          ],
          "read_keys": [
            "DisableUserModeCallbackFilter",
            "HKEY_LOCAL_MACHINE\\SOFTWARE\\Microsoft\\CTF\\TIP\\{0000897b-83df-4b96-be07-0fb58b01c4a4}\\LanguageProfile\\0x00000000\\{0001bea3-ed56-483d-a2e2-aeae25577436}\\Enable"
          ]
        }
      }
    }
  ],
  [
    {
      "behavior": {
        "summary": {
          "resolved_apis": [
            "mscoree.dll.IEE"
          ],
          "read_files": [
            "C:\\Windows\\assembly\\NativeImages_v2.0.50727_32\\mscorlib\\9f895c66454577eff9c77442d0c84f71\\mscorlib.ni.dll"
          ],
          "read_keys": [
            "HKEY_LOCAL_MACHINE\\SOFTWARE\\Microsoft\\Fusion\\NativeImagesIndex\\v2.0.50727_32\\IL\\2dd6ac50\\163e1f5e\\a0\\Modules"
          ]
        }
      }
    }
  ],
  [
    {
      "behavior": {
        "summary": {
          "resolved_apis": [
            "kernel32.dll.IsProcessorFeaturePresent"
          ],
          "keys": [
            "HKEY_LOCAL_MACHINE\\SOFTWARE\\Microsoft\\Windows NT\\CurrentVersion\\LanguagePack\\SurrogateFallback\\Plane13"
          ],
          "read_keys": [
            "HKEY_LOCAL_MACHINE\\HARDWARE\\DESCRIPTION\\System\\CentralProcessor\\0\\ProcessorNameString"
          ]
        }
      }
    }
  ],
  [
    {
      "behavior": {
        "summary": {
          "resolved_apis": [
            "winspool.drv.UploadPrinterDriverPackageW"
          ],
          "read_files": [
            "C:\\Users\\comp\\AppData\\Local\\resmon\\rtm.exe.3.Manifest"
          ],
          "read_keys": [
            "DisableUserModeCallbackFilter"
          ]
        }
      }
    }
  ],
  [
    {
      "behavior": {
        "summary": {
          "resolved_apis": [
            "kernel32.dll.IsProcessorFeaturePresent"
          ],
          "read_keys": [
            "HKEY_LOCAL_MACHINE\\SOFTWARE\\MICROSOFT\\Fusion\\NativeImagesIndex\\v2.0.50727_32\\IL\\f6e8397\\3e045c21\\8f\\DisplayName"
          ]
        }
      }
    }
  ],
  [
    {
      "behavior": {
        "summary": {
          "read_files": [
            "C:\\Users\\comp\\AppData\\Roaming\\Microsoft\\CLR Security Config\\v2.0.50727.312\\security.config.cch",
            "C:\\Windows\\assembly\\NativeImages_v2.0.50727_32\\System.Windows.Forms\\22aeb10b1d8cdd66bdccfa0958340c6f\\System.Windows.Forms.ni.dll"
          ],
          "read_keys": [
            "HKEY_LOCAL_MACHINE\\SOFTWARE\\Microsoft\\Fusion\\NativeImagesIndex\\v2.0.50727_32\\IL\\7950e2c5\\69be3dec\\a1\\DisplayName"
          ]
        }
      }
    }
  ],
  [
    {
      "behavior": {
        "summary": {
          "resolved_apis": [
            "kernel32.dll.IsProcessorFeaturePresent"
          ],
          "mutexes": [
            "btirweunhdtr-comp"
          ],
          "read_keys": [
            "DisableUserModeCallbackFilter"
          ]
        }
      }
    }
  ],
  [
    {
      "behavior": {
        "summary": {
          "executed_commands": [
            "sc  delete vmicguestinterface"
          ],
          "resolved_apis": [
            "sechost.dll.LookupAccountNameLocalW"
          ],
          "read_files": [
            "C:\\Program Files\\VideoLAN\\VLC\\lua\\http\\images\\vlc-48.png"
          ],
          "read_keys": [
            "DisableUserModeCallbackFilter"
          ]
        }
      }
    }
  ],
  [
    {
      "behavior": {
        "summary": {
          "executed_commands": [
            "\"C:\\Windows\\System32\\cmd.exe\"  /c ping.exe -n 6 127.0.0.1 &  type \"C:\\Windows\\System32\\calc.exe\" > \"C:\\Users\\comp\\AppData\\Local\\Temp\\5280ad5f3e72ddb0cf41.exe\""
          ],
          "resolved_apis": [
            "wininet.dll.InternetQueryOptionA"
          ],
          "read_keys": [
            "HKEY_LOCAL_MACHINE\\SOFTWARE\\Policies\\Microsoft\\Windows NT\\DNSClient\\DnsSecureNameQueryFallback"
          ]
        }
      }
    }
  ],
  [
    {
      "behavior": {
        "summary": {
          "resolved_apis": [
            "winspool.drv.DeletePrinterDataW",
            "kernel32.dll.IsProcessorFeaturePresent"
          ],
          "read_keys": [
            "DisableUserModeCallbackFilter"
          ]
        }
      }
    }
  ],
  [
    {
      "behavior": {
        "summary": {
          "executed_commands": [
            "\"C:\\Users\\comp\\AppData\\Local\\wmi\\FXSEXT32.exe\""
          ],
          "delete_files": [
            "C:\\Users\\comp\\AppData\\Local\\Temp\\fd7eeee7e1a840115509.exe"
          ],
          "resolved_apis": [
            "kernel32.dll.IsProcessorFeaturePresent"
          ]
        }
      }
    }
  ],
  [
    {
      "behavior": {
        "summary": {
          "executed_commands": [
            "cmd.exe /c ping.exe -n 6 127.0.0.1 &  type \"C:\\Windows\\System32\\calc.exe\" > \"C:\\Users\\comp\\AppData\\Local\\Temp\\f50fc0303d3df18d0849.exe\""
          ],
          "read_files": [
            "C:\\Mirc\\mirc.ini"
          ],
          "read_keys": [
            "DisableUserModeCallbackFilter"
          ]
        }
      }
    }
  ],
  [
    {
      "behavior": {
        "summary": {
          "resolved_apis": [
            "mscoree.dll.SetTargetForVTableEntry"
          ],
          "read_files": [
            "C:\\Windows\\assembly\\NativeImages_v2.0.50727_32\\System.Windows.Forms\\22aeb10b1d8cdd66bdccfa0958340c6f\\System.Windows.Forms.ni.dll",
            "C:\\Windows\\assembly\\NativeImages_v2.0.50727_32\\CustomMarshalers\\bf7543cf66d5e98c310acc1c63db721d\\CustomMarshalers.ni.dll"
          ],
          "keys": [
            "HKEY_LOCAL_MACHINE\\SOFTWARE\\Microsoft\\Fusion\\PublisherPolicy\\Default\\policy.8.0.Microsoft.JScript__b03f5f7f11d50a3a"
          ],
          "read_keys": [
            "HKEY_LOCAL_MACHINE\\SOFTWARE\\Microsoft\\Fusion\\NativeImagesIndex\\v2.0.50727_32\\IL\\c991064\\5086dba8\\99\\SIG"
          ]
        }
      }
    }
  ],
  [
    {
      "behavior": {
        "summary": {
          "resolved_apis": [
            "kernel32.dll.IsProcessorFeaturePresent"
          ],
          "keys": [
            "DisableUserModeCallbackFilter"
          ],
          "read_keys": [
            "HKEY_LOCAL_MACHINE\\HARDWARE\\DESCRIPTION\\System\\CentralProcessor\\0\\ProcessorNameString"
          ]
        }
      }
    }
  ],
  [
    {
      "behavior": {
        "summary": {
          "executed_commands": [
            "C:\\Windows\\system32\\cmd.exe /c \"\"C:\\Users\\comp\\AppData\\Local\\Temp\\3bab0d3a.bat\" \""
          ],
          "resolved_apis": [
            "kernel32.dll.IsDebuggerPresent"
          ],
          "read_keys": [
            "HKEY_LOCAL_MACHINE\\SOFTWARE\\Wow6432Node\\Microsoft\\Command Processor\\PathCompletionChar"
          ]
        }
      }
    }
  ],
  [
    {
      "behavior": {
        "summary": {
          "resolved_apis": [
            "winspool.drv.EnumPrinterDriversW"
          ],
          "read_keys": [
            "HKEY_CURRENT_USER\\Software\\Microsoft\\Command Processor\\DefaultColor"
          ]
        }
      }
    }
  ],
  [
    {
      "behavior": {
        "summary": {
          "executed_commands": [
            "\"C:\\Windows\\System32\\cmd.exe\"  /c ping.exe -n 6 127.0.0.1 &  type \"C:\\Windows\\System32\\calc.exe\" > \"C:\\Users\\comp\\AppData\\Local\\Temp\\ccdcdab88ef1d1d2149f.exe\""
          ],
          "read_keys": [
            "HKEY_LOCAL_MACHINE\\SOFTWARE\\Wow6432Node\\Microsoft\\Command Processor\\DelayedExpansion"
          ]
        }
      }
    }
  ],
  [
    {
      "behavior": {
        "summary": {
          "executed_commands": [
            "\"C:\\Users\\comp\\AppData\\Local\\Temp\\28a595f1fc9773d9ffbd.exe\" 2 2768 16823531"
          ],
          "resolved_apis": [
            "sechost.dll.LookupAccountNameLocalW"
          ],
          "read_keys": [
            "HKEY_LOCAL_MACHINE\\SOFTWARE\\Microsoft\\Fusion\\NativeImagesIndex\\v2.0.50727_32\\NI\\61e7e666\\c991064\\12\\MissingDependencies"
          ]
        }
      }
    }
  ],
  [
    {
      "behavior": {
        "summary": {
          "files": [
            "C:\\Windows\\Microsoft.NET\\Framework\\v2.0.50727\\mscoreei.dll"
          ],
          "read_files": [
            "C:\\Windows\\assembly\\NativeImages_v2.0.50727_32\\Microsoft.VisualBas#\\616da2b61467febe7ba589dbad1f0839\\Microsoft.VisualBasic.ni.dll"
          ],
          "read_keys": [
            "HKEY_LOCAL_MACHINE\\SOFTWARE\\Microsoft\\Fusion\\NativeImagesIndex\\v2.0.50727_32\\NI\\30bc7c4f\\3f50fe4f\\20\\ConfigString"
          ]
        }
      }
    }
  ],
  [
    {
      "behavior": {
        "summary": {
          "executed_commands": [
            "\"C:\\Windows\\System32\\cmd.exe\"  /c ping.exe -n 6 127.0.0.1 &  type \"C:\\Windows\\System32\\calc.exe\" > \"C:\\Users\\comp\\AppData\\Local\\Temp\\c0098aa5593cee54d7f3.exe\""
          ],
          "resolved_apis": [
            "wininet.dll.InternetCrackUrlA"
          ],
          "read_keys": [
            "HKEY_LOCAL_MACHINE\\SOFTWARE\\Policies\\Microsoft\\Windows NT\\DNSClient\\MulticastSenderFlags"
          ]
        }
      }
    }
  ],
  [
    {
      "behavior": {
        "summary": {
          "resolved_apis": [
            "kernel32.dll.IsProcessorFeaturePresent"
          ],
          "read_files": [
            "C:\\Users\\comp\\AppData\\Local\\Temp\\log6522.tmp"
          ],
          "read_keys": [
            "HKEY_LOCAL_MACHINE\\SOFTWARE\\Classes\\Wow6432Node\\CLSID\\{3E5FC7F9-9A51-4367-9063-A120244FBEC7}\\InprocServer32\\InprocServer32"
          ]
        }
      }
    }
  ],
  [
    {
      "behavior": {
        "summary": {
          "executed_commands": [
            "C:\\Windows\\Sysnative\\cmd.exe /C CompMgmtLauncher"
          ],
          "resolved_apis": [
            "sechost.dll.LookupAccountNameLocalW"
          ],
          "files": [
            "C:\\Windows\\system\\msvcr100.dll"
          ],
          "read_keys": [
            "HKEY_LOCAL_MACHINE\\SOFTWARE\\Classes\\Wow6432Node\\CLSID\\{00020420-0000-0000-C000-000000000046}\\InprocServer32\\(Default)"
          ]
        }
      }
    }
  ],
  [
    {
      "behavior": {
        "summary": {
          "executed_commands": [
            "\"C:\\Users\\comp\\AppData\\Local\\Temp\\26a982d045b9d87eb103.exe\""
          ],
          "resolved_apis": [
            "winspool.drv.OpenPrinterW"
          ],
          "files": [
            "C:\\Windows\\Microsoft.NET\\Framework\\Upgrades.2.0.50727\\mscoreei.dll"
          ],
          "read_keys": [
            "HKEY_LOCAL_MACHINE\\SOFTWARE\\Microsoft\\Windows NT\\CurrentVersion\\LanguagePack\\SurrogateFallback\\Plane13"
          ]
        }
      }
    }
  ],
  [
    {
      "behavior": {
        "summary": {
          "resolved_apis": [
            "kernel32.dll.IsProcessorFeaturePresent"
          ],
          "read_files": [
            "C:\\Users\\comp\\AppData\\Roaming\\Microsoft\\CLR Security Config\\v2.0.50727.312\\security.config.cch"
          ],
          "keys": [
            "DisableUserModeCallbackFilter"
          ]
        }
      }
    }
  ],
  [
    {
      "behavior": {
        "summary": {
          "executed_commands": [
            "\"C:\\Users\\comp\\AppData\\Local\\PresentationHostProxy\\dccw.exe\""
          ],
          "delete_files": [
            "C:\\Users\\comp\\AppData\\Local\\Temp\\1a630ed1b2b0b9c3f188.exe"
          ],
          "resolved_apis": [
            "winspool.drv.GetJobW"
          ],
          "read_keys": [
            "HKEY_CURRENT_USER\\Software\\Microsoft\\Windows\\CurrentVersion\\Internet Settings\\Zones\\4\\1800",
            "HKEY_LOCAL_MACHINE\\SOFTWARE\\MICROSOFT\\Windows\\CurrentVersion\\Explorer\\MyComputer\\NameSpace\\DelegateFolders\\(Default)"
          ]
        }
      }
    }
  ],
  [
    {
      "behavior": {
        "summary": {
          "executed_commands": [
            "C:\\Windows\\system32\\cmd.exe /c \"\"C:\\Users\\comp\\AppData\\Local\\Temp\\1ba613dc.bat\" \""
          ],
          "resolved_apis": [
            "kernel32.dll.IsProcessorFeaturePresent"
          ],
          "files": [
            "C:\\Program Files (x86)\\Google\\Update\\Download\\{430FD4D0-B729-4F61-AA34-91526481799D}\\*"
          ]
        }
      }
    }
  ],
  [
    {
      "behavior": {
        "summary": {
          "delete_files": [
            "C:\\Users\\comp\\AppData\\Local\\corpol\\dplayx.exe"
          ],
          "resolved_apis": [
            "winspool.drv.DeletePrintProvidorW",
            "kernel32.dll.IsProcessorFeaturePresent"
          ],
          "read_keys": [
            "HKEY_CURRENT_USER\\Software\\Microsoft\\Windows\\CurrentVersion\\Explorer\\Advanced\\WebView"
          ]
        }
      }
    }
  ],
  [
    {
      "behavior": {
        "summary": {
          "resolved_apis": [
            "sxs.dll.SxsOleAut32MapConfiguredClsidToReferenceClsid"
          ],
          "keys": [
            "HKEY_LOCAL_MACHINE\\SOFTWARE\\Microsoft\\Fusion\\NativeImagesIndex\\v2.0.50727_32\\NI\\61e7e666\\c991064\\12\\MissingDependencies"
          ],
          "mutexes": [
            "Global\\CLR_CASOFF_MUTEX"
          ],
          "read_keys": [
            "HKEY_LOCAL_MACHINE\\SOFTWARE\\Microsoft\\Fusion\\NativeImagesIndex\\v2.0.50727_32\\IL\\3f50fe4f\\17907762\\a7\\Modules"
          ]
        }
      }
    }
  ]
]
