[
  [
    {
      "behavior": {
        "summary": {
          "executed_commands": [
            "\"C:\\Windows\\System32\\schtasks.exe\" /Create /TN \"Updates\\InNHNJvJUCH\" /XML \"C:\\Users\\comp\\AppData\\Local\\Temp\\tmp8378.tmp\""
          ],
          "write_files": [
            "C:\\Users\\comp\\AppData\\Roaming\\InNHNJvJUCH.exe"
          ]
        }
      }
    }
  ],
  [
    {
      "behavior": {
        "summary": {
          "executed_commands": [
            "C:\\Users\\comp\\AppData\\Local\\Chrome\\StikyNot.exe"
          ],
          "write_files": [
            "C:\\Users\\comp\\AppData\\Local\\Chrome\\C:\\Users\\comp\\AppData\\Local\\Chrome\\SyncHost.exe"
          ],
          "mutexes": [
            "StikyNot_yakuza"
          ],
          "write_keys": [
            "HKEY_CURRENT_USER\\Software\\Microsoft\\Windows\\CurrentVersion\\Run\\Microsoft OneDrive"
          ]
        }
      }
    }
  ],
  [
    {
      "behavior": {
        "summary": {
          "write_files": [
            "C:\\Users\\comp\\AppData\\Local\\Chrome\\C:\\Users\\comp\\AppData\\Local\\Chrome\\StikyNot.exe"
          ],
          "delete_files": [
            "C:\\Users\\comp\\AppData\\Local\\Chrome\\StikyNot.exe"
          ],
          "mutexes": [
            "StikyNot_yakuza"
          ]
        }
      }
    }
  ],
  [
    {
      "behavior": {
        "summary": {
          "write_files": [
            "C:\\Users\\comp\\AppData\\Local\\Chrome\\C:\\Users\\comp\\AppData\\Local\\Chrome\\SyncHost.exe"
          ],
          "delete_files": [
            "C:\\Users\\comp\\AppData\\Local\\Chrome\\StikyNot.exe"
          ],
          "write_keys": [
            "HKEY_CURRENT_USER\\Software\\Microsoft\\Windows\\CurrentVersion\\Run\\Microsoft OneDrive"
          ]
        }
      }
    }
  ]
]
