[
  [
    {
      "behavior": {
        "summary": {
          "executed_commands": [
            "\"C:\\Users\\comp\\AppData\\Local\\LAPRXY\\iscsicpl.exe\""
          ],
          "write_files": [
            "C:\\Users\\comp\\AppData\\Local\\TapiSysprep\\BioCredProv.exe"
          ],
          "delete_files": [
            "C:\\Users\\comp\\AppData\\Local\\winshfhc\\colorui.exe"
          ],
          "read_keys": [
            "HKEY_CURRENT_USER\\Software\\Microsoft\\Windows\\CurrentVersion\\Explorer\\Advanced\\ShowCompColor"
          ]
        }
      }
    }
  ],
  [
    {
      "behavior": {
        "summary": {
          "executed_commands": [
            "\"C:\\Users\\comp\\AppData\\Local\\PortableDeviceApi\\dataclen.exe\""
          ],
          "write_files": [
            "C:\\Users\\comp\\AppData\\Local\\QSHVHOST\\aeevts.exe"
          ],
          "delete_files": [
            "C:\\Users\\comp\\AppData\\Local\\QSHVHOST\\aeevts.exe"
          ],
          "keys": [
            "HKEY_LOCAL_MACHINE\\SOFTWARE\\MICROSOFT\\Windows\\CurrentVersion\\Policies\\NonEnum\\{20D04FE0-3AEA-1069-A2D8-08002B30309D}"
          ]
        }
      }
    }
  ],
  [
    {
      "behavior": {
        "summary": {
          "executed_commands": [
            "\"C:\\Users\\comp\\AppData\\Local\\cmd\\mscat32.exe\""
          ],
          "write_files": [
            "C:\\Users\\comp\\AppData\\Local\\cmd\\mscat32.exe"
          ],
          "delete_files": [
            "C:\\Users\\comp\\AppData\\Local\\sxproxy\\KBDDIV1.exe"
          ]
        }
      }
    }
  ],
  [
    {
      "behavior": {
        "summary": {
          "executed_commands": [
            "\"C:\\Users\\comp\\AppData\\Local\\drmmgrtn\\EhStorShell.exe\""
          ],
          "delete_files": [
            "C:\\Users\\comp\\AppData\\Local\\Temp\\bf9c6351f81bd6405edf.exe"
          ],
          "keys": [
            "HKEY_CLASSES_ROOT\\CLSID\\{7007ACC7-3202-11D1-AAD2-00805FC1270E}\\InProcServer32"
          ],
          "read_keys": [
            "HKEY_LOCAL_MACHINE\\SOFTWARE\\Microsoft\\Windows\\CurrentVersion\\Policies\\Explorer\\NoCommonGroups"
          ]
        }
      }
    }
  ],
  [
    {
      "behavior": {
        "summary": {
          "executed_commands": [
            "\"C:\\Users\\comp\\AppData\\Local\\forfiles\\fltLib.exe\""
          ],
          "delete_files": [
            "C:\\Users\\comp\\AppData\\Local\\Temp\\9d84843755d453481dee.exe"
          ],
          "keys": [
            "HKEY_CLASSES_ROOT\\ExplorerCLSIDFlags\\{66742402-F9B9-11D1-A202-0000F81FEDEE}"
          ],
          "read_keys": [
            "HKEY_LOCAL_MACHINE\\SOFTWARE\\Classes\\CLSID\\{A4A1A128-768F-41E0-BF75-E4FDDD701CBA}\\InProcServer32\\ThreadingModel"
          ]
        }
      }
    }
  ],
  [
    {
      "behavior": {
        "summary": {
          "write_files": [
            "C:\\Users\\comp\\AppData\\Local\\usbceip\\EhStorPwdMgr.exe"
          ],
          "delete_files": [
            "C:\\Users\\comp\\AppData\\Local\\Temp\\ef41c26328181e0f1723.exe"
          ],
          "read_keys": [
            "HKEY_LOCAL_MACHINE\\SOFTWARE\\Classes\\Wow6432Node\\CLSID\\{66742402-F9B9-11D1-A202-0000F81FEDEE}\\NoOplock"
          ]
        }
      }
    }
  ],
  [
    {
      "behavior": {
        "summary": {
          "write_files": [
            "C:\\Users\\comp\\AppData\\Roaming\\juftdri"
          ],
          "delete_files": [
            "C:\\Users\\comp\\AppData\\Local\\Temp\\2eafd204076978f8a4a3.exe"
          ],
          "read_keys": [
            "HKEY_CURRENT_USER\\Software\\Microsoft\\Windows\\CurrentVersion\\Action Center\\Checks\\{E8433B72-5842-4d43-8645-BC2C35960837}.check.101\\CheckSetting"
          ]
        }
      }
    }
  ],
  [
    {
      "behavior": {
        "summary": {
          "write_files": [
            "C:\\Users\\comp\\AppData\\Local\\MigAutoPlay\\where.exe"
          ],
          "delete_files": [
            "C:\\Users\\comp\\AppData\\Local\\Temp\\426168bd7d482f0ffa8f.exe"
          ]
        }
      }
    }
  ],
  [
    {
      "behavior": {
        "summary": {
          "write_files": [
            "C:\\Users\\comp\\AppData\\Local\\DWWIN\\eventcls.exe"
          ],
          "delete_files": [
            "C:\\Users\\comp\\AppData\\Local\\Temp\\a48465f198c2d256c186.exe"
          ]
        }
      }
    }
  ],
  [
    {
      "behavior": {
        "summary": {
          "executed_commands": [
            "\"C:\\Users\\comp\\AppData\\Local\\wmploc\\qdv.exe\""
          ],
          "delete_files": [
            "C:\\Users\\comp\\AppData\\Local\\Temp\\f3e898e8fa4fa582743d.exe"
          ],
          "keys": [
            "HKEY_CLASSES_ROOT\\ExplorerCLSIDFlags\\{66742402-F9B9-11D1-A202-0000F81FEDEE}"
          ],
          "read_keys": [
            "HKEY_LOCAL_MACHINE\\SOFTWARE\\Classes\\CLSID\\{7007ACC7-3202-11D1-AAD2-00805FC1270E}\\SortOrderIndex"
          ]
        }
      }
    }
  ],
  [
    {
      "behavior": {
        "summary": {
          "executed_commands": [
            "\"C:\\Users\\comp\\AppData\\Local\\NlsData0002\\kbdnec.exe\""
          ],
          "delete_files": [
            "C:\\Users\\comp\\AppData\\Local\\Temp\\fe78f1ed21c22700b62b.exe"
          ],
          "keys": [
            "HKEY_LOCAL_MACHINE\\SOFTWARE\\Classes\\Wow6432Node\\CLSID\\{20D04FE0-3AEA-1069-A2D8-08002B30309D}\\ShellFolder\\HasNavigationEnum"
          ]
        }
      }
    }
  ],
  [
    {
      "behavior": {
        "summary": {
          "executed_commands": [
            "\"C:\\Users\\comp\\AppData\\Local\\TRAPI\\wlancfg.exe\""
          ],
          "delete_files": [
            "C:\\Users\\comp\\AppData\\Local\\Temp\\48855c511fc6a4d3699a.exe"
          ],
          "keys": [
            "HKEY_LOCAL_MACHINE\\Software\\Microsoft\\Windows\\CurrentVersion\\Action Center\\Providers\\EventLog\\{11CD958A-C507-4EF3-B3F2-5FD9DFBD2C78}"
          ]
        }
      }
    }
  ],
  [
    {
      "behavior": {
        "summary": {
          "executed_commands": [
            "\"C:\\Users\\comp\\AppData\\Local\\OnLineIDCpl\\hdwwiz.exe\""
          ],
          "delete_files": [
            "C:\\Users\\comp\\AppData\\Local\\taskcomp\\msmpeg2adec.exe"
          ],
          "keys": [
            "HKEY_CURRENT_USER\\Software\\Microsoft\\Windows\\CurrentVersion\\Action Center\\Checks\\{11CD958A-C507-4EF3-B3F2-5FD9DFBD2C78}.check.101\\CheckSetting"
          ],
          "read_keys": [
            "HKEY_LOCAL_MACHINE\\SOFTWARE\\Classes\\Wow6432Node\\CLSID\\{20D04FE0-3AEA-1069-A2D8-08002B30309D}\\ShellFolder\\HasNavigationEnum"
          ]
        }
      }
    }
  ],
  [
    {
      "behavior": {
        "summary": {
          "write_files": [
            "C:\\Users\\comp\\AppData\\Local\\NlsData0011\\powercfg.exe"
          ],
          "delete_files": [
            "C:\\Users\\comp\\AppData\\Local\\Temp\\1611e2dac050a56226d4.exe"
          ]
        }
      }
    }
  ],
  [
    {
      "behavior": {
        "summary": {
          "executed_commands": [
            "\"C:\\Users\\comp\\AppData\\Local\\rasautou\\RMActivate_ssp_isv.exe\""
          ],
          "delete_files": [
            "C:\\Users\\comp\\AppData\\Local\\Temp\\e6751d14e3450f3721e7.exe"
          ],
          "read_keys": [
            "HKEY_CURRENT_USER\\Software\\Microsoft\\Windows\\CurrentVersion\\Explorer\\Advanced\\SeparateProcess"
          ]
        }
      }
    }
  ],
  [
    {
      "behavior": {
        "summary": {
          "executed_commands": [
            "\"C:\\Users\\comp\\AppData\\Local\\cliconfg\\isoburn.exe\""
          ],
          "write_files": [
            "C:\\Users\\comp\\AppData\\Local\\rasgcw\\api-ms-win-core-file-l1-1-0.exe"
          ],
          "delete_files": [
            "C:\\Users\\comp\\AppData\\Local\\fdProxy\\SyncInfrastructure.exe"
          ]
        }
      }
    }
  ],
  [
    {
      "behavior": {
        "summary": {
          "executed_commands": [
            "\"C:\\Users\\comp\\AppData\\Local\\mtxoci\\certenc.exe\""
          ],
          "delete_files": [
            "C:\\Users\\comp\\AppData\\Local\\KBDINASA\\iedkcs32.exe"
          ],
          "keys": [
            "HKEY_LOCAL_MACHINE\\SOFTWARE\\Classes\\Wow6432Node\\CLSID\\{20D04FE0-3AEA-1069-A2D8-08002B30309D}\\ShellFolder\\QueryForOverlay"
          ],
          "read_keys": [
            "HKEY_CURRENT_USER\\Software\\Microsoft\\Windows\\CurrentVersion\\Explorer\\NoFileFolderConnection"
          ]
        }
      }
    }
  ],
  [
    {
      "behavior": {
        "summary": {
          "executed_commands": [
            "\"C:\\Users\\comp\\AppData\\Local\\wdi\\cliconfg.exe\""
          ],
          "delete_files": [
            "C:\\Users\\comp\\AppData\\Local\\Temp\\7e5e572472d6643012cd.exe"
          ],
          "keys": [
            "HKEY_LOCAL_MACHINE\\SOFTWARE\\Classes\\Wow6432Node\\CLSID\\{66742402-F9B9-11D1-A202-0000F81FEDEE}\\UseOutOfProcHandlerCache"
          ],
          "read_keys": [
            "HKEY_CURRENT_USER\\Software\\Microsoft\\Windows\\CurrentVersion\\Action Center\\Providers\\EventLog\\{A5268B8E-7DB5-465b-BAB7-BDCDA39A394A}\\LastKnownState",
            "HKEY_LOCAL_MACHINE\\SOFTWARE\\Classes\\CLSID\\{7007ACC7-3202-11D1-AAD2-00805FC1270E}\\LocalizedString"
          ]
        }
      }
    }
  ],
  [
    {
      "behavior": {
        "summary": {
          "executed_commands": [
            "\"C:\\Users\\comp\\AppData\\Local\\compobj\\ntprint.exe\""
          ],
          "delete_files": [
            "C:\\Users\\comp\\AppData\\Local\\Temp\\bd2cc1cf72659aa04208.exe"
          ],
          "read_keys": [
            "HKEY_LOCAL_MACHINE\\SOFTWARE\\Microsoft\\Windows\\CurrentVersion\\Policies\\Explorer\\NoPropertiesRecycleBin"
          ]
        }
      }
    }
  ],
  [
    {
      "behavior": {
        "summary": {
          "write_files": [
            "C:\\Users\\comp\\AppData\\Local\\userinit\\encapi.exe"
          ],
          "delete_files": [
            "C:\\Users\\comp\\AppData\\Local\\Temp\\9c41074ac46010da7d10.exe"
          ]
        }
      }
    }
  ],
  [
    {
      "behavior": {
        "summary": {
          "write_files": [
            "C:\\Users\\comp\\AppData\\Local\\BOOTVID\\mmres.exe"
          ],
          "delete_files": [
            "C:\\Users\\comp\\AppData\\Local\\Temp\\0e98bce7426f35703dc5.exe"
          ],
          "read_keys": [
            "HKEY_CURRENT_USER\\Software\\Microsoft\\Windows\\CurrentVersion\\Action Center\\Checks\\{E8433B72-5842-4d43-8645-BC2C35960837}.check.104\\CheckSetting"
          ]
        }
      }
    }
  ],
  [
    {
      "behavior": {
        "summary": {
          "executed_commands": [
            "\"C:\\Users\\comp\\AppData\\Local\\mfplat\\asferror.exe\""
          ],
          "delete_files": [
            "C:\\Users\\comp\\AppData\\Local\\Temp\\c4c8b25dbd655a6b4645.exe"
          ],
          "keys": [
            "HKEY_CURRENT_USER\\Software\\Classes\\CLSID\\{A4A1A128-768F-41E0-BF75-E4FDDD701CBA}\\Progid"
          ],
          "read_keys": [
            "HKEY_LOCAL_MACHINE\\SOFTWARE\\Microsoft\\Windows\\CurrentVersion\\Policies\\Explorer\\ClassicShell"
          ]
        }
      }
    }
  ],
  [
    {
      "behavior": {
        "summary": {
          "write_files": [
            "C:\\Users\\comp\\AppData\\Roaming\\BF783B\\BCDB0B.exe"
          ],
          "delete_files": [
            "C:\\Users\\comp\\AppData\\Local\\Temp\\39a11ebe497f08da1113.exe"
          ]
        }
      }
    }
  ],
  [
    {
      "behavior": {
        "summary": {
          "executed_commands": [
            "\"C:\\Users\\comp\\AppData\\Local\\adtschema\\lpk.exe\""
          ],
          "delete_files": [
            "C:\\Users\\comp\\AppData\\Local\\kernel32\\NlsLexicons004e.exe"
          ],
          "keys": [
            "HKEY_LOCAL_MACHINE\\SOFTWARE\\Classes\\CLSID\\{7007ACC7-3202-11D1-AAD2-00805FC1270E}\\ShellFolder\\PinToNameSpaceTree"
          ],
          "read_keys": [
            "HKEY_LOCAL_MACHINE\\SOFTWARE\\Classes\\CLSID\\{7007ACC7-3202-11D1-AAD2-00805FC1270E}\\ShellFolder\\RestrictedAttributes"
          ]
        }
      }
    }
  ],
  [
    {
      "behavior": {
        "summary": {
          "write_files": [
            "C:\\Users\\comp\\AppData\\Local\\certutil\\dmocx.exe"
          ],
          "delete_files": [
            "C:\\Users\\comp\\AppData\\Local\\Temp\\f01bc7b09d0bd4487eb1.exe"
          ]
        }
      }
    }
  ],
  [
    {
      "behavior": {
        "summary": {
          "executed_commands": [
            "\"C:\\Users\\comp\\AppData\\Local\\XPSSHHDR\\licmgr10.exe\""
          ],
          "write_files": [
            "C:\\Users\\comp\\AppData\\Local\\dssec\\certutil.exe"
          ],
          "delete_files": [
            "C:\\Users\\comp\\AppData\\Local\\XPSSHHDR\\licmgr10.exe"
          ]
        }
      }
    }
  ],
  [
    {
      "behavior": {
        "summary": {
          "write_files": [
            "C:\\Users\\comp\\AppData\\Local\\capiprovider\\NlsLexicons0049.exe"
          ],
          "delete_files": [
            "C:\\Users\\comp\\AppData\\Local\\msexch40\\dskquota.exe"
          ],
          "resolved_apis": [
            "dui70.dll.?OnPropertyChanging@Element@DirectUI@@UEAA_NPEBUPropertyInfo@2@HPEAVValue@2@1@Z"
          ],
          "keys": [
            "HKEY_LOCAL_MACHINE\\SOFTWARE\\MICROSOFT\\Windows\\CurrentVersion\\Policies\\Explorer\\NoControlPanel",
            "HKEY_LOCAL_MACHINE\\SOFTWARE\\Microsoft\\Windows\\CurrentVersion\\ShellCompatibility\\Applications\\d3d10core.exe"
          ]
        }
      }
    }
  ],
  [
    {
      "behavior": {
        "summary": {
          "write_files": [
            "C:\\Users\\comp\\AppData\\Local\\clfsw32\\nshhttp.exe"
          ],
          "delete_files": [
            "C:\\Users\\comp\\AppData\\Local\\pots\\logman.exe"
          ],
          "keys": [
            "HKEY_CURRENT_USER\\Software\\Microsoft\\Windows\\CurrentVersion\\Explorer\\CLSID\\{20D04FE0-3AEA-1069-A2D8-08002B30309D}\\ShellFolder"
          ]
        }
      }
    }
  ],
  [
    {
      "behavior": {
        "summary": {
          "executed_commands": [
            "\"C:\\Users\\comp\\AppData\\Local\\Temp\\79ad5e5d0615e447f3cb.exe\""
          ],
          "write_files": [
            "C:\\Users\\comp\\AppData\\Roaming\\BF783B\\BCDB0B.lck"
          ],
          "delete_files": [
            "C:\\Users\\comp\\AppData\\Local\\Temp\\79ad5e5d0615e447f3cb.exe"
          ]
        }
      }
    }
  ],
  [
    {
      "behavior": {
        "summary": {
          "executed_commands": [
            "\"C:\\Users\\comp\\AppData\\Local\\sud\\shfolder.exe\""
          ],
          "delete_files": [
            "C:\\Users\\comp\\AppData\\Local\\Temp\\09bf5d1463426b978c40.exe"
          ],
          "keys": [
            "HKEY_LOCAL_MACHINE\\SOFTWARE\\Microsoft\\Windows\\CurrentVersion\\Explorer\\MyComputer\\NameSpace\\DelegateFolders\\{9113A02D-00A3-46B9-BC5F-9C04DADDD5D7}\\SuppressionPolicy"
          ],
          "read_keys": [
            "HKEY_LOCAL_MACHINE\\SOFTWARE\\Classes\\Wow6432Node\\CLSID\\{20D04FE0-3AEA-1069-A2D8-08002B30309D}\\ShellFolder\\HasNavigationEnum"
          ]
        }
      }
    }
  ],
  [
    {
      "behavior": {
        "summary": {
          "write_files": [
            "C:\\Users\\comp\\AppData\\Local\\api-ms-win-service-management-l2-1-0\\Utilman.exe"
          ],
          "delete_files": [
            "C:\\Users\\comp\\AppData\\Local\\cryptdlg\\KBDAZE.exe"
          ],
          "keys": [
            "HKEY_CLASSES_ROOT\\CLSID\\{20D04FE0-3AEA-1069-A2D8-08002B30309D}"
          ]
        }
      }
    }
  ],
  [
    {
      "behavior": {
        "summary": {
          "write_files": [
            "C:\\Users\\comp\\AppData\\Local\\networkmap\\wmpsrcwp.exe"
          ],
          "delete_files": [
            "C:\\Users\\comp\\AppData\\Local\\Temp\\02e69c7446aa64a1cb00.exe"
          ]
        }
      }
    }
  ],
  [
    {
      "behavior": {
        "summary": {
          "executed_commands": [
            "\"C:\\Users\\comp\\AppData\\Local\\KBDINGUJ\\mfAACEnc.exe\""
          ],
          "write_files": [
            "C:\\Users\\comp\\AppData\\Local\\KBDINGUJ\\mfAACEnc.exe"
          ],
          "delete_files": [
            "C:\\Users\\comp\\AppData\\Local\\KBDINGUJ\\mfAACEnc.exe"
          ]
        }
      }
    }
  ],
  [
    {
      "behavior": {
        "summary": {
          "executed_commands": [
            "\"C:\\Users\\comp\\AppData\\Local\\mswdat10\\msscp.exe\""
          ],
          "delete_files": [
            "C:\\Users\\comp\\AppData\\Local\\Temp\\3f3cc735d997397d0abd.exe"
          ],
          "keys": [
            "HKEY_CURRENT_USER\\Software\\Microsoft\\Windows\\CurrentVersion\\Action Center\\Checks\\{E8433B72-5842-4d43-8645-BC2C35960837}.check.104\\CheckSetting"
          ]
        }
      }
    }
  ],
  [
    {
      "behavior": {
        "summary": {
          "executed_commands": [
            "\"C:\\Users\\comp\\AppData\\Local\\NlsLexicons000a\\SystemPropertiesPerformance.exe\""
          ],
          "delete_files": [
            "C:\\Users\\comp\\AppData\\Local\\Temp\\357dbcc7edc7634a6f25.exe"
          ],
          "read_keys": [
            "HKEY_LOCAL_MACHINE\\SOFTWARE\\Classes\\CLSID\\{9C73F5E5-7AE7-4E32-A8E8-8D23B85255BF}\\ShellFolder\\QueryForOverlay"
          ]
        }
      }
    }
  ],
  [
    {
      "behavior": {
        "summary": {
          "write_files": [
            "C:\\Users\\comp\\AppData\\Local\\mgmtapi\\dplaysvr.exe"
          ],
          "delete_files": [
            "C:\\Users\\comp\\AppData\\Local\\Temp\\8589ab30108e6734d417.exe"
          ],
          "read_keys": [
            "HKEY_LOCAL_MACHINE\\SYSTEM\\ControlSet001\\Control\\VAN\\{6705C562-0AE7-40EA-8474-F39DAB1813D0}\\Ordinal"
          ]
        }
      }
    }
  ],
  [
    {
      "behavior": {
        "summary": {
          "executed_commands": [
            "\"C:\\Users\\comp\\AppData\\Local\\SystemPropertiesProtection\\msjetoledb40.exe\""
          ],
          "delete_files": [
            "C:\\Users\\comp\\AppData\\Local\\adsldp\\NlsData0010.exe"
          ],
          "keys": [
            "HKEY_LOCAL_MACHINE\\SOFTWARE\\Classes\\Wow6432Node\\CLSID\\{20D04FE0-3AEA-1069-A2D8-08002B30309D}\\ShellFolder\\MapNetDriveVerbs"
          ],
          "read_keys": [
            "HKEY_LOCAL_MACHINE\\SOFTWARE\\Classes\\CLSID\\{7007ACC7-3202-11D1-AAD2-00805FC1270E}\\System.ItemNameDisplay"
          ]
        }
      }
    }
  ],
  [
    {
      "behavior": {
        "summary": {
          "executed_commands": [
            "\"C:\\Users\\comp\\AppData\\Local\\pnidui\\LocationApi.exe\""
          ],
          "delete_files": [
            "C:\\Users\\comp\\AppData\\Local\\pnidui\\LocationApi.exe"
          ],
          "keys": [
            "HKEY_LOCAL_MACHINE\\SOFTWARE\\Classes\\CLSID\\{9C73F5E5-7AE7-4E32-A8E8-8D23B85255BF}\\SortOrderIndex"
          ],
          "read_keys": [
            "HKEY_LOCAL_MACHINE\\SOFTWARE\\Classes\\Wow6432Node\\CLSID\\{20D04FE0-3AEA-1069-A2D8-08002B30309D}\\ShellFolder\\HasNavigationEnum"
          ]
        }
      }
    }
  ],
  [
    {
      "behavior": {
        "summary": {
          "write_files": [
            "C:\\Users\\comp\\AppData\\Local\\rasctrs\\api-ms-win-core-errorhandling-l1-1-0.exe"
          ],
          "delete_files": [
            "C:\\Users\\comp\\AppData\\Local\\Temp\\1802556ba3a33cb441c5.exe"
          ]
        }
      }
    }
  ],
  [
    {
      "behavior": {
        "summary": {
          "executed_commands": [
            "\"C:\\Users\\comp\\AppData\\Local\\WlanMM\\PSHED.exe\""
          ],
          "delete_files": [
            "C:\\Users\\comp\\AppData\\Local\\WMASF\\fwcfg.exe"
          ],
          "resolved_apis": [
            "oleaut32.dll.VarFormatCurrency"
          ],
          "keys": [
            "HKEY_LOCAL_MACHINE\\SOFTWARE\\Classes\\Wow6432Node\\CLSID\\{20D04FE0-3AEA-1069-A2D8-08002B30309D}\\ShellFolder\\UseDropHandler"
          ],
          "read_keys": [
            "HKEY_LOCAL_MACHINE\\SOFTWARE\\Microsoft\\Windows\\CurrentVersion\\Internet Settings\\Zones\\3\\1806"
          ]
        }
      }
    }
  ],
  [
    {
      "behavior": {
        "summary": {
          "executed_commands": [
            "\"C:\\Users\\comp\\AppData\\Local\\KBDGAE\\relog.exe\""
          ],
          "delete_files": [
            "C:\\Users\\comp\\AppData\\Local\\Temp\\d1ccaed0473235dd1938.exe"
          ],
          "keys": [
            "HKEY_CURRENT_USER\\Software\\Microsoft\\Windows\\CurrentVersion\\Action Center\\Checks\\{E8433B72-5842-4d43-8645-BC2C35960837}.check.102\\CheckSetting"
          ]
        }
      }
    }
  ],
  [
    {
      "behavior": {
        "summary": {
          "executed_commands": [
            "\"C:\\Users\\comp\\AppData\\Local\\mtxoci\\certenc.exe\""
          ],
          "delete_files": [
            "C:\\Users\\comp\\AppData\\Local\\Temp\\e35febdf53bebc6bb453.exe"
          ],
          "keys": [
            "HKEY_CURRENT_USER\\Software\\Classes"
          ],
          "read_keys": [
            "HKEY_LOCAL_MACHINE\\SOFTWARE\\Classes\\exefile\\NeverShowExt"
          ]
        }
      }
    }
  ],
  [
    {
      "behavior": {
        "summary": {
          "write_files": [
            "C:\\Users\\comp\\AppData\\Local\\msctfui\\odtext32.exe"
          ],
          "delete_files": [
            "C:\\Users\\comp\\AppData\\Local\\Temp\\0068699b3d05e289f18c.exe"
          ]
        }
      }
    }
  ],
  [
    {
      "behavior": {
        "summary": {
          "executed_commands": [
            "\"C:\\Users\\comp\\AppData\\Local\\PresentationHostProxy\\NlsData0018.exe\""
          ],
          "delete_files": [
            "C:\\Users\\comp\\AppData\\Local\\PresentationHostProxy\\NlsData0018.exe"
          ],
          "keys": [
            "HKEY_LOCAL_MACHINE\\SOFTWARE\\Classes\\SystemFileAssociations\\.exe\\Clsid"
          ],
          "read_keys": [
            "HKEY_LOCAL_MACHINE\\SOFTWARE\\Classes\\Wow6432Node\\CLSID\\{20D04FE0-3AEA-1069-A2D8-08002B30309D}\\ShellFolder\\HasNavigationEnum"
          ]
        }
      }
    }
  ],
  [
    {
      "behavior": {
        "summary": {
          "write_files": [
            "C:\\Users\\comp\\AppData\\Local\\rasmxs\\uudf.exe"
          ],
          "delete_files": [
            "C:\\Users\\comp\\AppData\\Local\\SrpUxNativeSnapIn\\winbio.exe"
          ],
          "keys": [
            "HKEY_LOCAL_MACHINE\\SOFTWARE\\Classes\\CLSID\\{7007ACC7-3202-11D1-AAD2-00805FC1270E}\\ShellFolder\\Attributes"
          ],
          "read_keys": [
            "HKEY_LOCAL_MACHINE\\SOFTWARE\\Classes\\CLSID\\{7007ACC7-3202-11D1-AAD2-00805FC1270E}\\InProcServer32\\LoadWithoutCOM"
          ]
        }
      }
    }
  ],
  [
    {
      "behavior": {
        "summary": {
          "executed_commands": [
            "\"C:\\Users\\comp\\AppData\\Local\\PortableDeviceApi\\dataclen.exe\""
          ],
          "delete_files": [
            "C:\\Users\\comp\\AppData\\Local\\Temp\\e23cc9f7846381c569e4.exe"
          ],
          "keys": [
            "HKEY_LOCAL_MACHINE\\SOFTWARE\\Classes\\CLSID\\{7007ACC7-3202-11D1-AAD2-00805FC1270E}\\ShellFolder\\QueryForOverlay"
          ]
        }
      }
    }
  ],
  [
    {
      "behavior": {
        "summary": {
          "executed_commands": [
            "\"C:\\Users\\comp\\AppData\\Local\\wvc\\newdev.exe\""
          ],
          "write_files": [
            "C:\\Users\\comp\\AppData\\Local\\ucrtbase\\wlanmsm.exe"
          ],
          "delete_files": [
            "C:\\Users\\comp\\AppData\\Local\\NativeHooks\\sqmapi.exe"
          ]
        }
      }
    }
  ],
  [
    {
      "behavior": {
        "summary": {
          "write_files": [
            "C:\\Users\\comp\\AppData\\Local\\sqlwid\\authfwcfg.exe"
          ],
          "delete_files": [
            "C:\\Users\\comp\\AppData\\Local\\Temp\\aa8795271186e04bfa60.exe"
          ]
        }
      }
    }
  ],
  [
    {
      "behavior": {
        "summary": {
          "write_files": [
            "C:\\Users\\comp\\AppData\\Local\\shlwapi\\kbd101c.exe"
          ],
          "delete_files": [
            "C:\\Users\\comp\\AppData\\Local\\Temp\\857287c557022b5050c9.exe"
          ],
          "keys": [
            "HKEY_CURRENT_USER\\Software\\Classes\\CLSID\\{A4A1A128-768F-41E0-BF75-E4FDDD701CBA}\\InprocHandler32"
          ]
        }
      }
    }
  ],
  [
    {
      "behavior": {
        "summary": {
          "write_files": [
            "C:\\Users\\comp\\AppData\\Local\\KBDINBE1\\apds.exe"
          ],
          "delete_files": [
            "C:\\Users\\comp\\AppData\\Local\\Temp\\a57b2179f059305c91c9.exe"
          ],
          "read_keys": [
            "HKEY_LOCAL_MACHINE\\SOFTWARE\\Classes\\CLSID\\{35786D3C-B075-49B9-88DD-029876E11C01}\\SortOrderIndex"
          ]
        }
      }
    }
  ]
]
