[
  [
    {
      "behavior": {
        "summary": {
          "executed_commands": [
            "\"C:\\Users\\comp\\AppData\\Local\\Temp\\2ee44be8.bat\""
          ],
          "write_files": [
            "C:\\tmppo8l14p_\\bin\\oldloader.exe"
          ],
          "delete_files": [
            "C:\\Users\\comp\\AppData\\Local\\Temp\\2aeb3a6c.exe"
          ],
          "resolved_apis": [
            "kernel32.dll.FreeLibrary"
          ],
          "files": [
            "C:\\Program Files (x86)\\Windows Sidebar\\Gadgets\\Currency.Gadget\\*"
          ],
          "read_files": [
            "C:\\Users\\comp\\AppData\\Roaming\\Microsoft\\Network\\Connections\\Pbk\\_hiddenPbk\\rasphone.pbk"
          ],
          "keys": [
            "HKEY_CURRENT_USER\\Software\\Microsoft\\Windows\\CurrentVersion\\Internet Settings\\Zones\\3\\1A10"
          ],
          "write_keys": [
            "HKEY_CURRENT_USER\\Software\\Microsoft\\Windows\\CurrentVersion\\Internet Settings\\Wpad\\{F76B84C4-979C-40C3-8B9C-C9823097EF49}\\WpadDecision"
          ],
          "read_keys": [
            "HKEY_LOCAL_MACHINE\\SOFTWARE\\Classes\\Wow6432Node\\Interface\\{8A40A45D-055C-4B62-ABD7-6D613E2CEAEC}\\ProxyStubClsid32\\(Default)",
            "HKEY_CURRENT_USER\\Software\\Microsoft\\Windows\\CurrentVersion\\Explorer\\MountPoints2\\CPC\\Volume\\{5f0c3475-f160-11ea-9f0e-806e6f6e6963}\\Data"
          ]
        }
      }
    }
  ],
  [
    {
      "behavior": {
        "summary": {
          "write_files": [
            "C:\\Program Files (x86)\\Google\\Update\\1.3.36.32\\GoogleUpdateBroker.exe"
          ],
          "read_files": [
            "C:\\Users\\comp\\AppData\\Roaming\\Microsoft\\Network\\Connections\\Pbk\\_hiddenPbk\\rasphone.pbk"
          ],
          "keys": [
            "HKEY_CURRENT_USER\\Software\\Microsoft\\Windows\\CurrentVersion\\Internet Settings\\Wpad\\{1BD56EEB-5FA0-48A2-B28D-F06E6A8E236B}\\WpadNetworkName"
          ],
          "mutexes": [
            "IESQMMUTEX_0_208"
          ],
          "write_keys": [
            "HKEY_CURRENT_USER\\Software\\Microsoft\\Windows\\CurrentVersion\\Internet Settings\\Wpad\\{1BD56EEB-5FA0-48A2-B28D-F06E6A8E236B}\\WpadNetworkName"
          ],
          "read_keys": [
            "HKEY_LOCAL_MACHINE\\SOFTWARE\\Classes\\Wow6432Node\\Interface\\{8A40A45D-055C-4B62-ABD7-6D613E2CEAEC}\\ProxyStubClsid32\\(Default)",
            "HKEY_LOCAL_MACHINE\\SOFTWARE\\Wow6432Node\\Microsoft\\Tracing\\JNEwqQ_RASAPI32\\ConsoleTracingMask",
            "HKEY_CURRENT_USER\\Software\\Microsoft\\Command Processor\\EnableExtensions"
          ]
        }
      }
    }
  ]
]
