[
  [
    {
      "behavior": {
        "summary": {
          "executed_commands": [
            "dw20.exe -x -s 632"
          ],
          "write_files": [
            "C:\\Users\\comp\\AppData\\Local\\GDIPFONTCACHEV1.DAT"
          ],
          "delete_files": [
            "C:\\Users\\comp\\AppData\\Roaming\\60B249AD-226D-4B72-91E9-758951B2FB48\\DSL Service\\dslsvc.exe"
          ],
          "resolved_apis": [
            "kernel32.dll.RemoveVectoredContinueHandler",
            "kernel32.dll.RegEnumValueW",
            "kernel32.dll.RtlCaptureContext",
            "uxtheme.dll.GetThemePartSize",
            "dui70.dll.?GetGlobalIndex@ClassInfoBase@DirectUI@@UBEIXZ",
            "kernel32.dll.GetFileType",
            "ws2_32.dll.WSAEventSelect"
          ],
          "files": [
            "C:\\Windows\\Microsoft.NET\\Framework\\v2.0.50727\\Gdiplus.dll",
            "C:\\Users\\comp\\AppData\\Local\\Temp\\en-US\\iQgrxBtJjzt.resources.exe"
          ],
          "read_files": [
            "C:\\Windows\\winsxs\\x86_microsoft.windows.gdiplus_6595b64144ccf1df_1.1.7601.23894_none_5c0be957a009922e\\GdiPlus.dll",
            "C:\\Windows\\Fonts\\tahoma.ttf",
            "C:\\Windows\\System32\\en-US\\wer.dll.mui",
            "C:\\Windows\\Microsoft.NET\\Framework\\v2.0.50727\\diasymreader.dll"
          ],
          "keys": [
            "HKEY_LOCAL_MACHINE\\SOFTWARE\\Wow6432Node\\Microsoft\\.NETFramework\\CLRLoadLogDir",
            "HKEY_LOCAL_MACHINE\\SOFTWARE\\Microsoft\\Fusion\\NativeImagesIndex\\v2.0.50727_32\\IL\\6dc7d4c0\\1c74cc87\\9e\\LastModTime",
            "HKEY_LOCAL_MACHINE\\SOFTWARE\\Microsoft\\Fusion\\GACChangeNotification\\Default\\System.Windows.Forms,2.0.0.0,,b77a5c561934e089,MSIL",
            "HKEY_LOCAL_MACHINE\\SOFTWARE\\Microsoft\\Fusion\\NativeImagesIndex\\v2.0.50727_32\\IL\\3a6a696d\\2620356a\\92\\DisplayName",
            "HKEY_LOCAL_MACHINE\\SOFTWARE\\Microsoft\\Windows\\Windows Error Reporting\\Consent",
            "HKEY_CURRENT_USER\\Software\\Microsoft\\Windows\\Windows Error Reporting\\Consent\\DefaultOverrideBehavior",
            "HKEY_LOCAL_MACHINE\\SOFTWARE\\Microsoft\\SQMClient\\Windows\\DisabledSessions\\MachineThrottling",
            "HKEY_LOCAL_MACHINE\\SOFTWARE\\Microsoft\\Windows NT\\CurrentVersion\\LanguagePack\\SurrogateFallback\\Plane10"
          ],
          "mutexes": [
            "Global\\bb3bb3ae-3abd-11eb-8795-7aaed4ab00fa"
          ],
          "read_keys": [
            "HKEY_LOCAL_MACHINE\\SOFTWARE\\Microsoft\\Fusion\\NativeImagesIndex\\v2.0.50727_32\\NI\\30bc7c4f\\3f50fe4f\\20\\NIDependencies",
            "HKEY_LOCAL_MACHINE\\SOFTWARE\\Wow6432Node\\Microsoft\\Windows\\Windows Error Reporting\\WMR\\Disable",
            "HKEY_LOCAL_MACHINE\\SOFTWARE\\Microsoft\\Windows\\Windows Error Reporting\\ForceQueue",
            "HKEY_LOCAL_MACHINE\\SOFTWARE\\Microsoft\\Windows\\Windows Error Reporting\\CorporateWerServer",
            "HKEY_LOCAL_MACHINE\\SOFTWARE\\Microsoft\\Reliability Analysis\\RAC\\RacWerSampleTime",
            "HKEY_LOCAL_MACHINE\\SOFTWARE\\Microsoft\\Windows NT\\CurrentVersion\\LanguagePack\\SurrogateFallback\\Plane15"
          ]
        }
      }
    }
  ],
  [
    {
      "behavior": {
        "summary": {
          "executed_commands": [
            "\"C:\\Users\\comp\\AppData\\Local\\Temp\\00354d04.bat\""
          ],
          "write_files": [
            "C:\\Program Files\\Google\\Chrome\\Application\\chrome.exe",
            "C:\\Program Files\\Mozilla Firefox\\uninstall\\helper.exe",
            "C:\\Program Files (x86)\\Google\\Update\\GoogleUpdate.exe",
            "C:\\tmp0e97frry\\bin\\flashplayer.exe",
            "C:\\tmp0e97frry\\bin\\loader.exe"
          ],
          "delete_files": [
            "C:\\Users\\comp\\AppData\\Local\\Temp\\5a3e0bdf.exe"
          ],
          "resolved_apis": [
            "advapi32.dll.CryptReleaseContext",
            "msvcrt.dll._except_handler3",
            "kernel32.dll.ExitThread",
            "kernel32.dll.SetFilePointer"
          ],
          "files": [
            "C:\\Program Files\\Windows Sidebar\\Gadgets\\SlideShow.Gadget\\en-US\\js\\*",
            "C:\\Program Files\\Windows Sidebar\\Shared Gadgets\\*",
            "C:\\tmp8w_ftfwl\\modules\\packages\\__pycache__\\*"
          ],
          "read_files": [
            "C:\\tmpkpyunpkg\\bin\\psexec.exe",
            "C:\\Users\\comp\\AppData\\Roaming\\Microsoft\\Network\\Connections\\Pbk\\_hiddenPbk\\rasphone.pbk"
          ],
          "keys": [
            "HKEY_LOCAL_MACHINE\\SOFTWARE\\Wow6432Node\\Microsoft\\Windows\\CurrentVersion\\Internet Settings\\DisableImprovedZoneCheck",
            "HKEY_LOCAL_MACHINE\\SOFTWARE\\Classes\\Wow6432Node\\Interface\\{26656EAA-54EB-4E6F-8F85-4F0EF901A406}\\ProxyStubClsid32\\(Default)",
            "HKEY_CURRENT_USER\\Software\\Microsoft\\Windows\\CurrentVersion\\Internet Settings\\Wpad\\{189A9FFB-F02C-4C2A-A7D0-F3DE030208EE}",
            "HKEY_LOCAL_MACHINE\\SOFTWARE\\Microsoft\\Windows NT\\CurrentVersion\\ProfileList\\S-1-5-21-2237850072-885592287-911325625-1000\\ProfileImagePath"
          ],
          "mutexes": [
            "IESQMMUTEX_0_208"
          ],
          "write_keys": [
            "HKEY_CURRENT_USER\\Software\\Microsoft\\Windows\\CurrentVersion\\Internet Settings\\Wpad\\{189A9FFB-F02C-4C2A-A7D0-F3DE030208EE}\\WpadNetworkName"
          ],
          "read_keys": [
            "HKEY_LOCAL_MACHINE\\SOFTWARE\\Wow6432Node\\Microsoft\\Tracing\\JNEwqQ_RASMANCS\\FileTracingMask",
            "HKEY_CURRENT_USER\\Software\\Microsoft\\Windows\\CurrentVersion\\Explorer\\MountPoints2\\CPC\\Volume\\{5f0c3475-f160-11ea-9f0e-806e6f6e6963}\\Generation"
          ]
        }
      }
    }
  ],
  [
    {
      "behavior": {
        "summary": {
          "executed_commands": [
            "C:\\Windows\\system32\\cmd.exe /c \"\"C:\\Users\\comp\\AppData\\Local\\Temp\\509d1b0a.bat\" \""
          ],
          "write_files": [
            "C:\\Program Files\\Google\\Chrome\\Application\\chrome.exe",
            "C:\\Program Files\\Mozilla Firefox\\pingsender.exe",
            "C:\\Program Files\\Mozilla Firefox\\uninstall\\helper.exe",
            "C:\\Program Files (x86)\\Google\\Update\\1.3.36.32\\GoogleUpdateOnDemand.exe",
            "C:\\tmpbc4nhh6g\\bin\\loader_x64.exe"
          ],
          "delete_files": [
            "C:\\Users\\comp\\AppData\\Local\\Temp\\JNEwqQ.exe"
          ],
          "resolved_apis": [
            "advapi32.dll.CryptAcquireContextW",
            "advapi32.dll.CryptReleaseContext",
            "kernel32.dll.GetLogicalDriveStringsA",
            "kernel32.dll.FindNextFileA",
            "kernel32.dll.GetSystemTimeAsFileTime"
          ],
          "files": [
            "C:\\Program Files\\Windows Sidebar\\Gadgets\\Calendar.Gadget\\en-US\\js\\*"
          ],
          "read_files": [
            "C:\\Users\\comp\\AppData\\Roaming\\Microsoft\\Network\\Connections\\Pbk\\_hiddenPbk\\rasphone.pbk",
            "C:\\tmpkpyunpkg\\bin\\loader_x64.exe"
          ],
          "keys": [
            "HKEY_LOCAL_MACHINE\\SOFTWARE\\Classes\\Wow6432Node\\Interface\\{26656EAA-54EB-4E6F-8F85-4F0EF901A406}\\ProxyStubClsid32\\(Default)",
            "HKEY_CURRENT_USER\\Software\\Classes\\Interface\\{BCD1DE7E-2DB1-418B-B047-4A74E101F8C1}",
            "HKEY_CURRENT_USER\\Software\\Microsoft\\Windows\\CurrentVersion\\Internet Settings\\Wpad\\{EBDD93DF-7CC7-4631-B927-16D55DE80011}\\WpadNetworkName",
            "HKEY_LOCAL_MACHINE\\Software\\Microsoft\\Windows NT\\CurrentVersion\\ProfileList\\S-1-5-21-2237850072-885592287-911325625-1000"
          ],
          "write_keys": [
            "HKEY_CURRENT_USER\\Software\\Microsoft\\Windows\\CurrentVersion\\Internet Settings\\Wpad\\{EBDD93DF-7CC7-4631-B927-16D55DE80011}\\WpadDecisionReason",
            "HKEY_CURRENT_USER\\Software\\Microsoft\\Windows\\CurrentVersion\\Internet Settings\\Wpad\\{EBDD93DF-7CC7-4631-B927-16D55DE80011}\\WpadNetworkName"
          ],
          "read_keys": [
            "HKEY_LOCAL_MACHINE\\SOFTWARE\\MICROSOFT\\WINDOWS NT\\CURRENTVERSION\\ProfileList\\ProgramData"
          ]
        }
      }
    }
  ],
  [
    {
      "behavior": {
        "summary": {
          "executed_commands": [
            "\"C:\\Users\\comp\\AppData\\Local\\Temp\\674501da.bat\""
          ],
          "write_files": [
            "C:\\Program Files\\Google\\Chrome\\Application\\85.0.4183.83\\chrome_pwa_launcher.exe",
            "C:\\Program Files\\Google\\Chrome\\Application\\85.0.4183.83\\notification_helper.exe",
            "C:\\Program Files\\Mozilla Firefox\\uninstall\\helper.exe",
            "C:\\Program Files (x86)\\Google\\Update\\1.3.36.32\\GoogleCrashHandler64.exe",
            "C:\\tmp2pjfx1w2\\bin\\loader.exe"
          ],
          "delete_files": [
            "C:\\Users\\comp\\AppData\\Local\\Temp\\674501da.bat"
          ],
          "resolved_apis": [
            "msvcrt.dll.srand",
            "kernel32.dll.FindNextFileA",
            "kernel32.dll.GetSystemTimeAsFileTime",
            "oleaut32.dll.DllGetClassObject"
          ],
          "files": [
            "C:\\Program Files\\Windows Sidebar\\Gadgets\\CPU.Gadget\\en-US\\css\\*"
          ],
          "read_files": [
            "C:\\tmp0e97frry\\bin\\loader.exe"
          ],
          "keys": [
            "HKEY_LOCAL_MACHINE\\SOFTWARE\\Classes\\Wow6432Node\\Interface\\{55272A00-42CB-11CE-8135-00AA004BB851}\\ProxyStubClsid32\\(Default)",
            "HKEY_LOCAL_MACHINE\\SOFTWARE\\Classes\\Wow6432Node\\Interface\\{2A1C9EB2-DF62-4154-B800-63278FCB8037}\\ProxyStubClsid32\\(Default)",
            "HKEY_CURRENT_USER\\Software\\Microsoft\\Windows\\CurrentVersion\\Internet Settings\\Wpad\\{3EF4DDC6-E53F-4DE5-9BA6-0D779182D71D}\\WpadDecisionReason",
            "HKEY_LOCAL_MACHINE\\SOFTWARE\\Microsoft\\Windows NT\\CurrentVersion\\ProfileList\\S-1-5-21-2237850072-885592287-911325625-1000\\ProfileImagePath"
          ],
          "write_keys": [
            "HKEY_CURRENT_USER\\Software\\Microsoft\\Windows\\CurrentVersion\\Internet Settings\\Wpad\\{3EF4DDC6-E53F-4DE5-9BA6-0D779182D71D}\\WpadNetworkName"
          ],
          "read_keys": [
            "HKEY_LOCAL_MACHINE\\SOFTWARE\\Wow6432Node\\Microsoft\\Tracing\\JNEwqQ_RASMANCS\\FileTracingMask",
            "HKEY_LOCAL_MACHINE\\SOFTWARE\\Microsoft\\Windows NT\\CurrentVersion\\ProfileList\\ProgramData",
            "HKEY_CURRENT_USER\\Software\\Microsoft\\Windows\\CurrentVersion\\Explorer\\MountPoints2\\CPC\\Volume\\{5f0c3475-f160-11ea-9f0e-806e6f6e6963}\\Data"
          ]
        }
      }
    }
  ]
]
