[
  [
    {
      "behavior": {
        "summary": {
          "delete_files": [
            "C:\\Windows\\Microsoft.NET\\Framework\\v2.0.50727\\RegAsm.exe:Zone.Identifier"
          ],
          "keys": [
            "HKEY_CURRENT_USER\\Software\\Microsoft\\Windows\\CurrentVersion\\Shell Extensions\\Cached\\{DFFACDC5-679F-4156-8947-C5C76BC0B67F} {ADD8BA80-002B-11D0-8F0F-00C04FD7D062} 0xFFFF"
          ],
          "write_keys": [
            "HKEY_CURRENT_USER\\Software\\Microsoft\\Windows\\CurrentVersion\\Run\\DSL Service"
          ]
        }
      }
    }
  ],
  [
    {
      "behavior": {
        "summary": {
          "write_files": [
            "C:\\Users\\comp\\AppData\\Local\\Temp\\ntprint\\actxprxy.exe"
          ],
          "delete_files": [
            "C:\\Windows\\Microsoft.NET\\Framework\\v2.0.50727\\RegAsm.exe:Zone.Identifier"
          ],
          "read_keys": [
            "HKEY_LOCAL_MACHINE\\SOFTWARE\\Microsoft\\Fusion\\PublisherPolicy\\Default\\Latest",
            "HKEY_LOCAL_MACHINE\\SOFTWARE\\Classes\\Wow6432Node\\CLSID\\{0A29FF9E-7F9C-4437-8B11-F424491E3931}\\InprocServer32\\(Default)"
          ]
        }
      }
    }
  ],
  [
    {
      "behavior": {
        "summary": {
          "delete_files": [
            "C:\\Users\\comp\\AppData\\Local\\pku2u\\rastapi.exe:Zone.Identifier"
          ],
          "keys": [
            "HKEY_LOCAL_MACHINE\\SOFTWARE\\MICROSOFT\\WINDOWS NT\\CURRENTVERSION\\GRE_Initialize\\DisableMetaFiles"
          ],
          "write_keys": [
            "HKEY_CURRENT_USER\\Software\\Microsoft\\Windows\\CurrentVersion\\Action Center\\Checks\\{852FB1F8-5CC6-4567-9C0E-7C330F8807C2}.check.100\\CheckSetting"
          ]
        }
      }
    }
  ],
  [
    {
      "behavior": {
        "summary": {
          "delete_files": [
            "C:\\Users\\comp\\AppData\\Local\\netprofm\\extrac32.exe:Zone.Identifier"
          ],
          "keys": [
            "HKEY_LOCAL_MACHINE\\SOFTWARE\\Microsoft\\Windows\\CurrentVersion\\Explorer\\MyComputer\\NameSpace\\DelegateFolders\\SuppressionPolicy"
          ],
          "write_keys": [
            "HKEY_CURRENT_USER\\Software\\Microsoft\\Windows\\CurrentVersion\\Action Center\\Checks\\{C8E6F269-B90A-4053-A3BE-499AFCEC98C4}.check.0\\CheckSetting"
          ]
        }
      }
    }
  ],
  [
    {
      "behavior": {
        "summary": {
          "delete_files": [
            "C:\\Users\\comp\\AppData\\Local\\rasdiag\\rnr20.exe:Zone.Identifier"
          ],
          "files": [
            "C:\\Users\\comp\\AppData\\Local\\LocationApi\\sdiagnhost.exe:Zone.Identifier"
          ],
          "keys": [
            "HKEY_LOCAL_MACHINE\\SOFTWARE\\Classes\\SystemFileAssociations\\.exe\\IsShortcut"
          ]
        }
      }
    }
  ],
  [
    {
      "behavior": {
        "summary": {
          "executed_commands": [
            "\"C:\\Users\\comp\\AppData\\Local\\eqossnap\\PortableDeviceConnectApi.exe\""
          ],
          "delete_files": [
            "C:\\Users\\comp\\AppData\\Local\\eappprxy\\cic.exe:Zone.Identifier"
          ]
        }
      }
    }
  ],
  [
    {
      "behavior": {
        "summary": {
          "delete_files": [
            "C:\\Users\\comp\\AppData\\Local\\Netplwiz\\pnrpnsp.exe:Zone.Identifier"
          ],
          "files": [
            "C:\\Users\\comp\\AppData\\Local\\Netplwiz\\pnrpnsp.exe:Zone.Identifier"
          ]
        }
      }
    }
  ],
  [
    {
      "behavior": {
        "summary": {
          "delete_files": [
            "C:\\Users\\comp\\AppData\\Local\\racpldlg\\api-ms-win-core-console-l1-1-0.exe:Zone.Identifier"
          ],
          "keys": [
            "HKEY_CLASSES_ROOT\\.exe\\OpenWithProgids"
          ],
          "write_keys": [
            "HKEY_CURRENT_USER\\Software\\Microsoft\\Windows\\CurrentVersion\\Action Center\\Checks\\{E8433B72-5842-4d43-8645-BC2C35960837}.check.100\\CheckSetting"
          ]
        }
      }
    }
  ],
  [
    {
      "behavior": {
        "summary": {
          "delete_files": [
            "C:\\Users\\comp\\AppData\\Local\\sc\\ipsmsnap.exe:Zone.Identifier"
          ],
          "keys": [
            "HKEY_LOCAL_MACHINE\\SOFTWARE\\Classes\\Wow6432Node\\CLSID\\{20D04FE0-3AEA-1069-A2D8-08002B30309D}\\ShellFolder\\HasNavigationEnum"
          ],
          "write_keys": [
            "HKEY_CURRENT_USER\\Software\\Microsoft\\Windows\\CurrentVersion\\Explorer\\SessionInfo\\1\\WHCIconStartup"
          ]
        }
      }
    }
  ],
  [
    {
      "behavior": {
        "summary": {
          "executed_commands": [
            "\"C:\\Users\\comp\\AppData\\Local\\WinSyncMetastore\\comctl32.exe\""
          ],
          "write_files": [
            "C:\\Users\\comp\\AppData\\Local\\AuthFWSnapin\\NlsLexicons0013.exe"
          ],
          "delete_files": [
            "C:\\Users\\comp\\AppData\\Local\\qcap\\mciseq.exe:Zone.Identifier"
          ]
        }
      }
    }
  ],
  [
    {
      "behavior": {
        "summary": {
          "executed_commands": [
            "\"C:\\Users\\comp\\AppData\\Local\\shfolder\\WerFaultSecure.exe\""
          ],
          "delete_files": [
            "C:\\Users\\comp\\AppData\\Local\\infocardapi\\C_G18030.exe:Zone.Identifier"
          ],
          "keys": [
            "HKEY_CURRENT_USER\\Software\\Microsoft\\Internet Explorer\\Security"
          ]
        }
      }
    }
  ],
  [
    {
      "behavior": {
        "summary": {
          "delete_files": [
            "C:\\Users\\comp\\AppData\\Local\\mfc40u\\secproc_ssp_isv.exe:Zone.Identifier"
          ],
          "keys": [
            "HKEY_CURRENT_USER\\Software\\Microsoft\\Windows\\CurrentVersion\\Action Center\\Providers\\EventLog\\{01979c6a-42fa-414c-b8aa-eee2c8202018}"
          ],
          "write_keys": [
            "HKEY_CURRENT_USER\\Software\\Microsoft\\Windows\\CurrentVersion\\Action Center\\Checks\\{C8E6F269-B90A-4053-A3BE-499AFCEC98C4}.check.0\\CheckSetting"
          ]
        }
      }
    }
  ],
  [
    {
      "behavior": {
        "summary": {
          "delete_files": [
            "C:\\Users\\comp\\AppData\\Local\\HOSTNAME\\KBDTH2.exe:Zone.Identifier"
          ],
          "files": [
            "C:\\Users\\comp\\AppData\\Local\\HOSTNAME\\KBDTH2.exe:Zone.Identifier"
          ],
          "keys": [
            "HKEY_LOCAL_MACHINE\\SOFTWARE\\Classes\\Directory\\ShellEx\\{2F711B17-773C-41D4-93FA-7F23EDCECB66}"
          ]
        }
      }
    }
  ],
  [
    {
      "behavior": {
        "summary": {
          "executed_commands": [
            "\"C:\\Users\\comp\\AppData\\Local\\TsWpfWrp\\BWUnpairElevated.exe\""
          ],
          "delete_files": [
            "C:\\Users\\comp\\AppData\\Local\\apilogen\\dfrgui.exe:Zone.Identifier"
          ],
          "files": [
            "C:\\Users\\comp\\AppData\\Local\\CPFilters\\serialui.exe:Zone.Identifier"
          ]
        }
      }
    }
  ],
  [
    {
      "behavior": {
        "summary": {
          "delete_files": [
            "C:\\Users\\comp\\AppData\\Local\\p2pnetsh\\XpsFilt.exe:Zone.Identifier"
          ],
          "keys": [
            "HKEY_LOCAL_MACHINE\\SOFTWARE\\Microsoft\\Windows\\CurrentVersion\\Internet Settings\\Zones\\4\\1803"
          ],
          "read_keys": [
            "HKEY_LOCAL_MACHINE\\SOFTWARE\\Classes\\Wow6432Node\\CLSID\\{20D04FE0-3AEA-1069-A2D8-08002B30309D}\\ShellFolder\\WantsParseDisplayName"
          ]
        }
      }
    }
  ],
  [
    {
      "behavior": {
        "summary": {
          "executed_commands": [
            "\"C:\\Users\\comp\\AppData\\Local\\Temp\\f617d0d418002e4bc753.exe\""
          ],
          "write_files": [
            "C:\\Users\\comp\\AppData\\Roaming\\newapp\\newapp.exe"
          ],
          "delete_files": [
            "C:\\Users\\comp\\AppData\\Roaming\\newapp\\newapp.exe:Zone.Identifier"
          ],
          "read_keys": [
            "HKEY_CURRENT_USER\\Software\\Classes\\Local Settings\\MuiCache\\5\\52C64B7E\\@%SystemRoot%\\system32\\eapqec.dll,-103"
          ]
        }
      }
    }
  ],
  [
    {
      "behavior": {
        "summary": {
          "delete_files": [
            "C:\\Users\\comp\\AppData\\Local\\icm32\\tdh.exe:Zone.Identifier"
          ],
          "files": [
            "C:\\Users\\comp\\AppData\\Local\\icm32\\tdh.exe:Zone.Identifier"
          ],
          "keys": [
            "HKEY_LOCAL_MACHINE\\SOFTWARE\\Wow6432Node\\Microsoft\\Windows\\CurrentVersion\\explorer\\MoveSecurityAttributes"
          ]
        }
      }
    }
  ],
  [
    {
      "behavior": {
        "summary": {
          "delete_files": [
            "C:\\Users\\comp\\AppData\\Local\\vds_ps\\WMNetMgr.exe:Zone.Identifier"
          ],
          "resolved_apis": [
            "dui70.dll.??1HWNDElement@DirectUI@@UEAA@XZ"
          ],
          "files": [
            "C:\\Users\\comp\\AppData\\Local\\mstime\\msrd3x40.exe:Zone.Identifier"
          ],
          "keys": [
            "HKEY_LOCAL_MACHINE\\SOFTWARE\\Microsoft\\Windows\\CurrentVersion\\Explorer\\MyComputer\\NameSpace\\DelegateFolders\\(Default)"
          ]
        }
      }
    }
  ],
  [
    {
      "behavior": {
        "summary": {
          "delete_files": [
            "C:\\Users\\comp\\AppData\\Local\\ELSCore\\wmpshell.exe:Zone.Identifier"
          ],
          "files": [
            "C:\\Users\\comp\\AppData\\Local\\ELSCore\\wmpshell.exe:Zone.Identifier"
          ],
          "write_keys": [
            "HKEY_CURRENT_USER\\Software\\Microsoft\\Windows\\CurrentVersion\\Action Center\\Checks\\{E8433B72-5842-4d43-8645-BC2C35960837}.check.101\\CheckSetting"
          ]
        }
      }
    }
  ],
  [
    {
      "behavior": {
        "summary": {
          "delete_files": [
            "C:\\Users\\comp\\AppData\\Local\\winver\\proquota.exe:Zone.Identifier"
          ],
          "keys": [
            "HKEY_CURRENT_USER\\Software\\Microsoft\\Windows\\CurrentVersion\\Action Center"
          ],
          "write_keys": [
            "HKEY_CURRENT_USER\\Software\\Microsoft\\Windows\\CurrentVersion\\Action Center\\Checks\\{E8433B72-5842-4d43-8645-BC2C35960837}.check.102\\CheckSetting"
          ]
        }
      }
    }
  ],
  [
    {
      "behavior": {
        "summary": {
          "delete_files": [
            "C:\\Users\\comp\\AppData\\Local\\PortableDeviceSyncProvider\\davhlpr.exe:Zone.Identifier"
          ],
          "files": [
            "C:\\Users\\comp\\AppData\\Local\\deskperf\\KBDFA.exe:Zone.Identifier"
          ],
          "keys": [
            "HKEY_LOCAL_MACHINE\\SOFTWARE\\Classes\\Directory\\ShellEx\\{2F711B17-773C-41D4-93FA-7F23EDCECB66}"
          ]
        }
      }
    }
  ],
  [
    {
      "behavior": {
        "summary": {
          "delete_files": [
            "C:\\Users\\comp\\AppData\\Local\\Temp\\d24902af61b7ff0f4977.exe:Zone.Identifier"
          ],
          "write_keys": [
            "HKEY_CURRENT_USER\\Software\\Microsoft\\Windows\\CurrentVersion\\Run\\DSL Service"
          ]
        }
      }
    }
  ],
  [
    {
      "behavior": {
        "summary": {
          "delete_files": [
            "C:\\Users\\comp\\AppData\\Local\\NlsLexicons0414\\comsvcs.exe:Zone.Identifier"
          ],
          "files": [
            "C:\\Windows\\SysWOW64\\propsys.dll",
            "C:\\Users\\comp\\AppData\\Local\\CPFilters\\msdart.exe:Zone.Identifier"
          ],
          "keys": [
            "HKEY_LOCAL_MACHINE\\Software\\Microsoft\\Windows\\CurrentVersion\\Internet Settings\\Zones\\3"
          ]
        }
      }
    }
  ],
  [
    {
      "behavior": {
        "summary": {
          "delete_files": [
            "C:\\Users\\comp\\AppData\\Local\\nslookup\\QAGENT.exe:Zone.Identifier"
          ],
          "files": [
            "C:\\Users\\comp\\AppData\\Local\\nslookup\\QAGENT.exe:Zone.Identifier"
          ],
          "keys": [
            "HKEY_LOCAL_MACHINE\\SOFTWARE\\Classes\\AllFilesystemObjects\\ShellEx\\IconHandler"
          ]
        }
      }
    }
  ],
  [
    {
      "behavior": {
        "summary": {
          "executed_commands": [
            "\"C:\\Users\\comp\\AppData\\Local\\irclass\\d3d10_1core.exe\""
          ],
          "delete_files": [
            "C:\\Users\\comp\\AppData\\Local\\winrs\\KBDRU1.exe:Zone.Identifier"
          ],
          "keys": [
            "HKEY_LOCAL_MACHINE\\SOFTWARE\\Classes\\Wow6432Node\\CLSID\\{20D04FE0-3AEA-1069-A2D8-08002B30309D}\\ShellFolder\\HideInWebView"
          ]
        }
      }
    }
  ],
  [
    {
      "behavior": {
        "summary": {
          "executed_commands": [
            "\"C:\\Users\\comp\\AppData\\Local\\nshhttp\\PushPrinterConnections.exe\""
          ],
          "delete_files": [
            "C:\\Users\\comp\\AppData\\Local\\msdrm\\msiexec.exe:Zone.Identifier"
          ],
          "files": [
            "C:\\Users\\comp\\AppData\\Local\\KBDCZ2\\DDACLSys.exe:Zone.Identifier"
          ]
        }
      }
    }
  ],
  [
    {
      "behavior": {
        "summary": {
          "delete_files": [
            "C:\\Users\\comp\\AppData\\Local\\wudriver\\korwbrkr.exe:Zone.Identifier"
          ],
          "keys": [
            "HKEY_LOCAL_MACHINE\\SYSTEM\\ControlSet001\\Control\\Nls\\ExtendedLocale\\en-US"
          ],
          "write_keys": [
            "HKEY_CURRENT_USER\\Software\\Microsoft\\Windows\\CurrentVersion\\Explorer\\SessionInfo\\1\\WHCIconStartup"
          ]
        }
      }
    }
  ],
  [
    {
      "behavior": {
        "summary": {
          "delete_files": [
            "C:\\Users\\comp\\AppData\\Local\\sspicli\\shell32.exe:Zone.Identifier"
          ],
          "files": [
            "C:\\Users\\comp\\AppData\\Local\\sspicli\\shell32.exe:Zone.Identifier"
          ],
          "keys": [
            "HKEY_CURRENT_USER\\Software\\Microsoft\\Windows\\CurrentVersion\\Internet Settings\\Zones\\4\\1001"
          ]
        }
      }
    }
  ],
  [
    {
      "behavior": {
        "summary": {
          "delete_files": [
            "C:\\Users\\comp\\AppData\\Local\\NlsLexicons0022\\ncobjapi.exe:Zone.Identifier"
          ],
          "files": [
            "C:\\Users\\comp\\AppData\\Local\\FXSAPI\\SystemPropertiesRemote.exe:Zone.Identifier"
          ],
          "keys": [
            "HKEY_LOCAL_MACHINE\\SOFTWARE\\Classes\\Wow6432Node\\CLSID\\{20D04FE0-3AEA-1069-A2D8-08002B30309D}\\ShellFolder\\CallForAttributes",
            "HKEY_LOCAL_MACHINE\\SOFTWARE\\MICROSOFT\\Security Center\\InternetSettingsDisableNotify",
            "HKEY_LOCAL_MACHINE\\SOFTWARE\\Classes\\CLSID\\{7007ACC7-3202-11D1-AAD2-00805FC1270E}\\ShellFolder\\RestrictedAttributes"
          ]
        }
      }
    }
  ],
  [
    {
      "behavior": {
        "summary": {
          "executed_commands": [
            "\"C:\\Users\\comp\\AppData\\Local\\tapiperf\\kbdgeoer.exe\""
          ],
          "delete_files": [
            "C:\\Users\\comp\\AppData\\Local\\tapiperf\\kbdgeoer.exe:Zone.Identifier"
          ]
        }
      }
    }
  ],
  [
    {
      "behavior": {
        "summary": {
          "executed_commands": [
            "\"C:\\Users\\comp\\AppData\\Local\\batmeter\\api-ms-win-core-sysinfo-l1-1-0.exe\""
          ],
          "delete_files": [
            "C:\\Users\\comp\\AppData\\Local\\gpedit\\psbase.exe"
          ],
          "files": [
            "C:\\Users\\comp\\AppData\\Local\\batmeter\\api-ms-win-core-sysinfo-l1-1-0.exe:Zone.Identifier"
          ],
          "read_keys": [
            "HKEY_LOCAL_MACHINE\\SOFTWARE\\Classes\\Wow6432Node\\CLSID\\{66742402-F9B9-11D1-A202-0000F81FEDEE}\\NoOplock"
          ]
        }
      }
    }
  ],
  [
    {
      "behavior": {
        "summary": {
          "delete_files": [
            "C:\\Users\\comp\\AppData\\Local\\api-ms-win-crt-utility-l1-1-0\\mfc42.exe:Zone.Identifier"
          ],
          "files": [
            "C:\\Users\\comp\\AppData\\Local\\api-ms-win-crt-utility-l1-1-0\\mfc42.exe:Zone.Identifier"
          ],
          "keys": [
            "HKEY_LOCAL_MACHINE\\SOFTWARE\\Classes\\SystemFileAssociations\\.exe\\ShellEx\\IconHandler"
          ]
        }
      }
    }
  ],
  [
    {
      "behavior": {
        "summary": {
          "delete_files": [
            "C:\\Users\\comp\\AppData\\Local\\radardt\\UserAccountControlSettings.exe:Zone.Identifier"
          ],
          "write_keys": [
            "HKEY_CURRENT_USER\\Software\\Microsoft\\Windows\\CurrentVersion\\Action Center\\Checks\\{E8433B72-5842-4d43-8645-BC2C35960837}.check.100\\CheckSetting"
          ]
        }
      }
    }
  ],
  [
    {
      "behavior": {
        "summary": {
          "delete_files": [
            "C:\\Users\\comp\\AppData\\Local\\credui\\dpmodemx.exe:Zone.Identifier"
          ],
          "keys": [
            "HKEY_LOCAL_MACHINE\\SOFTWARE\\Microsoft\\Windows\\CurrentVersion\\Explorer\\MyComputer\\NameSpace\\DelegateFolders"
          ],
          "write_keys": [
            "HKEY_CURRENT_USER\\Software\\Microsoft\\Windows\\CurrentVersion\\Explorer\\SessionInfo\\1\\WHCIconStartup"
          ]
        }
      }
    }
  ],
  [
    {
      "behavior": {
        "summary": {
          "delete_files": [
            "C:\\Users\\comp\\AppData\\Local\\devmgr\\sisbkup.exe:Zone.Identifier"
          ],
          "resolved_apis": [
            "dui70.dll.?Insert@Element@DirectUI@@UEAAJPEAPEAV12@II@Z"
          ],
          "keys": [
            "HKEY_CURRENT_USER\\Software\\Microsoft\\Windows\\CurrentVersion\\Internet Settings\\Zones\\4\\1806"
          ],
          "write_keys": [
            "HKEY_CURRENT_USER\\Software\\Microsoft\\Windows\\CurrentVersion\\Internet Settings\\Wpad\\{D285BFE3-3DBC-40CF-A6C3-765CF6369229}\\WpadNetworkName"
          ],
          "read_keys": [
            "HKEY_CURRENT_USER\\Software\\Microsoft\\Windows\\CurrentVersion\\Explorer\\Advanced\\WebView",
            "HKEY_LOCAL_MACHINE\\SOFTWARE\\Classes\\CLSID\\{7007ACC7-3202-11D1-AAD2-00805FC1270E}\\ShellFolder\\HasNavigationEnum"
          ]
        }
      }
    }
  ],
  [
    {
      "behavior": {
        "summary": {
          "delete_files": [
            "C:\\Users\\comp\\AppData\\Local\\nslookup\\convert.exe:Zone.Identifier"
          ],
          "files": [
            "C:\\Users\\comp\\AppData\\Local\\qedit\\DeviceCenter.exe:Zone.Identifier"
          ],
          "keys": [
            "HKEY_LOCAL_MACHINE\\SOFTWARE\\Classes\\Wow6432Node\\CLSID\\{20D04FE0-3AEA-1069-A2D8-08002B30309D}\\ShellFolder\\WantsParseDisplayName"
          ]
        }
      }
    }
  ],
  [
    {
      "behavior": {
        "summary": {
          "delete_files": [
            "C:\\Users\\comp\\AppData\\Local\\aaclient\\d3dramp.exe:Zone.Identifier"
          ],
          "files": [
            "C:\\Users\\comp\\AppData\\Local\\wiadefui\\cmipnpinstall.exe:Zone.Identifier"
          ],
          "keys": [
            "HKEY_CURRENT_USER\\Software\\Microsoft\\Windows\\CurrentVersion\\Explorer\\ShellState"
          ],
          "read_keys": [
            "HKEY_LOCAL_MACHINE\\SOFTWARE\\Microsoft\\Windows\\CurrentVersion\\Policies\\Explorer\\NoWebView"
          ]
        }
      }
    }
  ],
  [
    {
      "behavior": {
        "summary": {
          "delete_files": [
            "C:\\Users\\comp\\AppData\\Local\\softkbd\\ocsetapi.exe:Zone.Identifier"
          ],
          "files": [
            "C:\\Users\\comp\\AppData\\Local\\KBDBE\\iassdo.exe:Zone.Identifier"
          ],
          "keys": [
            "HKEY_CURRENT_USER\\Software\\Microsoft\\Windows\\CurrentVersion\\Action Center\\Checks\\{945a8954-c147-4acd-923f-40c45405a658}.check.42"
          ]
        }
      }
    }
  ],
  [
    {
      "behavior": {
        "summary": {
          "executed_commands": [
            "\"C:\\Users\\comp\\AppData\\Local\\cewmdm\\NlsLexicons081a.exe\""
          ],
          "write_files": [
            "C:\\Users\\comp\\AppData\\Local\\efsadu\\cipher.exe"
          ],
          "delete_files": [
            "C:\\Users\\comp\\AppData\\Local\\efsadu\\cipher.exe"
          ],
          "keys": [
            "HKEY_LOCAL_MACHINE\\SOFTWARE\\Classes\\Wow6432Node\\CLSID\\{20D04FE0-3AEA-1069-A2D8-08002B30309D}\\ShellFolder\\CallForAttributes"
          ],
          "write_keys": [
            "HKEY_CURRENT_USER\\Software\\Microsoft\\Windows\\CurrentVersion\\Action Center\\Checks\\{C8E6F269-B90A-4053-A3BE-499AFCEC98C4}.check.0\\CheckSetting"
          ]
        }
      }
    }
  ],
  [
    {
      "behavior": {
        "summary": {
          "delete_files": [
            "C:\\Users\\comp\\AppData\\Local\\ir32_32\\RASMM.exe:Zone.Identifier"
          ],
          "files": [
            "C:\\Users\\comp\\AppData\\Local\\ir32_32\\RASMM.exe:Zone.Identifier"
          ],
          "keys": [
            "HKEY_LOCAL_MACHINE\\SOFTWARE\\Classes\\Wow6432Node\\CLSID\\{20D04FE0-3AEA-1069-A2D8-08002B30309D}\\ShellFolder\\PinToNameSpaceTree"
          ]
        }
      }
    }
  ],
  [
    {
      "behavior": {
        "summary": {
          "executed_commands": [
            "\"C:\\Users\\comp\\AppData\\Local\\unlodctr\\msshooks.exe\""
          ],
          "delete_files": [
            "C:\\Users\\comp\\AppData\\Local\\unlodctr\\msshooks.exe:Zone.Identifier"
          ],
          "keys": [
            "HKEY_LOCAL_MACHINE\\SOFTWARE\\Microsoft\\Windows\\CurrentVersion\\Policies\\System"
          ]
        }
      }
    }
  ],
  [
    {
      "behavior": {
        "summary": {
          "delete_files": [
            "C:\\Users\\comp\\AppData\\Local\\shfolder\\docprop.exe:Zone.Identifier"
          ],
          "keys": [
            "HKEY_LOCAL_MACHINE\\SOFTWARE\\Classes\\CLSID\\{7007ACC7-3202-11D1-AAD2-00805FC1270E}\\ShellFolder\\HideFolderVerbs"
          ],
          "write_keys": [
            "HKEY_CURRENT_USER\\Software\\Microsoft\\Windows\\CurrentVersion\\Action Center\\Checks\\{945a8954-c147-4acd-923f-40c45405a658}.check.42\\CheckSetting"
          ]
        }
      }
    }
  ],
  [
    {
      "behavior": {
        "summary": {
          "delete_files": [
            "C:\\Users\\comp\\AppData\\Local\\cscript\\dpnsvr.exe:Zone.Identifier"
          ],
          "files": [
            "C:\\Users\\comp\\AppData\\Local\\prflbmsg\\dciman32.exe:Zone.Identifier"
          ],
          "keys": [
            "HKEY_LOCAL_MACHINE\\SOFTWARE\\Classes\\Folder\\ShellEx\\IconHandler"
          ]
        }
      }
    }
  ],
  [
    {
      "behavior": {
        "summary": {
          "executed_commands": [
            "\"C:\\Windows\\system32\\pkgmgr.exe\" /n:%temp%\\ellocnak.xml"
          ],
          "delete_files": [
            "C:\\Users\\comp\\AppData\\Roaming\\images.exe:Zone.Identifier"
          ],
          "keys": [
            "HKEY_LOCAL_MACHINE\\SOFTWARE\\Classes\\Wow6432Node\\CLSID\\{20D04FE0-3AEA-1069-A2D8-08002B30309D}\\ShellFolder\\HideFolderVerbs"
          ]
        }
      }
    }
  ],
  [
    {
      "behavior": {
        "summary": {
          "delete_files": [
            "C:\\Users\\comp\\AppData\\Local\\SyncCenter\\KBDDV.exe:Zone.Identifier"
          ],
          "keys": [
            "HKEY_LOCAL_MACHINE\\SOFTWARE\\MICROSOFT\\Windows\\CurrentVersion\\Internet Settings\\Zones\\4\\1806"
          ],
          "write_keys": [
            "HKEY_CURRENT_USER\\Software\\Microsoft\\Windows\\CurrentVersion\\Action Center\\Checks\\{E8433B72-5842-4d43-8645-BC2C35960837}.check.101\\CheckSetting"
          ]
        }
      }
    }
  ],
  [
    {
      "behavior": {
        "summary": {
          "executed_commands": [
            "\"C:\\Users\\comp\\AppData\\Local\\browcli\\dllhost.exe\""
          ],
          "delete_files": [
            "C:\\Users\\comp\\AppData\\Local\\browcli\\dllhost.exe:Zone.Identifier"
          ],
          "keys": [
            "HKEY_LOCAL_MACHINE\\Software\\Microsoft\\Windows NT\\CurrentVersion\\GRE_Initialize"
          ]
        }
      }
    }
  ],
  [
    {
      "behavior": {
        "summary": {
          "delete_files": [
            "C:\\Windows\\Microsoft.NET\\Framework\\v2.0.50727\\RegAsm.exe:Zone.Identifier"
          ],
          "write_keys": [
            "HKEY_CURRENT_USER\\Software\\Microsoft\\Windows\\CurrentVersion\\Action Center\\Checks\\{E8433B72-5842-4d43-8645-BC2C35960837}.check.101\\CheckSetting"
          ]
        }
      }
    }
  ],
  [
    {
      "behavior": {
        "summary": {
          "delete_files": [
            "C:\\Users\\comp\\AppData\\Local\\duser\\mstsc.exe:Zone.Identifier"
          ],
          "files": [
            "C:\\Users\\comp\\AppData\\Local\\KBDSMSNO\\dinput8.exe:Zone.Identifier"
          ],
          "keys": [
            "HKEY_LOCAL_MACHINE\\SOFTWARE\\Microsoft\\Windows\\CurrentVersion\\ShellCompatibility\\Applications\\typelib.exe"
          ]
        }
      }
    }
  ],
  [
    {
      "behavior": {
        "summary": {
          "delete_files": [
            "C:\\Users\\comp\\AppData\\Local\\mssprxy\\msra.exe:Zone.Identifier"
          ],
          "files": [
            "C:\\Users\\comp\\AppData\\Local\\fdeploy\\KBDNO.exe:Zone.Identifier"
          ],
          "write_keys": [
            "HKEY_CURRENT_USER\\Software\\Microsoft\\Windows\\CurrentVersion\\Action Center\\Checks\\{852FB1F8-5CC6-4567-9C0E-7C330F8807C2}.check.101\\CheckSetting"
          ]
        }
      }
    }
  ],
  [
    {
      "behavior": {
        "summary": {
          "delete_files": [
            "C:\\Users\\comp\\AppData\\Local\\wextract\\fdWCN.exe:Zone.Identifier"
          ],
          "keys": [
            "HKEY_CURRENT_USER\\Software\\Microsoft\\Windows\\CurrentVersion\\Explorer\\Advanced\\HideFileExt",
            "HKEY_LOCAL_MACHINE\\SOFTWARE\\Microsoft\\CTF\\KnownClasses"
          ],
          "write_keys": [
            "HKEY_CURRENT_USER\\Software\\Microsoft\\Windows\\CurrentVersion\\Action Center\\Checks\\{E8433B72-5842-4d43-8645-BC2C35960837}.check.101\\CheckSetting"
          ]
        }
      }
    }
  ],
  [
    {
      "behavior": {
        "summary": {
          "delete_files": [
            "C:\\Users\\comp\\AppData\\Local\\wininit\\SystemPropertiesAdvanced.exe:Zone.Identifier"
          ],
          "files": [
            "C:\\Users\\comp\\AppData\\Local\\wininit\\SystemPropertiesAdvanced.exe:Zone.Identifier"
          ],
          "keys": [
            "HKEY_LOCAL_MACHINE\\SOFTWARE\\Classes\\CLSID\\{7007ACC7-3202-11D1-AAD2-00805FC1270E}\\ShellFolder\\HideInWebView"
          ]
        }
      }
    }
  ],
  [
    {
      "behavior": {
        "summary": {
          "executed_commands": [
            "\"C:\\Users\\comp\\AppData\\Local\\msftedit\\shsetup.exe\""
          ],
          "delete_files": [
            "C:\\Users\\comp\\AppData\\Local\\msftedit\\shsetup.exe:Zone.Identifier"
          ],
          "keys": [
            "HKEY_CLASSES_ROOT\\Drive\\shellex\\FolderExtensions"
          ]
        }
      }
    }
  ],
  [
    {
      "behavior": {
        "summary": {
          "executed_commands": [
            "\"C:\\Users\\comp\\AppData\\Local\\KBDUR1\\SCardDlg.exe\""
          ],
          "delete_files": [
            "C:\\Users\\comp\\AppData\\Local\\MP4SDECD\\dpnsvr.exe:Zone.Identifier"
          ]
        }
      }
    }
  ],
  [
    {
      "behavior": {
        "summary": {
          "delete_files": [
            "C:\\Users\\comp\\AppData\\Local\\esent\\clip.exe:Zone.Identifier"
          ],
          "keys": [
            "HKEY_LOCAL_MACHINE\\SOFTWARE\\Classes\\SystemFileAssociations\\.exe\\AlwaysShowExt"
          ],
          "write_keys": [
            "HKEY_CURRENT_USER\\Software\\Microsoft\\Windows\\CurrentVersion\\Action Center\\Checks\\{E8433B72-5842-4d43-8645-BC2C35960837}.check.100\\CheckSetting"
          ]
        }
      }
    }
  ],
  [
    {
      "behavior": {
        "summary": {
          "delete_files": [
            "C:\\Users\\comp\\AppData\\Local\\olecli32\\WWanAPI.exe:Zone.Identifier"
          ],
          "files": [
            "C:\\Users\\comp\\AppData\\Local\\fmifs\\FirewallControlPanel.exe:Zone.Identifier"
          ],
          "keys": [
            "HKEY_LOCAL_MACHINE\\System\\CurrentControlSet\\Control\\Nls\\Language Groups"
          ],
          "read_keys": [
            "HKEY_LOCAL_MACHINE\\SOFTWARE\\Classes\\Wow6432Node\\CLSID\\{20D04FE0-3AEA-1069-A2D8-08002B30309D}\\ShellFolder\\QueryForInfoTip"
          ]
        }
      }
    }
  ],
  [
    {
      "behavior": {
        "summary": {
          "executed_commands": [
            "\"C:\\Users\\comp\\AppData\\Local\\netbtugc\\choice.exe\""
          ],
          "delete_files": [
            "C:\\Users\\comp\\AppData\\Local\\netbtugc\\choice.exe:Zone.Identifier"
          ],
          "keys": [
            "HKEY_LOCAL_MACHINE\\SOFTWARE\\Microsoft\\Windows\\CurrentVersion\\Explorer\\MyComputer\\NameSpace\\DelegateFolders\\{9113A02D-00A3-46B9-BC5F-9C04DADDD5D7}\\SuppressionPolicy"
          ]
        }
      }
    }
  ]
]
