[
  [
    {
      "behavior": {
        "summary": {
          "files": [
            "C:\\Users\\comp\\AppData\\Local\\Microsoft\\Windows\\Caches\\{AFBF9F1A-8EE8-4C77-AF34-C647E37CA0D9}.1.ver0x0000000000000003.db"
          ],
          "keys": [
            "HKEY_LOCAL_MACHINE\\SOFTWARE\\Microsoft\\Security Center\\Svc"
          ],
          "write_keys": [
            "HKEY_CURRENT_USER\\Software\\Microsoft\\Windows\\CurrentVersion\\Action Center\\Checks\\{E8433B72-5842-4d43-8645-BC2C35960837}.check.100\\CheckSetting"
          ],
          "read_keys": [
            "HKEY_LOCAL_MACHINE\\SOFTWARE\\Microsoft\\Windows\\CurrentVersion\\Explorer\\MyComputer\\NameSpace\\DelegateFolders\\{35786D3C-B075-49b9-88DD-029876E11C01}\\SuppressionPolicy"
          ]
        }
      }
    }
  ],
  [
    {
      "behavior": {
        "summary": {
          "files": [
            "C:\\Users\\comp\\AppData\\Local\\Google\\Chrome\\User Data\\Default\\Extensions\\ghbmnnjooekpmoecnnnilnnbdlolhkhi\\1.13.0_0\\_locales\\cs"
          ],
          "keys": [
            "HKEY_LOCAL_MACHINE\\SOFTWARE\\MICROSOFT\\WINDOWS NT\\CURRENTVERSION\\LanguagePack\\SurrogateFallback\\Plane1"
          ]
        }
      }
    }
  ],
  [
    {
      "behavior": {
        "summary": {
          "resolved_apis": [
            "imm32.dll.ImmAssociateContext"
          ],
          "keys": [
            "HKEY_LOCAL_MACHINE\\SOFTWARE\\Classes\\Wow6432Node\\CLSID\\{20D04FE0-3AEA-1069-A2D8-08002B30309D}\\ShellFolder\\CallForAttributes"
          ],
          "read_keys": [
            "HKEY_LOCAL_MACHINE\\SOFTWARE\\Classes\\Wow6432Node\\CLSID\\{20D04FE0-3AEA-1069-A2D8-08002B30309D}\\ShellFolder\\UseDropHandler"
          ]
        }
      }
    }
  ],
  [
    {
      "behavior": {
        "summary": {
          "files": [
            "C:\\Users\\comp\\AppData\\Roaming\\Microsoft\\CLR Security Config\\v2.0.50727.312\\security.config.cch"
          ],
          "keys": [
            "HKEY_LOCAL_MACHINE\\Software\\Microsoft\\StrongName"
          ]
        }
      }
    }
  ],
  [
    {
      "behavior": {
        "summary": {
          "keys": [
            "HKEY_LOCAL_MACHINE\\SOFTWARE\\MICROSOFT\\CTF\\TIP\\{0000897b-83df-4b96-be07-0fb58b01c4a4}\\LanguageProfile\\0x00000000\\{0001bea3-ed56-483d-a2e2-aeae25577436}\\Enable"
          ],
          "write_keys": [
            "HKEY_CURRENT_USER\\Software\\Microsoft\\Windows\\CurrentVersion\\Action Center\\Checks\\{E8433B72-5842-4d43-8645-BC2C35960837}.check.100\\CheckSetting"
          ],
          "read_keys": [
            "HKEY_LOCAL_MACHINE\\SOFTWARE\\Classes\\CLSID\\{7007ACC7-3202-11D1-AAD2-00805FC1270E}\\ShellFolder\\Attributes"
          ]
        }
      }
    }
  ],
  [
    {
      "behavior": {
        "summary": {
          "resolved_apis": [
            "winspool.drv.SplDriverUnloadComplete"
          ],
          "files": [
            "C:\\Users\\comp\\AppData\\Local\\Microsoft\\Windows\\Caches\\cversions.1.db"
          ],
          "keys": [
            "HKEY_LOCAL_MACHINE\\SOFTWARE\\Classes\\Directory\\AlwaysShowExt",
            "HKEY_LOCAL_MACHINE\\SOFTWARE\\Classes\\.pdf\\ShellEx\\{00021500-0000-0000-C000-000000000046}"
          ]
        }
      }
    }
  ],
  [
    {
      "behavior": {
        "summary": {
          "files": [
            "C:\\Windows\\WindowsShell.Manifest"
          ],
          "keys": [
            "HKEY_LOCAL_MACHINE\\SOFTWARE\\Wow6432Node\\Microsoft\\Windows\\CurrentVersion\\explorer\\MoveSecurityAttributes"
          ]
        }
      }
    }
  ],
  [
    {
      "behavior": {
        "summary": {
          "executed_commands": [
            "\"C:\\Users\\comp\\AppData\\Local\\vds_ps\\KBDLA.exe\""
          ],
          "write_files": [
            "C:\\Users\\comp\\AppData\\Local\\KBDUSX\\NlsLexicons0046.exe"
          ],
          "resolved_apis": [
            "winspool.drv.DeletePrintProcessorW"
          ],
          "keys": [
            "HKEY_LOCAL_MACHINE\\SYSTEM\\ControlSet001\\Control\\VAN\\{6705C562-0AE7-40EA-8474-F39DAB1813D0}\\DisplayName"
          ]
        }
      }
    }
  ],
  [
    {
      "behavior": {
        "summary": {
          "files": [
            "C:\\Users\\comp\\AppData\\Local\\Microsoft\\Windows\\Caches\\{AFBF9F1A-8EE8-4C77-AF34-C647E37CA0D9}.1.ver0x0000000000000003.db"
          ],
          "keys": [
            "HKEY_LOCAL_MACHINE\\SOFTWARE\\Classes\\CLSID\\{A4A1A128-768F-41E0-BF75-E4FDDD701CBA}\\InProcServer32\\InprocServer32"
          ]
        }
      }
    }
  ],
  [
    {
      "behavior": {
        "summary": {
          "executed_commands": [
            "\"C:\\Users\\comp\\AppData\\Local\\cmstplua\\ntkrnlpa.exe\""
          ],
          "files": [
            "C:\\Users\\comp\\AppData\\Local\\Microsoft\\Windows\\Caches"
          ],
          "keys": [
            "HKEY_CURRENT_USER\\Software\\Microsoft\\Windows\\CurrentVersion\\Action Center\\Checks\\{01979c6a-42fa-414c-b8aa-eee2c8202018}.check.101\\CheckSetting"
          ]
        }
      }
    }
  ],
  [
    {
      "behavior": {
        "summary": {
          "files": [
            "C:\\Users\\comp\\AppData\\Local\\Microsoft\\Windows\\Caches\\{AFBF9F1A-8EE8-4C77-AF34-C647E37CA0D9}.1.ver0x0000000000000003.db"
          ],
          "keys": [
            "HKEY_LOCAL_MACHINE\\SOFTWARE\\Classes\\CLSID\\{A4A1A128-768F-41E0-BF75-E4FDDD701CBA}\\TreatAs"
          ]
        }
      }
    }
  ],
  [
    {
      "behavior": {
        "summary": {
          "files": [
            "C:\\Users\\comp\\AppData\\Local\\api-ms-win-service-winsvc-l1-1-0\\api-ms-win-core-file-l2-1-0.exe.Config"
          ],
          "keys": [
            "HKEY_LOCAL_MACHINE\\Software\\Microsoft\\Windows\\CurrentVersion\\Action Center\\Providers\\EventLog\\{01979c6a-42fa-414c-b8aa-eee2c8202018}"
          ]
        }
      }
    }
  ],
  [
    {
      "behavior": {
        "summary": {
          "files": [
            "C:\\Users\\comp\\AppData\\Local\\Temp"
          ],
          "keys": [
            "HKEY_LOCAL_MACHINE\\Software\\Microsoft\\Windows\\CurrentVersion\\Explorer\\CLSID\\{20D04FE0-3AEA-1069-A2D8-08002B30309D}\\ShellFolder"
          ]
        }
      }
    }
  ],
  [
    {
      "behavior": {
        "summary": {
          "files": [
            "C:\\Users\\comp\\AppData\\Local\\api-ms-win-crt-heap-l1-1-0\\iepeersbd81eecaaf.exe"
          ],
          "keys": [
            "HKEY_CURRENT_USER\\Software\\Microsoft\\Windows\\CurrentVersion\\Action Center\\Checks\\{A5268B8E-7DB5-465b-BAB7-BDCDA39A394A}.check.100"
          ]
        }
      }
    }
  ],
  [
    {
      "behavior": {
        "summary": {
          "files": [
            "C:\\Users\\comp\\AppData\\Local\\Microsoft\\Windows\\Caches\\{AFBF9F1A-8EE8-4C77-AF34-C647E37CA0D9}.1.ver0x0000000000000003.db"
          ],
          "keys": [
            "HKEY_LOCAL_MACHINE\\SOFTWARE\\MICROSOFT\\Windows\\CurrentVersion\\Policies\\Explorer\\TurnOffSPIAnimations"
          ],
          "write_keys": [
            "HKEY_CURRENT_USER\\Software\\Microsoft\\Windows\\CurrentVersion\\Action Center\\Checks\\{C8E6F269-B90A-4053-A3BE-499AFCEC98C4}.check.0\\CheckSetting"
          ],
          "read_keys": [
            "HKEY_LOCAL_MACHINE\\SOFTWARE\\Classes\\.exe\\(Default)"
          ]
        }
      }
    }
  ],
  [
    {
      "behavior": {
        "summary": {
          "keys": [
            "HKEY_LOCAL_MACHINE\\SOFTWARE\\MICROSOFT\\CTF\\TIP\\{0000897b-83df-4b96-be07-0fb58b01c4a4}\\LanguageProfile\\0x00000000\\{0001bea3-ed56-483d-a2e2-aeae25577436}\\Enable"
          ],
          "read_keys": [
            "HKEY_CURRENT_USER\\Software\\Microsoft\\Windows\\CurrentVersion\\Action Center\\Checks\\{E8433B72-5842-4d43-8645-BC2C35960837}.check.100\\CheckSetting"
          ]
        }
      }
    }
  ],
  [
    {
      "behavior": {
        "summary": {
          "files": [
            "C:\\Windows\\Setup\\State\\State.ini\\"
          ],
          "keys": [
            "HKEY_CURRENT_USER\\Software\\Microsoft\\Windows\\CurrentVersion\\Explorer\\MountPoints2\\CPC\\Volume\\{5f0c3475-f160-11ea-9f0e-806e6f6e6963}\\Data"
          ]
        }
      }
    }
  ],
  [
    {
      "behavior": {
        "summary": {
          "files": [
            "C:\\Users\\comp\\AppData\\Local\\tapi32\\"
          ],
          "keys": [
            "HKEY_LOCAL_MACHINE\\SOFTWARE\\Classes\\Wow6432Node\\CLSID\\{20D04FE0-3AEA-1069-A2D8-08002B30309D}\\ShellFolder\\MapNetDriveVerbs"
          ]
        }
      }
    }
  ],
  [
    {
      "behavior": {
        "summary": {
          "files": [
            "C:\\Users\\comp\\AppData\\Local\\Microsoft\\Windows\\Burn"
          ],
          "keys": [
            "HKEY_CURRENT_USER\\Software\\Microsoft\\Windows\\CurrentVersion\\Action Center\\Checks\\{E8433B72-5842-4d43-8645-BC2C35960837}.check.103\\CheckSetting"
          ]
        }
      }
    }
  ],
  [
    {
      "behavior": {
        "summary": {
          "files": [
            "C:\\Windows\\Setup\\State\\State.ini"
          ],
          "keys": [
            "HKEY_LOCAL_MACHINE\\SOFTWARE\\Classes\\CLSID\\{9C73F5E5-7AE7-4E32-A8E8-8D23B85255BF}\\ShellFolder\\QueryForInfoTip"
          ]
        }
      }
    }
  ],
  [
    {
      "behavior": {
        "summary": {
          "write_files": [
            "\\??\\PIPE\\efsrpc"
          ],
          "keys": [
            "DisableUserModeCallbackFilter"
          ],
          "read_keys": [
            "DisableUserModeCallbackFilter"
          ]
        }
      }
    }
  ],
  [
    {
      "behavior": {
        "summary": {
          "executed_commands": [
            "C:\\Windows\\SysWOW64\\rundll32.exe \"C:\\Users\\comp\\AppData\\Local\\Gfnmigrsvwed\\atzegidekig.ilu\",Control_RunDLL"
          ],
          "keys": [
            "HKEY_LOCAL_MACHINE\\SOFTWARE\\Classes\\CLSID\\{7007ACC7-3202-11D1-AAD2-00805FC1270E}\\ShellFolder\\QueryForInfoTip"
          ],
          "read_keys": [
            "HKEY_LOCAL_MACHINE\\SOFTWARE\\Classes\\CLSID\\{20D04FE0-3AEA-1069-A2D8-08002B30309D}\\System.HideOnDesktop"
          ]
        }
      }
    }
  ],
  [
    {
      "behavior": {
        "summary": {
          "executed_commands": [
            "C:\\Windows\\system32\\cmd.exe /c echo on error resume next:CreateObject(\"WScript.Shell\").Run \"C:\\Users\\comp\\AppData\\Local\\Temp\\ebc82e867e1280af5cb0.exe\",1: >\"C:\\Users\\comp\\AppData\\Roaming\\Microsoft\\Windows\\Start Menu\\Programs\\Startup\\x.vbs\""
          ],
          "files": [
            "C:\\Users\\comp\\AppData\\Local\\Temp\\ebc82e867e1280af5cb0.ex_"
          ]
        }
      }
    }
  ],
  [
    {
      "behavior": {
        "summary": {
          "executed_commands": [
            "\"C:\\Users\\comp\\AppData\\Local\\localsec\\dmsynth.exe\""
          ],
          "files": [
            "C:\\Users\\comp\\AppData\\Local\\secproc_isv\\normaliz.exe"
          ],
          "keys": [
            "HKEY_LOCAL_MACHINE\\Software\\Classes\\CLSID\\{7007acc7-3202-11d1-aad2-00805fc1270e}\\InProcServer32"
          ],
          "write_keys": [
            "HKEY_CURRENT_USER\\Software\\Microsoft\\Windows\\CurrentVersion\\Action Center\\Checks\\{E8433B72-5842-4d43-8645-BC2C35960837}.check.100\\CheckSetting"
          ]
        }
      }
    }
  ],
  [
    {
      "behavior": {
        "summary": {
          "executed_commands": [
            "C:\\Windows\\system32\\cmd.exe /c echo on error resume next:CreateObject(\"WScript.Shell\").Run \"C:\\Users\\comp\\AppData\\Local\\Temp\\c9796b8d207f9f7c38cf.exe\",1: >\"C:\\Users\\comp\\AppData\\Roaming\\Microsoft\\Windows\\Start Menu\\Programs\\Startup\\x.vbs\""
          ],
          "resolved_apis": [
            "kernel32.dll.SetThreadContext"
          ],
          "files": [
            "C:\\Users\\comp\\AppData\\Local\\Temp\\c9796b8d207f9f7c38cf.ex_"
          ]
        }
      }
    }
  ],
  [
    {
      "behavior": {
        "summary": {
          "files": [
            "C:\\Windows\\Setup\\State\\State.ini"
          ],
          "keys": [
            "HKEY_LOCAL_MACHINE\\SYSTEM\\ControlSet001\\Control\\VAN\\{E1DE74AD-C368-4104-ADB1-57D00577247A}\\Ordinal"
          ]
        }
      }
    }
  ],
  [
    {
      "behavior": {
        "summary": {
          "files": [
            "C:\\Users\\comp\\AppData\\Local\\Microsoft\\Windows\\Caches\\{AFBF9F1A-8EE8-4C77-AF34-C647E37CA0D9}.1.ver0x0000000000000003.db"
          ],
          "keys": [
            "HKEY_CURRENT_USER\\Software\\Microsoft\\Windows\\CurrentVersion\\Shell Extensions\\Cached\\{9C73F5E5-7AE7-4E32-A8E8-8D23B85255BF} {000214E6-0000-0000-C000-000000000046} 0xFFFF"
          ]
        }
      }
    }
  ],
  [
    {
      "behavior": {
        "summary": {
          "files": [
            "C:\\Users\\comp\\AppData\\Local\\Microsoft\\Windows\\Caches\\{AFBF9F1A-8EE8-4C77-AF34-C647E37CA0D9}.1.ver0x0000000000000003.db"
          ],
          "keys": [
            "HKEY_LOCAL_MACHINE\\SOFTWARE\\Classes\\CLSID\\{00021401-0000-0000-C000-000000000046}\\UseInProcHandlerCache",
            "HKEY_LOCAL_MACHINE\\Software\\Policies\\Microsoft\\Windows\\CurrentVersion\\Internet Settings\\Zones\\1"
          ]
        }
      }
    }
  ],
  [
    {
      "behavior": {
        "summary": {
          "executed_commands": [
            "\"C:\\Users\\comp\\AppData\\Local\\msvcrt\\eappprxy.exe\""
          ],
          "write_files": [
            "\\??\\PIPE\\efsrpc"
          ],
          "keys": [
            "HKEY_LOCAL_MACHINE\\SOFTWARE\\Classes\\Wow6432Node\\CLSID\\{20D04FE0-3AEA-1069-A2D8-08002B30309D}\\ShellFolder\\Attributes"
          ],
          "started_services": [
            "EFS"
          ]
        }
      }
    }
  ],
  [
    {
      "behavior": {
        "summary": {
          "executed_commands": [
            "C:\\Windows\\SysWOW64\\rundll32.exe \"C:\\Users\\comp\\AppData\\Local\\Kglrhsed\\npqmcfh.lio\",Control_RunDLL"
          ],
          "write_files": [
            "C:\\Users\\comp\\AppData\\Local\\Ykuypxdzwy\\bdeqotfed.qsd"
          ],
          "keys": [
            "HKEY_LOCAL_MACHINE\\SOFTWARE\\Microsoft\\Windows NT\\CurrentVersion\\Time Zones\\Pacific Standard Time\\Dynamic DST\\FirstEntry"
          ]
        }
      }
    }
  ],
  [
    {
      "behavior": {
        "summary": {
          "executed_commands": [
            "\"C:\\Users\\comp\\AppData\\Local\\UIRibbon\\KBDINGUJ.exe\""
          ],
          "write_files": [
            "C:\\Users\\comp\\AppData\\Local\\UIRibbon\\KBDINGUJ.exe"
          ],
          "keys": [
            "HKEY_LOCAL_MACHINE\\SOFTWARE\\Classes\\CLSID\\{B196B286-BAB4-101A-B69C-00AA00341D07}\\InprocServer32\\ThreadingModel"
          ],
          "write_keys": [
            "HKEY_CURRENT_USER\\Software\\Microsoft\\Windows\\CurrentVersion\\Action Center\\Checks\\{C8E6F269-B90A-4053-A3BE-499AFCEC98C4}.check.0\\CheckSetting"
          ],
          "read_keys": [
            "HKEY_LOCAL_MACHINE\\SOFTWARE\\Classes\\Wow6432Node\\CLSID\\{20D04FE0-3AEA-1069-A2D8-08002B30309D}\\ShellFolder\\QueryForOverlay",
            "HKEY_LOCAL_MACHINE\\SYSTEM\\ControlSet001\\Control\\VAN\\{19b9dcc7-6f37-4dc7-9da6-8af601c5fce2}\\DisplayName"
          ]
        }
      }
    }
  ],
  [
    {
      "behavior": {
        "summary": {
          "files": [
            "C:\\Users\\comp\\AppData\\Local\\Temp\\unOYQIgFIsqRnMPCDccUpINWoCqt\\unOYQIgFIsqRnMPCDccUpINWoCqt.exe"
          ],
          "keys": [
            "HKEY_LOCAL_MACHINE\\SOFTWARE\\Microsoft\\Windows\\Windows Error Reporting\\Consent\\CLR20r3"
          ],
          "read_keys": [
            "HKEY_LOCAL_MACHINE\\SOFTWARE\\Microsoft\\Fusion\\NativeImagesIndex\\v2.0.50727_32\\NI\\61e7e666\\c991064\\12\\NIDependencies"
          ]
        }
      }
    }
  ],
  [
    {
      "behavior": {
        "summary": {
          "files": [
            "C:\\Users\\comp\\AppData\\Local\\Temp"
          ],
          "keys": [
            "HKEY_LOCAL_MACHINE\\Software\\Microsoft\\Windows\\CurrentVersion\\Action Center\\Providers\\COM\\{9DAC2C1E-7C5C-40EB-833B-323E85A1CE84}"
          ]
        }
      }
    }
  ],
  [
    {
      "behavior": {
        "summary": {
          "files": [
            "C:\\Windows\\SysWOW64\\en-US\\SHELL32.dll.mui"
          ],
          "keys": [
            "HKEY_LOCAL_MACHINE\\SOFTWARE\\MICROSOFT\\Windows\\CurrentVersion\\Explorer\\MyComputer\\NameSpace\\DelegateFolders\\(Default)"
          ],
          "read_keys": [
            "HKEY_LOCAL_MACHINE\\SOFTWARE\\Classes\\Wow6432Node\\CLSID\\{20D04FE0-3AEA-1069-A2D8-08002B30309D}\\ShellFolder\\HideOnDesktopPerUser"
          ]
        }
      }
    }
  ],
  [
    {
      "behavior": {
        "summary": {
          "write_files": [
            "C:\\Users\\comp\\AppData\\Local\\StorageContextHandler\\drvstore.exe"
          ],
          "resolved_apis": [
            "comctl32.dll.#329"
          ],
          "keys": [
            "HKEY_CURRENT_USER\\Software\\Microsoft\\Windows\\CurrentVersion\\Action Center\\Checks\\{E8433B72-5842-4d43-8645-BC2C35960837}.check.102\\CheckSetting"
          ],
          "read_keys": [
            "HKEY_CURRENT_USER\\Software\\Microsoft\\Windows\\CurrentVersion\\Action Center\\Checks\\{E8433B72-5842-4d43-8645-BC2C35960837}.check.106\\CheckSetting"
          ]
        }
      }
    }
  ],
  [
    {
      "behavior": {
        "summary": {
          "executed_commands": [
            "\"C:\\Users\\comp\\AppData\\Local\\DeviceCenter\\winrnr.exe\""
          ],
          "resolved_apis": [
            "kernel32.dll.LoadLibraryA"
          ],
          "files": [
            "C:\\Windows"
          ],
          "keys": [
            "HKEY_CURRENT_USER\\Software\\Microsoft\\Windows\\CurrentVersion\\Internet Settings\\Zones\\1",
            "HKEY_LOCAL_MACHINE\\Software\\Microsoft\\Windows\\Tablet PC\\"
          ],
          "read_keys": [
            "HKEY_CURRENT_USER\\Software\\Microsoft\\Windows\\CurrentVersion\\Explorer\\MountPoints2\\CPC\\Volume\\{5f0c3479-f160-11ea-9f0e-806e6f6e6963}\\Data"
          ]
        }
      }
    }
  ],
  [
    {
      "behavior": {
        "summary": {
          "executed_commands": [
            "\"C:\\Users\\comp\\AppData\\Local\\WPDShextAutoplay\\wuapp.exe\""
          ],
          "write_files": [
            "C:\\Users\\comp\\AppData\\Local\\WPDShextAutoplay\\wuapp.exe"
          ],
          "resolved_apis": [
            "propsys.dll.PSCreateMemoryPropertyStore"
          ],
          "keys": [
            "HKEY_LOCAL_MACHINE\\SOFTWARE\\Classes\\CLSID\\{7007ACC7-3202-11D1-AAD2-00805FC1270E}\\InProcServer32\\LoadWithoutCOM"
          ],
          "read_keys": [
            "HKEY_CURRENT_USER\\Software\\Microsoft\\Windows\\CurrentVersion\\Action Center\\Checks\\{E8433B72-5842-4d43-8645-BC2C35960837}.check.103\\CheckSetting"
          ]
        }
      }
    }
  ],
  [
    {
      "behavior": {
        "summary": {
          "executed_commands": [
            "cmd /C mkdir C:\\Windows\\SysWOW64\\nilzvta\\"
          ],
          "keys": [
            "HKEY_LOCAL_MACHINE\\SOFTWARE\\Wow6432Node\\Microsoft\\Windows\\CurrentVersion\\explorer\\FolderDescriptions\\{B4BFCC3A-DB2C-424C-B029-7FE99A87C641}\\FolderTypeID"
          ]
        }
      }
    }
  ],
  [
    {
      "behavior": {
        "summary": {
          "files": [
            "C:\\Windows\\System32\\"
          ],
          "keys": [
            "HKEY_LOCAL_MACHINE\\SOFTWARE\\Wow6432Node\\Microsoft\\Windows\\CurrentVersion\\explorer\\FolderDescriptions\\{1AC14E77-02E7-4E5D-B744-2EB1AE5198B7}\\PropertyBag"
          ],
          "read_keys": [
            "HKEY_LOCAL_MACHINE\\SOFTWARE\\Wow6432Node\\Microsoft\\Windows\\CurrentVersion\\explorer\\FolderDescriptions\\{C4900540-2379-4C75-844B-64E6FAF8716B}\\RelativePath"
          ]
        }
      }
    }
  ],
  [
    {
      "behavior": {
        "summary": {
          "files": [
            "C:\\Users\\comp\\AppData\\Local\\advapi32\\NlsData0013.exe:Zone.Identifier"
          ],
          "keys": [
            "HKEY_LOCAL_MACHINE\\Software\\Microsoft\\Windows\\CurrentVersion\\Explorer\\CLSID\\{9C73F5E5-7AE7-4E32-A8E8-8D23B85255BF}\\ShellFolder",
            "HKEY_CLASSES_ROOT\\CLSID\\{7007ACC7-3202-11D1-AAD2-00805FC1270E}"
          ],
          "read_keys": [
            "HKEY_LOCAL_MACHINE\\SOFTWARE\\Classes\\Wow6432Node\\CLSID\\{20D04FE0-3AEA-1069-A2D8-08002B30309D}\\ShellFolder\\RestrictedAttributes"
          ]
        }
      }
    }
  ],
  [
    {
      "behavior": {
        "summary": {
          "files": [
            "C:\\Users\\comp\\AppData\\Local\\prevhost\\regapi.exe.2.Manifest"
          ],
          "keys": [
            "HKEY_LOCAL_MACHINE\\SOFTWARE\\Classes\\Wow6432Node\\CLSID\\{20D04FE0-3AEA-1069-A2D8-08002B30309D}\\ShellFolder\\QueryForInfoTip"
          ]
        }
      }
    }
  ],
  [
    {
      "behavior": {
        "summary": {
          "files": [
            "C:\\Windows\\Setup\\State\\State.ini\\"
          ],
          "keys": [
            "HKEY_CURRENT_USER\\Software\\Microsoft\\Windows\\CurrentVersion\\Action Center\\Checks\\{945a8954-c147-4acd-923f-40c45405a658}.check.42"
          ]
        }
      }
    }
  ],
  [
    {
      "behavior": {
        "summary": {
          "executed_commands": [
            "\"C:\\Users\\comp\\AppData\\Local\\sti\\authz.exe\""
          ],
          "write_files": [
            "C:\\Users\\comp\\AppData\\Local\\dnscacheugc\\msrd3x40.exe"
          ],
          "resolved_apis": [
            "user32.dll.IsProcessDPIAware"
          ],
          "keys": [
            "HKEY_LOCAL_MACHINE\\SOFTWARE\\Classes\\exefile\\ShellEx\\IconHandler"
          ],
          "read_keys": [
            "HKEY_LOCAL_MACHINE\\SOFTWARE\\Classes\\Wow6432Node\\CLSID\\{20D04FE0-3AEA-1069-A2D8-08002B30309D}\\ShellFolder\\RestrictedAttributes"
          ]
        }
      }
    }
  ],
  [
    {
      "behavior": {
        "summary": {
          "executed_commands": [
            "\"C:\\Users\\comp\\AppData\\Local\\dfscli\\slcext.exe\""
          ],
          "write_files": [
            "\\??\\PIPE\\efsrpc"
          ],
          "keys": [
            "HKEY_LOCAL_MACHINE\\SOFTWARE\\Classes\\CLSID\\{2227A280-3AEA-1069-A2DE-08002B30309D}\\{B725F130-47EF-101A-A5F1-02608C9EEBAC} 10"
          ]
        }
      }
    }
  ]
]
